time,buffer_temp_high,buffer_temp_medium,buffer_temp_low,vehicle_tank_temp,vehicle_tank_flow,precooler_temp,pressure_state
0,-2.3704462951485143,-1.8071164104828237,-1.377032691038364,-0.7769632783356499,-0.001576612607069463,1.4967251967608073,MEDIUM
0,0.20601258910755224,0.13540279550003856,0.3662177308068538,0.22275322925701174,0.574105569768214,-1.2031097929642973,MEDIUM
0,1.0243761012486405,-1.1208077304126032,-1.3357014402601393,-0.7990329099460551,-0.00013228090413108096,0.4773816760201508,LOW
0,1.2115131605363143,-1.7742047806146204,-1.3328542147642817,-0.7217542891035073,-0.00020961900586560328,0.8203826878747172,HIGH
0,0.3963457955876795,0.5397146823321011,0.6865068831817723,2.128806103429271,0.0022351976195959843,-0.31231683693715634,HIGH
0,0.31670774237088045,0.5000769355795329,0.6888328591247663,-0.698711680821547,-0.00025780228808474373,1.1581000692712269,HIGH
0,0.3617833824329927,0.535412537659714,0.7951489551045933,-0.7612554508682333,-0.00027084512072277376,1.0077784156264973,MEDIUM
0,0.12863222795139737,0.289004162473406,0.631864717827519,-0.32120036704393834,0.5091915662507241,-1.293332390447789,LOW
0,0.08980752098445793,0.6160425817323684,0.4570236572322171,1.15115656399426,0.05443410801546153,-1.1475017971024855,MEDIUM
0,0.36784282621575826,0.32644247804815546,0.6238964696729736,0.19442082321744047,0.001883821177720006,-0.20464338090244252,LOW
0,1.2077861546696365,-1.7718306746222052,-1.330166152312031,-0.799687216614869,-0.00010401005078372097,0.4416950966186672,LOW
0,0.403746111144521,0.5549892031766229,0.4719383408740949,1.1547910035995246,0.002422063103899787,-0.3802740848040671,MEDIUM
0,0.5074222651888152,1.225337356152705,-1.0858561736913055,-0.710791673201385,-0.00023164376853674346,1.1228177456243822,HIGH
0,-2.504179989192792,-1.8075248433994628,-1.3775809453785335,-0.7801107502534609,-3.309887426735902,0.5994408886415041,LOW
0,0.40626035375727404,0.5805606755741074,1.6480616453065207,-0.764040619194135,-0.00022878850490869502,1.0244957585227386,MEDIUM
0,0.38079693528491426,0.5518838088589832,0.9532829861808553,-0.7623497306411336,-0.0002731140328727953,1.0207783152651133,MEDIUM
0,0.13365005233220434,0.6086424372609207,0.4591696151865898,1.1524501994047271,0.0046651004199814656,-1.0103596280365643,MEDIUM
0,0.18089366413983343,0.03959742660447006,0.9395417800082471,1.5404757850134692,0.5718838316739332,-1.1974207131104007,HIGH
0,0.22213059577954844,0.4312731632328108,0.6322477996612358,-0.692645894360702,0.0032227404971541286,1.139388600789852,HIGH
0,0.5001025119770802,1.1191127734750734,-0.6887077074046636,-0.7904100974904927,-0.00018659684289397863,0.7668501214813013,LOW
0,0.20593863398040585,0.13053012310280615,0.3666914804374433,0.22647235102199872,0.5733179438812159,-1.2029209149712397,MEDIUM
0,0.49626322230295977,1.0289381965162139,-0.40771620011448256,-0.7100093020234991,-0.0002418771779510437,1.1415951924393883,HIGH
0,0.18080688458950864,0.03165928064653557,0.9432663857976775,1.5430156342926011,0.5707645885315568,-1.1973746901589757,HIGH
0,0.18089635100024246,0.03966684906513118,0.9395528073677636,1.5404065081269556,0.5719001486676859,-1.1974228625426842,HIGH
0,-2.5041797909868175,-1.8075246281340045,-1.3775806564198894,-0.7753141989501805,-0.01500412951023871,0.4966949655845445,MEDIUM
0,0.5028950859293195,1.1699945432672862,-0.8660411390182619,-0.7905797728641999,-0.00017952044171665784,0.7617534723917498,LOW
0,-0.09406132305027318,0.6334851986226336,0.7811348486909854,1.99062065201248,0.47595828481468505,-1.1848223571730627,HIGH
0,-0.014409804062267134,0.6401073668980601,0.4382127783888529,0.9242478243209389,0.47692003925798093,-1.1862140734631088,MEDIUM
0,0.8055346081557474,-0.5163488706567398,-1.340130061481099,-0.719326824764735,-0.00023997165066996096,0.906360355048962,HIGH
0,0.007336777150858063,0.1813016702372867,0.5152065915421026,0.2044479890919945,-0.0002665508781769389,0.5644976957380989,LOW
0,0.2060153452043086,0.13548509367404413,0.36620044272196467,0.222616275219943,0.5740919214701196,-1.2031178401430958,MEDIUM
0,-0.015342762136437893,0.6409996477028981,0.43825516110507867,0.9246916423167946,0.4769254618283535,-1.186195596190685,MEDIUM
0,0.2059475890024004,0.1309737539058584,0.3666332903554556,0.22601912600120544,0.5733150142500046,-1.202943420058456,MEDIUM
0,-2.5040322333530676,-1.8073643702924285,-1.3773655364978388,-0.7876829300735932,-0.0029236635127858285,1.6046165182403285,LOW
0,0.09077398398869505,0.6158759615903501,0.4570810053801825,1.1512591320608085,0.049438494253583834,-1.1442955027203887,MEDIUM
0,1.208676803174107,-1.773991954513177,-1.3327491713565243,-0.7217317851033795,-0.00021024233112568953,0.8214473019212812,HIGH
0,0.1808901453817872,0.03948840647366777,0.9395324566208034,1.540566808320405,0.5718590862961842,-1.1974179350400898,HIGH
0,0.4177227659157887,0.32049433975791464,0.6293375202109178,0.19155800719296917,0.003454727197765093,-0.7264135612939239,LOW
0,0.39062706837607714,0.5655580230793757,1.1636919098458416,-0.7844614280605888,-0.0002702178820417948,0.8469591312851826,LOW
0,0.5064387512639623,1.243315773284519,-1.140661293317354,-0.7908008790337104,-0.00017017320029557608,0.7545882888989355,LOW
0,0.3696129882138213,0.5419439488427017,0.8433882202669933,-0.7617035512276326,-0.00027247579105730576,1.012844427747103,MEDIUM
0,-0.012031830651101187,0.6164931138227138,0.7456916380715641,2.1254555474084427,0.11848443349980343,-1.169647054853011,HIGH
0,-2.504182116540188,-1.8075271538465292,-1.3775840467755567,-0.734826169501339,-0.00021522934588633376,0.07379083438565653,HIGH
0,0.40442733358752175,0.5780018839803693,1.5661474611431858,-0.7638988281169574,-0.00023692101770506118,1.026474336982067,MEDIUM
0,0.208919892064538,0.4202724037346347,-0.06980158897294221,0.608007023598763,0.755075010742495,-1.1985482249780857,HIGH
0,0.41072796340166307,0.5648701476661773,0.46963473376245723,1.1543186541044124,0.0027606542008946906,-0.49481227568765107,MEDIUM
0,0.5092913483512379,1.286378423338659,-1.3111384745066024,-0.7109294374631724,-0.0002291946771473355,1.118741960941088,HIGH
0,0.5089421915815083,1.2704435772347336,-1.2371052288928455,-0.7702345526932113,-0.00019123679245324312,0.9394902930351511,MEDIUM
0,0.21322061460284122,0.24890834952604807,0.6319186892330093,-0.4228227812731988,0.07889570578747132,-1.3496251812752846,LOW
0,0.4030719858348145,0.5448751690939044,0.6901946784843456,2.128657545326086,0.0023924185369846194,-0.36587404608332,HIGH
0,1.1195719579644303,-1.419445181324407,-1.3353444622736506,-0.7214142210792637,-0.00021445414878044363,0.8363030262184152,HIGH
0,0.19629566506988003,0.26581256624006905,0.40720800104739563,0.5894773393568449,0.5227333500916437,-1.1861957241415766,MEDIUM
0,-2.5032827902356076,-1.807413556097079,-1.3774315603900762,-0.7757725580774781,-0.0018600041453148174,1.268554783984583,MEDIUM
0,1.2093358407421964,-1.7731909388892568,-1.331516720781971,-0.7804064776848137,-0.00014353557156185844,0.6327716943284167,MEDIUM
0,0.403974513656001,0.5766097379509564,1.5398931628281243,-0.704233952746832,-0.00024961009173455375,1.202255426670711,HIGH
0,-2.213746034284298,-1.807067077032277,-1.3769664689556769,-0.7781801893000871,-0.001436249979421412,1.35540575767443,MEDIUM
0,-2.504180339321689,-1.8075252236637693,-1.377581455821125,-0.7348539540426267,-3.936718515836628,0.07356384035695746,MEDIUM
0,-2.504180339325128,-1.8075252236675048,-1.377581455826139,-0.7348523994703906,-0.00018540913741115487,0.07355702991025986,HIGH
0,0.2947880652045538,0.3155413737376418,0.6325155070042568,0.1892319792017804,0.027948683150561957,-1.122614119603465,LOW
0,-0.016317675028100886,0.6421102491716022,0.43830993489561554,0.9252689079865942,0.4768887757696122,-1.1861720717517996,MEDIUM
0,0.4062422127884264,0.5805352453978821,1.647444217412974,-0.7640393379561699,-0.00022885522833033617,1.0245149182967441,MEDIUM
0,0.4137171853111032,0.5626791602800758,0.4701397929461156,1.154421951827852,0.00268782118647052,-0.46942276817666556,MEDIUM
0,0.21001748484211857,0.4212788017595684,-0.08428513952349792,0.5558114300380707,0.7642635188063054,-1.2028949898995756,HIGH
0,0.4957363837977261,1.0209956614089941,-0.3798265946027097,-0.7693450328293989,-0.00021770715006465412,0.9625440440721941,MEDIUM
0,0.18735242025939092,0.30017142099714317,0.4107080008985003,0.6139015639594606,0.8645090311179835,-1.1481087770524734,MEDIUM
0,0.12897962280605177,0.2888840181744881,0.6318401431471128,-0.3227927768810983,0.50926722616608,-1.2936336878586217,LOW
0,0.31606045909252206,0.48882187899926854,0.6524656066364475,2.1302811025064328,0.0008879467134522057,0.17139529158808559,HIGH
0,0.5088474556498102,1.2704428643591494,-1.2412768463027997,-0.7108968584017166,-0.00022978457860817775,1.1197144949806344,HIGH
0,0.3648229846917477,0.537916172369624,0.8118335683757072,-0.7614293934452124,-0.0002715508840176382,1.009677581846843,MEDIUM
0,-0.014058629096585147,0.6398133152120288,0.4381989397016899,0.924103289349555,0.47691619450567974,-1.1862201432558255,MEDIUM
0,0.4205846872897834,0.3198115447798441,0.6298280774126804,0.19129879982162243,0.0036134888141327206,-0.7771442633965708,LOW
0,0.21960684174942924,0.43370732757912794,0.6352353094031942,-0.775590869900804,0.0015663824713400877,0.7929657103610166,LOW
0,1.210012291812419,-1.7732234227745778,-1.3315369024881556,-0.7804105109857914,-0.00014328577811828679,0.6325689036663742,MEDIUM
0,4.263050142396613e-05,0.6341858332225669,0.4371012261633938,0.9103649092732292,0.4789852227352291,-1.186895549322787,MEDIUM
0,-2.489656635059281,-1.8073277883207244,-1.3773164311883948,-0.7760144761250987,-0.0017377329721071327,1.4559790192062672,MEDIUM
0,0.05307761969862926,0.3612865304559777,0.8411548637672193,1.8068682670409921,0.5136383638330512,-1.1929302576310528,HIGH
0,0.1808947273257258,0.03962626534826345,0.9395459265238186,1.5404483597856056,0.5718904562775874,-1.1974215618041197,HIGH
0,0.41899659293991093,0.3195647161117976,0.6300073420842123,0.1912060098422629,0.003668843279679478,-0.7953925241713867,LOW
0,1.2115946999658949,-1.773266144849492,-1.3315942498811755,-0.7804217198353133,-0.00014269638724542994,0.6320058995901892,MEDIUM
0,-0.09595032553566289,0.6341354929278313,0.7809398358709685,1.9913323585129958,0.4756480071862678,-1.1848044901500314,HIGH
0,0.1553357734022253,0.2865358124170251,0.6318642357649628,-0.35634281709868065,0.5135447554523979,-1.295453408596347,LOW
0,0.21644600467400105,0.42742041914303874,0.3421756625501489,-0.3453665740735171,0.6587716134643976,-1.3053741171930975,MEDIUM
0,0.36929502013114096,0.5453007054136899,0.8575713497818859,-0.7833427477622561,-0.0002813133697459256,0.8351617202286139,LOW
0,0.18082005596789225,0.03312504277738764,0.9422718368465534,1.5426118332405947,0.5708098314429785,-1.197378413727001,HIGH
0,-2.491126097955708,-1.8075280178121684,-1.3775852065080174,-0.7348075691598039,-0.00021817013916903272,0.07455051347654172,HIGH
0,0.5095656252161428,1.288381251245434,-1.3096571572838562,-0.7702778823962139,-0.00018979931772090584,0.9381705190827051,MEDIUM
0,0.8842347649268171,-0.7387024277011801,-1.3377145965692876,-0.7982874123217427,-0.0001652298831317425,0.5122508646029492,LOW
0,0.4088886861938266,0.32182411179222503,0.6284137930411052,0.1920725680182699,0.0031461461299396826,-0.6270335899314602,LOW
0,0.18079463772750654,0.03052905180042687,0.9442087958149111,1.543388459468114,0.570807384035068,-1.1973711070507067,HIGH
0,0.483657253672383,0.8797980308799023,0.04768698458015609,-0.7092195324286688,-0.0002487819746047469,1.152966440309222,HIGH
0,0.21376480621514485,0.2541910509374263,0.6322070551713879,-0.4327215481465031,0.5275892390501078,-1.363647559377499,LOW
0,0.19267518835314756,0.35722761178690554,0.30764421756509497,1.1905919615444152,0.638144347260811,-1.132924418886783,HIGH
0,0.21026567062425922,0.42150160210417176,-0.08534634747809569,0.5430176450926681,0.766454830155921,-1.2037937215661108,HIGH
0,0.5049531530775118,1.173787076337824,-0.8881551949669427,-0.7699550043287318,-0.0002002832947765813,0.9476857974033057,MEDIUM
0,-2.504179806138791,-1.8075246445901005,-1.3775806785095048,-0.783748080962048,-2.367090480406269,0.5693799062421403,LOW
0,0.5089094245752467,1.274494405286821,-1.2621960654133515,-0.7109010678090614,-0.0002297984759804694,1.1195889038225684,HIGH
0,0.008586473736951305,0.6126589606597846,0.7426331574390388,2.1269111220549535,0.017577087021893867,-1.105776599355797,HIGH
0,0.20591685028568876,0.1302095530251832,0.36683564934800666,0.22759097814259385,0.5734954003640224,-1.2028624045167504,MEDIUM
0,0.4054703264882962,0.578673287244121,1.6090070437615935,-0.7043571630586903,-0.00024647105773394274,1.2007506327682085,HIGH
0,1.2097409193378248,-1.7741503619650578,-1.3327811666342382,-0.7217387764461137,-0.00021001486233111736,0.8211163042372669,HIGH
0,0.20600540963098704,0.13512696776999314,0.3662628288469861,0.2231103470184959,0.5740499532956213,-1.2030902058856368,MEDIUM
0,0.4920851404044144,0.9971313572577944,-0.2992008921718971,-0.7899463110001103,-0.00020482053220190164,0.7789826175612237,LOW
0,0.1970315584643661,0.40952355349560343,0.13232069224829712,1.0681158075399209,0.6692888340073582,-1.1884517721590815,HIGH
0,0.2221204975419514,0.43126552562684517,0.6323427028766221,-0.692184854055771,0.06898549365069512,1.14214380492441,HIGH
0,0.2102878646196338,0.42152013954507506,-0.08550673313440295,0.5417341759388571,0.7665864034718999,-1.2038790954222711,HIGH
0,-2.4823807746879014,-1.8075283623537244,-1.3775856689986634,-0.734801303305404,-0.0002183409540334678,0.0749070537439571,HIGH
0,0.13974845746835154,0.28856348445725477,0.6318032757485263,-0.3272990131125491,0.5098761162692858,-1.2943984351439604,LOW
0,0.19513200113476703,0.28867898865107366,0.41031961930411703,0.6091460916396848,0.17524428222707358,-1.1996128648459083,MEDIUM
0,0.19342190903766995,0.3949238132764084,0.23139459164047363,1.1641979360846488,0.8613140720575535,-1.1980683068104327,HIGH
0,-2.504180339321689,-1.8075252236637693,-1.377581455821125,-0.7348583570288,-5.5230944507054645,0.07358542994211736,LOW
0,0.3535513744733594,0.5287969374103094,0.7599949667927786,-0.7607832012403093,-0.00026883453808014605,1.0031137702257953,MEDIUM
0,0.22211958120190595,0.43126478766279597,0.6323474583875662,-0.6921116699250024,0.07345070253564064,1.1423392894783875,HIGH
0,-2.0669122953870134,-1.806140915497317,-1.375723248684847,-0.7919996017326209,-0.0020099135571339773,1.6701463348851808,LOW
0,0.14243146199591797,0.3755509780724587,0.4153590994879307,0.6646795053451825,0.5092144631656106,-1.1361649945297323,MEDIUM
0,0.2101264378632353,0.42137751494026254,-0.08344248291068733,0.5502857340858619,0.7651296176122665,-1.2032968118370981,HIGH
0,0.16913375528307126,0.3286442304638673,0.4118599484326173,0.6273395939600459,0.49841254853783834,-1.0789372123037344,MEDIUM
0,0.10641769312682431,0.6132350792254558,0.4579275073166013,1.1520851449790963,0.012815189897717997,-1.090871647370334,MEDIUM
0,0.1288878523355174,0.28890141995302754,0.6318433778549967,-0.32255884973573545,0.5093070324135796,-1.2935901241710037,LOW
0,0.16809393796366087,0.28404394032150526,0.6318976741783717,-0.3788466389186609,0.5158497040986091,-1.2899331114709962,LOW
0,-0.10753457198586887,0.6441596892429748,0.7798798781122476,1.9954307911585378,0.47505668966023973,-1.184727806844527,HIGH
0,-0.013965306965519298,0.6397383532052855,0.43819541175434296,0.9240664595402117,0.4769152447839634,-1.1862216931034164,MEDIUM
0,-0.1020610024891605,0.6376873708737095,0.7805672850617636,1.9927710434643477,0.47544448946180795,-1.1847736951265784,HIGH
0,-2.504032233350501,-1.8073643702896418,-1.377365536494098,-0.7876829300787143,-0.0029236637456289878,1.6046165275350988,LOW
0,0.20589402559214448,0.1299813073538897,0.36699143556165637,0.228792827839512,0.5734973459535246,-1.2027980034726657,MEDIUM
0,0.4122172724405039,0.5644630958085134,0.4697295121767335,1.1543377981324303,0.002747657131261252,-0.49008976926180037,MEDIUM
0,0.21174484176957437,0.3104366347284117,0.3241567580944045,-0.09331475227921668,0.6159634603477251,-1.2184318129585836,MEDIUM
0,-0.011336087065763967,0.6379703433224725,0.438109776804444,0.9231720265181789,0.4769243288445448,-1.186259783706644,MEDIUM
0,0.09159593022822514,0.3560040239391385,0.4397365261761333,1.1595193059776658,-0.00026460092484693784,0.598728660156607,MEDIUM
0,0.071629492825185,0.3388825934987662,0.5667638075039102,2.1283564221133835,-0.0002643484531431136,0.6068966263281848,HIGH
0,-2.300211549923265,-1.807084707817685,-1.3769901353993614,-0.7774967967312276,-0.0015141375328890168,1.4358993261156452,MEDIUM
0,1.2079317884594887,-1.7722011245195195,-1.3301691615582116,-0.7996877222509171,-0.0001039688439688651,0.44166632926236327,LOW
0,0.5123908638980031,1.2521870492936162,-1.3121201344223816,-0.7111554991296478,-0.0002292660544024369,1.111982941754046,HIGH
0,0.4089408267891234,0.5843364759729245,1.616675867525553,-0.7642179927436598,-0.00022868550673524598,1.021840704991537,MEDIUM
0,0.2152303827844286,0.4264234398525255,0.2842419688893796,-0.28064170775176744,0.6474915064076329,-1.295927301764953,MEDIUM
0,-0.06707817314282674,0.594242321914074,0.7915793141350941,1.9544288974978787,0.482434952294183,-1.1859191862987395,HIGH
0,1.202985835685308,-1.735486792948409,-1.3327126005489391,-0.721723888290368,-0.0002103314996632837,0.8218214188584818,HIGH
0,1.103894754061194,-1.367276806446669,-1.3333032018437714,-0.7993813296083684,-0.00011543635748651817,0.4588757127204703,LOW
0,-2.504180339321689,-1.8075252236637693,-1.377581455821125,-0.734852430746889,-5.519509977523131,0.0735569363524633,LOW
0,0.2217468449600439,0.43176423115859325,0.6333947859627406,-0.7527033078216095,0.07549361184296927,0.9713888634113252,MEDIUM
0,0.500428921565038,1.1248405916557018,-0.708198050900355,-0.7904297246532525,-0.00018578321156758286,0.7662760890866595,LOW
0,0.5094865994537406,1.2879062057416146,-1.3112049732563478,-0.7109438646355476,-0.00022898350414768067,1.1183104759707976,HIGH
0,0.39935033521731883,0.5417189120999885,0.68793053767485,2.1287479946210013,0.0022963825611527016,-0.3331334738965662,HIGH
0,1.1914550784037354,-1.6683120150425317,-1.3315640814394725,-0.7803864258646954,-0.00014272097300659943,0.6337794365686324,MEDIUM
0,0.5074123096195874,1.2857427060285842,-1.3079963333784,-0.7908610163821559,-0.00016718864150508785,0.7525585645281367,LOW
0,-2.504180339324566,-1.8075252236668944,-1.3775814558253199,-0.7355480789922431,-3.987094439663118,0.10437159109582607,MEDIUM
0,0.08255670111963764,0.6173385934203175,0.45656514050641894,1.1499096242360367,0.11656621942058697,-1.169393217216055,MEDIUM
0,1.151024097662827,-1.5288731896949987,-1.3328626834209876,-0.7802587325535029,-0.00014662056143340668,0.6401763780335864,MEDIUM
0,0.39172304879301606,0.5619813877361469,1.1390704613426752,-0.7033539756799072,-0.0002621107586991637,1.2007472484797763,HIGH
0,0.41541702548277126,0.3208551264561158,0.6290918806502522,0.19169457360482708,0.003371713053811628,-0.699846351036125,LOW
0,0.38189196196433534,0.5529114083583834,0.9678886905629596,-0.7624140779920934,-0.00027293310395100394,1.0215572665547041,MEDIUM
0,0.39864155195603096,0.3232281160501006,0.6273293897301369,0.19266394940409481,0.002803447000548715,-0.5154578631360759,LOW
0,0.1921267774497005,0.33863287674769404,0.34616704777101,1.2106461373115796,0.6340410995608888,-1.1335855326349096,HIGH
0,0.1953489781443319,0.28794550970754057,0.4102729940634667,0.6090342237096835,0.07831844962398034,-1.2007599715117963,MEDIUM
0,-2.4978503514059973,-1.8073677316315657,-1.377370048545462,-0.775901233526322,-0.001781700381028432,1.388121157574873,MEDIUM
0,0.1343869630329262,0.288739016028079,0.6318155557519476,-0.3247594437943383,0.5092990689735765,-1.2939833744890576,LOW
0,0.2059471880481909,0.1309484634351254,0.36663589023450455,0.22603939247167434,0.5733138135621118,-1.2029424261157606,MEDIUM
0,-0.09402251332608622,0.6334795361004907,0.7811423696489987,1.9905940498503802,0.47596622784753084,-1.184823072214437,HIGH
0,0.1935742215289536,0.4064937358935919,0.20813190111865704,1.1599171201837162,0.09065949421333867,-1.2613349483630056,HIGH
0,1.1825153155790993,-1.6423635891699846,-1.3303221516989605,-0.7996613987903325,-0.0001027419212585756,0.44316019536202267,LOW
0,0.1813727140235204,0.05069854824896442,0.9361652552600124,1.5284050703742569,0.5745578355650613,-1.1977470318579244,HIGH
0,0.009284543754181532,0.3003124025822538,0.4114146371331356,1.159093104739,-0.0002669190575576454,0.5819454738805656,MEDIUM
0,-0.014039367435086823,0.6397977401873641,0.4381982067893826,0.9240956376991337,0.47691599504771126,-1.1862204651404424,MEDIUM
0,0.180793929178256,0.030471839465142325,0.9442628565689086,1.5434099402612356,0.5708118563431941,-1.197370881730968,HIGH
0,-2.5041803393222706,-1.8075252236644017,-1.3775814558219739,-0.7351644365458551,-5.675120475438516,0.08405041599997769,LOW
0,-1.1110375634853278,-1.804639732790742,-1.3737081566079408,-0.8020918333805639,-0.0007419983073063748,0.46418208393973076,LOW
0,0.21446419968392091,0.42496850807422776,0.1258286895265261,0.2546555427605645,0.8110767869374305,-1.2235526656153444,HIGH
0,0.22211222609301937,0.4312587894343114,0.6322731554768553,-0.6913581834544563,0.11132158716267233,1.1421921742285361,HIGH
0,0.5022228636902764,1.1573341936854815,-0.8209560071783456,-0.7905385470503737,-0.0001812417403583713,0.7630204802200363,LOW
0,0.37847806795812267,0.5534846000943374,0.9499886845363953,-0.7838090464789317,-0.0002807723996034421,0.8408994213815023,LOW
0,-2.5040322323547692,-1.8073643692082029,-1.3773655350424432,-0.7876829320650549,-0.002923640165658366,1.6046201326093863,LOW
0,0.2132756803836269,0.3654697316230833,0.30949087384555135,-0.18639790877136242,0.6292979945785256,-1.2285516902959759,MEDIUM
0,0.22110639785448627,0.4304347688660725,0.5565835202831074,-0.4340166495317381,0.8918419555035414,-1.268708918734392,HIGH
0,0.28212770106870994,0.31493461404565715,0.6326091217141551,0.18694234838774532,0.11489867817582856,-1.169033209030367,LOW
0,0.1289795998503319,0.2888840202539179,0.6318401435295228,-0.3227927488910919,0.5092672300490905,-1.2936336826768928,LOW
0,0.21332312156597963,0.2490491159825749,0.6319718309337551,-0.42357604064644266,0.10910167970562445,-1.3579277480576422,LOW
0,0.13669211672284232,0.38602133055690135,0.416285309384018,0.6743925033949596,0.5089547286984287,-1.1484252837756705,MEDIUM
0,0.34931596782082824,0.5247360349762616,0.7446578655433761,-0.7007508198531542,-0.00026008887667228447,1.1697444413382108,HIGH
0,0.22208008434608897,0.4312324915333129,0.6313713376610965,-0.68400691791549,0.2755540874033163,1.0079770619496804,HIGH
0,-2.5041800923776734,-1.807524955465413,-1.377581095808729,-0.7725697012727394,-1.3436243398885273,0.5136709566174229,MEDIUM
0,0.1761394571327318,0.41149346978742507,0.46620135766540416,1.1597056199460962,-0.00023416543439238807,0.6029909211815767,MEDIUM
0,-0.005473288709115702,0.6353556823650419,0.43788666443550184,0.9206370615179904,0.47751349133940013,-1.1863747855966649,MEDIUM
0,-0.014112209088416691,0.6398569291657511,0.43820099187244843,0.9241247155200305,0.47691675761472585,-1.186219242211156,MEDIUM
0,0.0767762272404802,0.31563845152613,0.8514612868522027,1.7810367832028933,0.5187959589336594,-1.1864635927587721,HIGH
0,0.4039961316113016,0.555161337843357,0.47189846709631544,1.1547826648390698,0.0024279319254036764,-0.3822598382038324,MEDIUM
0,0.22858231380596505,0.30889814340898925,0.5991085093865548,0.20033034547788647,-0.0001578037549613581,0.5637513087003906,LOW
0,0.4044746489617225,0.58264286891641,1.65281280140757,-0.7853395807737722,-0.00022165925954126825,0.8422554421710721,LOW
0,0.18079203204791452,0.030323020434646915,0.9444070663154001,1.5434674002490647,0.5708246210594292,-1.1973702656285043,HIGH
0,0.40660829527516446,0.5810479628140025,1.6568815414318738,-0.7640644995857061,-0.0002278674486294619,1.024137432366579,MEDIUM
0,0.1953431642427407,0.2880058687007554,0.41027801127246594,0.6090424155014952,0.08702257893310995,-1.200671271526938,MEDIUM
0,0.21431821424425937,0.425678096747046,0.260659676193191,-0.25037066121974855,0.09514508173567626,-1.3336683533575497,MEDIUM
0,0.21431854593677546,0.4256793562004317,0.2606575080660164,-0.25037316972539403,0.09351160428600168,-1.3336844251857143,MEDIUM
0,0.22202272972776468,0.4311855756426683,0.628033375055828,-0.6560232855204052,0.5695516998728583,0.2896427579522182,HIGH
0,0.40377880938592886,0.5816679706534067,1.625201770657119,-0.7852940679562793,-0.00022514340537301277,0.842993351865525,LOW
0,0.4066792473283089,0.5811473200275338,1.6576478659974465,-0.7640692437848168,-0.00022779424827328173,1.0240660927008147,MEDIUM
0,-0.005435271199513092,0.6353556622676423,0.4378818874769182,0.9205747052559266,0.4775227464313736,-1.18637779386393,MEDIUM
0,-0.08686086378703677,0.6450598072106049,0.7686690910595706,2.0382115629190896,0.4673256995298443,-1.1829091851327707,HIGH
0,1.158484911274757,-1.5607076955544383,-1.3311276328608186,-0.7995970998739292,-0.00010573890846747166,0.4468044521419528,LOW
0,-1.468062743004093,-1.8068462960614267,-1.3766701066387226,-0.7847344481466212,-0.0007226694663871069,0.6222330668062872,MEDIUM
0,0.21955784186226085,0.4326794767389651,0.6352184060140231,-0.7718503457035663,0.39078151802634153,0.7724027777506496,LOW
0,0.20446550339442984,0.1519887163566442,0.3753619812934441,0.29564625310258397,0.564424669750705,-1.19788431437544,MEDIUM
0,0.2214983196245026,0.43075599276313964,0.5864944992709403,-0.49439171576489616,0.8994674649163531,-1.2361008410237695,HIGH
0,0.36961298821381733,0.5419439488426973,0.8433882202669521,-0.7617035512276326,-0.00027247579016699845,1.0128444277470996,MEDIUM
0,0.2195406212402988,0.4320097348639016,0.6352112659013933,-0.7690447788045583,0.5015207826678884,0.7314668270987393,LOW
0,0.4130826019439146,0.32120832292737733,0.6288498554024851,0.19183001573973688,0.0032901357941153256,-0.6736281384827087,LOW
0,-2.5041803393225335,-1.8075252236646866,-1.3775814558223565,-0.7348524155956717,-0.00018545683358351902,0.07355702514085685,HIGH
0,0.0033847088378654113,0.6470589599096987,0.44500444134001427,1.0024787211108588,0.4673034381749594,-1.1827804888918307,MEDIUM
0,0.36994081264616113,0.5414886698617377,0.8436024487734011,-0.7020098474502539,-0.0002626964163923475,1.1826057115678197,HIGH
0,0.18133134399924417,0.049753269174738594,0.9371089570527278,1.5294322556337239,0.5744058594535866,-1.1977239686074543,HIGH
0,1.1831249571124722,-1.6442988529944755,-1.3303121325578544,-0.7996622930892912,-0.00010273878747002675,0.4431096086999285,LOW
0,0.2217464657006053,0.43176392123350193,0.6333943996391613,-0.7526907209613827,0.07696315009556062,0.9714092858826474,MEDIUM
0,-2.5040995179194354,-1.807437446005989,-1.3774636286825976,-0.7757043592220655,-0.0019238351856759258,1.1835986615447658,MEDIUM
0,-0.014263936825032906,0.6399828237339731,0.4382069155250032,0.9241865758862368,0.47691840347658254,-1.18621664322556,MEDIUM
0,-0.021372809844849777,0.6558855214156345,0.4406129534634927,0.9503717259282445,0.4738004039202454,-1.1853348928535605,MEDIUM
0,0.4040744040088733,0.5775191323941015,1.5500934916980016,-0.7638712230213145,-0.0002383977968675953,1.0268069259531585,MEDIUM
0,-2.5041803393225455,-1.8075252236647,-1.377581455822374,-0.7352243358606757,-3.971707785814882,0.08323613214330956,MEDIUM
0,-0.09394719886138926,0.6334714194120689,0.7811586804119454,1.9905364786183182,0.47598180743923524,-1.1848246323652865,HIGH
0,0.6747583223670041,-0.05750281683616116,-1.3364180114180972,-0.717636160262374,-0.00024164081468851795,0.942557215727014,HIGH
0,0.19343565775824378,0.3961520309704846,0.2291954845836139,1.1636547675282598,0.89175052003036,-1.2063592906405203,HIGH
0,0.5020089734050308,1.1196610062621508,-0.6983541608185865,-0.7697541007711968,-0.00020625618055182578,0.953047974187713,MEDIUM
0,0.5071060647441462,1.2680701085743211,-1.2192055640577073,-0.7908425819118561,-0.00016767636731117864,0.7531819148047897,LOW
0,0.1808578366339301,0.03743090057450457,0.9400639089397147,1.5414584249536134,0.571394449868517,-1.1973951607252642,HIGH
0,0.1748521975454526,0.11896192870225566,0.8913814915458386,1.688087478755787,0.5370242828117318,-1.1876368842495113,HIGH
0,-2.504180339321689,-1.8075252236637693,-1.377581455821125,-0.7348524675442532,-3.936508213092459,0.07355700267080947,MEDIUM
0,-2.5041796884078544,-1.8075245167261242,-1.377580506873045,-0.7851858098562245,-1.8287859935461583,0.5567751659029767,LOW
0,0.19311941363820623,0.2686193428990924,0.6319158971459123,-0.40900601418666127,0.4856753022165402,-1.271477229218436,LOW
0,0.16803188057920096,0.3305059751742174,0.4119597376561219,0.6283895752780082,0.5065328324661753,-1.0803561127440755,MEDIUM
0,0.30632334751623735,0.5805660300870206,0.46593109659134396,1.1536071470136198,0.003259742778573732,-0.6766670938123837,MEDIUM
0,0.22209799481871512,0.43124713699016776,0.6319693345100345,-0.6889446995355426,0.18637235710283698,1.1185784440460933,HIGH
0,0.37675120895886427,0.5269705465120752,0.6775919431133667,2.1291805841295823,0.0018593998977026523,-0.18232049363181738,HIGH
0,0.41934302746508556,0.31959204930352825,0.6299877079480622,0.191216211739813,0.003662875972507115,-0.793383544122871,LOW
0,0.48789287133144843,0.9451553667751387,-0.14148832217112628,-0.7897155743108619,-0.0002126688213587875,0.784037746419418,LOW
0,0.3990837790076142,0.5703359991989192,1.3469671151696179,-0.703858649382142,-0.0002569102236343375,1.203964377550371,HIGH
0,0.34013849077335556,0.5176537509727723,0.7220633607779663,-0.7001824584436384,-0.0002592032323742644,1.1656586508671276,HIGH
0,-2.504180339321689,-1.8075252236637693,-1.377581455821125,-0.7348603488814015,-5.524281566614601,0.07359547807974391,LOW
0,0.3991887800132324,0.5473339770822833,0.6919744859628775,2.1285880551709573,0.002463371750131602,-0.3913493750644709,HIGH
0,-2.492878058813227,-1.8071940922560843,-1.3771369661043713,-0.7879892781817931,-0.0026507628506247066,1.975434221354526,LOW
0,-2.504180339321701,-1.8075252236637827,-1.3775814558211428,-0.7349102149511523,-3.9439022012766767,0.07397655397767494,MEDIUM
0,-0.00464386825384186,0.635349402120698,0.4377685199547008,0.9190939215842783,0.47773431369172675,-1.1864498479762156,MEDIUM
0,0.1572185354738911,0.28625133809523,0.631870352450667,-0.3597808928140164,0.5139284115558526,-1.295030664471686,LOW
0,0.2285369065846833,0.4359014537825385,0.6354218356379938,-0.693061238161092,-0.00025673438771911473,1.140537696242046,HIGH
0,-0.014749780985665028,0.6404123257715597,0.43822716786812416,0.9243982731530676,0.4769235542459731,-1.186207779723969,MEDIUM
0,-0.020854298063158735,0.6558149773154768,0.4407341355352437,0.9517387271391994,0.47363425845982937,-1.1852814079847442,MEDIUM
0,1.1840385560364064,-1.6465023448592342,-1.3328924484807112,-0.7216991968258933,-0.00020955004556141098,0.8229886252998144,HIGH
0,0.48656827646094397,0.9300285062320462,-0.0957123470272954,-0.7896439463525027,-0.00021490619065504522,0.7854926445808693,LOW
0,0.21385017581793925,0.3905054923874773,0.29737544783552683,-0.22195784257070328,0.638127572315512,-1.2466121806429162,MEDIUM
0,-0.10198652554458185,0.6376275021259581,0.7805725741604507,1.9927504487331407,0.47544205893852964,-1.1847741059052292,HIGH
0,0.19964681319431912,0.4261561838784404,0.4720437296644998,1.1596399184557884,-0.00019228414668131578,0.589127894694255,MEDIUM
0,0.12896261548220803,0.2888857056910945,0.631840453634645,-0.3227700629177267,0.5092704688734773,-1.2936294802599417,LOW
0,0.1420378494824417,0.19140284130389562,0.8788931377182579,1.7103903512872478,0.5224664875172133,-1.0875930073470916,HIGH
0,0.222120054053926,0.4312651692104911,0.6323455193248353,-0.6921499279427361,0.07116215128376203,1.1422431929225045,HIGH
0,1.1757239247157922,-1.6208020099948526,-1.3304673861122347,-0.7996493301417255,-0.00010311302864167813,0.4438428635624739,LOW
0,0.23281571148733649,0.4432405823217364,0.641763329119509,-0.7762894563332032,-0.0002630692207243955,0.7952698831283198,LOW
0,0.40584934465558925,0.5799835442680955,1.6319095738345863,-0.7640105128183938,-0.00023051860182308679,1.024942900062627,MEDIUM
0,1.2115835946107667,-1.7742079521056344,-1.3328584719718732,-0.7217551759143139,-0.00020960200109922908,0.8203407768914222,HIGH
0,0.1751255498457488,0.28246565524039907,0.581465608986868,0.20147970233083484,-0.00025155339746681246,0.593841640093672,LOW
0,0.18083184222639634,0.03454430434361485,0.94144558462327,1.5422488298914991,0.570934459918955,-1.197382355624745,HIGH
0,0.21424582347810842,0.4202434979075504,0.267569420855273,-0.24743707562707726,0.8548289433160889,-1.311239921091284,MEDIUM
0,0.5089327461172052,1.2698588028965454,-1.2345849930977304,-0.7702339379478453,-0.0001912363905800998,0.9395090140219303,MEDIUM
0,-0.09388770061969641,0.6334685538145842,0.7811739404032988,1.990482729986416,0.475994311834236,-1.1848261045053283,HIGH
0,1.208690391803068,-1.7740276546951195,-1.3327494530990438,-0.7217318470509201,-0.0002102402282328838,0.8214443679628657,HIGH
0,0.2912020714703477,0.31538240658995376,0.632548756427195,0.18888206755317796,0.04054878520349085,-1.1366190186422682,LOW
0,0.5711888930686063,0.6285989089314316,-1.3244536124378052,-0.7736818603406487,-0.00020470016250809069,0.8392876299194915,MEDIUM
0,0.17930767569452377,0.04112781705222878,0.9456504046205109,1.5830806393599108,0.5622010728933584,-1.1948131508749846,HIGH
0,0.5073641379240563,1.2843991142462334,-1.303919587440781,-0.7908579451644031,-0.00016740639228999946,0.7526624212423437,LOW
0,0.06779680282003274,0.3329327804075788,0.84753688292166,1.7907855432647144,0.5169473978692137,-1.1899764347047017,HIGH
0,0.20590344318333895,0.13006671189139826,0.3669265964696137,0.2282934295564772,0.5735289908465111,-1.2028249439076821,MEDIUM
0,-2.504180339321689,-1.8075252236637693,-1.377581455821125,-0.734852503071588,-3.9365132904665563,0.07355711243309673,MEDIUM
0,0.2741898682289489,0.3143814747180695,0.6326418473486355,0.1798424135515632,0.39964675132043376,-1.17993072832521,LOW
0,1.0756021501066158,-1.2719653322561189,-1.3356475717967236,-0.7798949870927389,-0.00015935207926960211,0.6578106982381534,MEDIUM
0,0.37346275291411574,0.5445336092885636,0.8721665982400626,-0.7022231032348712,-0.0002631246436424668,1.1853966561637612,HIGH
0,-2.5041803393232245,-1.807525223665437,-1.3775814558233639,-0.7353668467297813,-5.7560794477352175,0.100739025205766,LOW
0,0.16704693194544568,0.2843221284622521,0.6318957051770251,-0.37710041382711657,0.5156331231940493,-1.290622806171315,LOW
0,0.16311742787735287,0.275672232147393,0.5770520981895368,0.20170873337477985,-0.0002572144110620964,0.5937952745286382,LOW
0,0.26675313321464184,0.46668183798851354,0.48124351388953424,1.1588129533364557,0.00017667635050547413,0.443149527478484,MEDIUM
0,0.39364451323425237,0.564058803459799,1.1853469934271397,-0.7034806527482137,-0.0002612308224049627,1.201998026102741,HIGH
0,1.1983011227464633,-1.7074307403133162,-1.3301370351702984,-0.7996783386346954,-0.00010387579252147312,0.4422002474295996,LOW
0,0.21431975632429895,0.42568191222238533,0.26065265408973115,-0.25038200444051995,0.08959608921090477,-1.3337337538347205,MEDIUM
0,-2.5041798687523666,-1.8075247125927938,-1.37758076979199,-0.7751791249777545,-0.29844759443334007,0.4966987300532961,MEDIUM
0,0.16780819479882625,0.4010576268952354,0.6028390520323684,2.1306691495951156,-0.00021644781160308314,0.6049868524997615,HIGH
0,-2.504180339321689,-1.8075252236637693,-1.377581455821125,-0.7348549740745174,-5.5210605379742566,0.07356995548310559,LOW
0,0.3963333951227384,0.5477727286089397,0.6922910724804197,2.128575549402957,0.002475294451257281,-0.39590597555349827,HIGH
0,0.5091592120360312,1.2835405595994525,-1.309444104734959,-0.7702492433916007,-0.00019095099095048438,0.939042890925184,MEDIUM
0,0.3167704862718058,0.32763917386971464,0.6173427275068923,0.19711751721149276,0.0007369058312882036,0.2129236520591813,LOW
0,0.25090476147950164,0.31685626941935857,0.6050121489390311,0.19971542856175853,-4.647718819768231e-05,0.5201837273302666,LOW
0,0.20063073318085403,0.42070882449044655,0.6135588445474591,2.1310699190871754,-0.00012834926365968896,0.5719863140397122,HIGH
0,0.14281836662036007,0.2926705018181041,0.6327272436615414,-0.27225036774259015,0.5017692697577997,-1.277536667654077,LOW
0,0.4999168785933918,1.0851063976755801,-0.5867110393704514,-0.7102546705230487,-0.00023889438838757584,1.1365650506218343,HIGH
0,0.4158281660332137,0.31941671622793427,0.6301116929497161,0.19115127500643123,0.003700272621421808,-0.8061845855748445,LOW
0,0.5064721451550566,1.2054395517518794,-1.0095706063036392,-0.7107212447801554,-0.00023260636573252535,1.1248315864350926,HIGH
0,0.40066684051546203,0.5528720821475183,0.47242387185288437,1.1548937427146164,0.002350292485295719,-0.35592123970414324,MEDIUM
0,0.38444377840209976,0.5687698569327079,0.46871893555423083,1.1541358789538418,0.002883312553294929,-0.5400951969826365,MEDIUM
0,-2.504180339322311,-1.807525223664445,-1.377581455822032,-0.7351760238113559,-5.680092275144788,0.08479962682767184,LOW
0,-2.504180339321689,-1.8075252236637693,-1.377581455821125,-0.7348524286105729,-0.0002579590906140156,0.07355693513273022,HIGH
0,-0.005627209929473562,0.6353691440704418,0.43790114991291545,0.9208251794005387,0.47747964241343005,-1.186365767344218,MEDIUM
0,0.18804258996506032,0.21740358404809512,0.5964156803481394,1.3436596035754438,0.6126400908284081,-1.186448553593391,HIGH
0,0.40658228261220064,0.5802346868200717,1.6537400936891773,-0.7044444354967178,-0.00024408077289421172,1.1994798461179152,HIGH
0,1.2117321711961855,-1.7732708346074424,-1.3316005451136261,-0.7804229295612859,-0.00014264376473100294,0.6319451816254367,MEDIUM
0,0.210289357839464,0.42152137576860693,-0.08547998393315483,0.5416465637962166,0.7665959902822463,-1.20388478857698,HIGH
0,0.21428862377165148,0.42454167687530375,0.26227890616196314,-0.24985768675487685,0.3446074593252933,-1.3297931516697958,MEDIUM
0,0.4519671788450261,0.6849206818206823,0.7932439852686609,-0.7668194721600539,-0.00024206851074937916,0.9923863361257989,MEDIUM
0,0.1849645724392563,0.2756477466354707,0.6319142526929074,-0.40184764339377776,0.519317356149492,-1.2752037955780786,LOW
0,1.2085514961665857,-1.7735789833012618,-1.3327471272505163,-0.7217313415515608,-0.00021025728714371464,0.8214683099992414,HIGH
0,0.21015134720547762,0.4214000880312015,-0.0830802900785957,0.5490184533693417,0.765464919863882,-1.2033771498666048,HIGH
0,0.1290769909279514,0.28887711460735477,0.6318388757522605,-0.32288571357079204,0.5092555083845169,-1.2936508529658193,LOW
0,0.7189595813674442,-0.2387893722761672,-1.3356710031283046,-0.7969460453796486,-0.00019472376271374283,0.5611458453424513,LOW
0,0.20594024107051753,0.1305839036047235,0.3666810129183445,0.22639088231408164,0.5733121493759896,-1.2029250205438322,MEDIUM
0,0.29201704469124623,0.47425520656405995,0.6435410345293455,2.1306437583864795,0.0005842196979708321,0.28799835371075977,HIGH
0,0.4064286854728665,0.5800195129262128,1.6494556233369877,-0.7044332516200718,-0.0002443230383549531,1.1996477219361517,HIGH
0,0.1965916400616971,0.26183374033682394,0.4062437552162947,0.5795373224806847,0.5242250013789888,-1.1863193834360675,MEDIUM
0,0.03762917668236183,0.6332607038867718,0.4504900692928981,1.0725428919465834,0.45833977186400887,-1.180356826405492,MEDIUM
0,-2.5040995168340263,-1.8074374448271457,-1.3774636271001934,-0.7757043626623692,-0.0019238323015039205,1.1836033411646958,MEDIUM
0,-2.5034774166579368,-1.8074165985971204,-1.3774356444483993,-0.7757639680924864,-0.0018669490987673586,1.2587118614797963,MEDIUM
0,0.17489535430067904,0.6017110099462968,0.46086966373037747,1.1527345190305787,0.003954248198586559,-0.9204600788136694,MEDIUM
0,0.37632175027940584,0.5470638731642439,0.8993331626629236,-0.7023963774721135,-0.00026341173410033766,1.187776803188198,HIGH
0,0.20541010379879582,0.3040878047022793,0.6329376633298313,-0.05970192893737398,0.47022047191706834,-1.1855618872664258,LOW
0,1.2114390158716657,-1.774201616656691,-1.3328499676686236,-0.72175340243859,-0.00020963668726846083,0.8204245944056243,HIGH
0,0.18775191176003186,0.2093671915842246,0.6129341890219603,1.3524420038983243,0.6109354154512247,-1.1881926549361361,HIGH
0,0.13901223021795828,0.2886102167819121,0.6318025222312268,-0.3265837320002975,0.5097399655985307,-1.2942852566769487,LOW
0,0.4132764117603356,0.3211793037873127,0.6288699194451747,0.191818797565555,0.003296859969680661,-0.675794478404834,LOW
0,0.5095840468243373,1.2884647191233174,-1.30966326185152,-0.77027916342393,-0.0001897764315808219,0.9381314980146067,MEDIUM
0,0.37540612157457,0.5469840754609474,0.8927798190785506,-0.7620365436128342,-0.0002732137413746517,1.0169000887231556,MEDIUM
0,0.30891370793190676,0.4985142676560422,0.6865326692487486,-0.7802832103176053,-0.00026690481255389666,0.81012083457385,LOW
0,0.21424794409554926,0.4204871810420996,0.2673004379528172,-0.24760044980452645,0.8372697424100513,-1.3126262527636539,MEDIUM
0,0.43515373676653085,0.6327353275320724,1.1127759473915282,-0.7063301400354837,-0.0002486528739228872,1.1756228210555306,HIGH
0,0.48686280350821626,0.9333395059578514,-0.10574504115939656,-0.789659823140201,-0.00021441941926342282,0.7851748053067636,LOW
0,0.5022228636902683,1.1573341936853587,-0.8209560071779155,-0.7905385470503702,-0.00018124176873116237,0.7630204802200498,LOW
0,-2.504182121193382,-1.8075271590845583,-1.3775840538067534,-0.7348261285362283,-0.00021524181218833034,0.0737918921248543,HIGH
0,0.17790904005798874,0.06648444500865922,0.9275178976583138,1.6168475267055897,0.5541131290385445,-1.1915707420978803,HIGH
0,0.40589150731509804,0.5792650031564471,1.628387618931479,-0.7043917442055304,-0.00024549124598875765,1.2002599202948208,HIGH
0,0.21322138557506637,0.24890835938628947,0.6319189290759408,-0.42282567289747586,0.07698633849919174,-1.3496703458837032,LOW
0,0.3907205632472467,0.5678452711246154,0.4689364967790229,1.154178625178777,0.002854160636872199,-0.5293677545988174,MEDIUM
0,0.2221189673710457,0.4312642905451832,0.6323465352157343,-0.6920603949571931,0.07641395565018805,1.1424504450484172,HIGH
0,0.42762256028347867,0.6157237850342218,1.2551049862143897,-0.7058525401922928,-0.00024747334730362705,1.180723021549634,HIGH
0,0.21951596604699525,0.4309209785141559,0.6352000224247237,-0.7643020391801213,0.5452211696498042,0.6398813912896413,LOW
0,0.20593093936853246,0.13039071761214846,0.3667418946573397,0.22686425850933611,0.5733796938776125,-1.2029006545142715,MEDIUM
0,0.17425461333552064,0.13875605336775618,0.8846747640118542,1.694018480285854,0.07763002408004278,-1.2062961900180593,HIGH
0,-1.8772423626698198,-1.80843762876796,-1.378806210335236,-0.7342778392339825,-0.00020626224803313735,0.11531562424034573,HIGH
0,-0.10870336058498027,0.6526930538957454,0.776275863913431,2.0093024292545265,0.47266606827626384,-1.1844864357114662,HIGH
0,-2.50401074897361,-1.8075273482968943,-1.3775843077933452,-0.7348240855038981,-0.00021582588026017506,0.07384841752971398,HIGH
0,0.40031388857139305,0.5718507957445293,1.3908076340257174,-0.7039493155576463,-0.0002554405480002777,1.2039314510101504,HIGH
0,0.18087890724849479,0.038995014585445124,0.9395758084563833,1.5408631969681363,0.5717436745574113,-1.1974094273559737,HIGH
0,0.001850832558450842,0.6329746584214049,0.43684525534996166,0.9070158080081491,0.47946585241153283,-1.1870754852314969,MEDIUM
0,0.10246878064589668,0.6138980441964698,0.45772652943209685,1.151967375695977,0.01719378756890932,-1.1042373844920446,MEDIUM
0,0.13813609155122245,0.3825087869557051,0.592376095733861,2.1300805816331083,-0.00024912478998815604,0.6138189908998437,HIGH
0,0.19894230296844892,0.295238065228641,0.5898308627546424,0.20100424712929485,-0.00022930810495436915,0.5890123784602616,LOW
0,0.22174535691591699,0.43176301312085136,0.6333883731638513,-0.7526525040442419,0.0818339439531834,0.9714702524856035,MEDIUM
0,0.5089690137381604,1.278576517027919,-1.28707778771371,-0.7109052457593212,-0.00022978203953072252,1.119464283030015,HIGH
0,0.1290174565849013,0.2888809963041323,0.6318395878220893,-0.32283345484773257,0.5092618300954269,-1.2936412105723682,LOW
0,0.22266587959695136,0.4401691570534606,0.47654703415023925,1.1594750938687481,-0.00011514906110898208,0.5597280915967817,MEDIUM
0,0.18072695954614443,0.026978934917854636,0.9486032480710768,1.5453981981194944,0.5708292040197316,-1.1973391965599196,HIGH
0,-2.5041803393235638,-1.807525223665806,-1.3775814558238586,-0.7354094575127349,-3.981783331980281,0.09397280329558645,MEDIUM
0,0.37480265592067025,0.5501355768782427,0.9078403186334227,-0.783620963673728,-0.00028143085486927817,0.8386140893543632,LOW
0,-2.503961212708164,-1.8073505804833798,-1.3773470259362435,-0.7877080775766911,-0.002885511885055185,1.6489278775549292,LOW
0,0.4395199384058277,0.6440286977072754,1.0305013216240297,-0.7066016332688194,-0.0002493308579701086,1.1730101850611665,HIGH
0,-0.014061582019151898,0.639815707770029,0.4381990522847448,0.9241044647460248,0.4769162252281107,-1.1862200938149743,MEDIUM
0,0.19204824577367666,0.3361041488249727,0.35141668295528256,1.2134852978945174,0.6336103914028387,-1.1346006514922893,HIGH
0,-2.5041797805816635,-1.8075246168332846,-1.3775806412505223,-0.7753149478795637,-0.0032150115012902266,0.4972500822444701,MEDIUM
0,0.18034048351908283,0.02354382329882053,0.9563968247880891,1.5564141419223547,0.568401550494815,-1.1969735600113898,HIGH
0,-0.09386713106675917,0.6334684933907961,0.7811799610747711,1.9904615444396183,0.47599870822448104,-1.184826688745769,HIGH
0,0.5077538106906846,1.2899936912892034,-1.3081215059020304,-0.7908824214916318,-0.00016603425892992035,0.7518352378502129,LOW
0,0.4050933815937889,0.5781468558017853,1.5912884640355343,-0.7043258554133014,-0.0002473125744822813,1.2011729835405136,HIGH
0,0.19356839287340194,0.40646148123178444,0.208521334689281,1.159940211720544,0.11327588768254512,-1.2612341184175628,HIGH
0,-0.09031029394548738,0.6331291612243023,0.7825426117438866,1.9856876853279382,0.4768544997800247,-1.1849613240180148,HIGH
0,0.32392920082859644,0.3166241656198917,0.6320438620716278,0.1901446054338143,0.005070269837848322,-1.0185655988827675,LOW
0,0.9290817715151656,-0.8554750561251797,-1.3387625115734134,-0.7790619819533049,-0.00018775553539716858,0.6931700184742989,MEDIUM
0,0.003669914612060447,0.6135474150553135,0.7433455570697897,2.126767810224656,0.02626571811650394,-1.1218303983609461,HIGH
0,-2.5040322311086594,-1.807364367854845,-1.377365533225782,-0.7876829345507599,-0.0029236196472997573,1.6046246440505783,LOW
0,1.2105227133165155,-1.7741708038225095,-1.332808606482038,-0.7217446722384772,-0.00020984432888628314,0.8208373629685222,HIGH
0,0.5721198522933566,0.6171632780917966,-1.3261333307265146,-0.7146183273795313,-0.0002349291940532649,1.014197647151781,HIGH
0,0.40647850461706464,0.5808662481592513,1.6544034434597243,-0.7640557273670271,-0.0002281149096272949,1.0242692676970984,MEDIUM
0,0.5073972410484507,1.28549046442477,-1.3079869555007013,-0.7908600590802439,-0.0001672573833197692,0.7525909351935468,LOW
0,-2.5041821165823652,-1.8075271538923365,-1.3775840468370455,-0.7348261691432244,-0.000215229436377196,0.07379084361960338,HIGH
0,0.19565549714440886,0.27766317083221465,0.40927902208613987,0.606647022963117,0.18412542615571004,-1.2041817251428297,MEDIUM
0,0.38715206330285545,0.5572688164109764,1.0466076917373333,-0.7030618124589334,-0.00026332200945497616,1.197178638463462,HIGH
0,0.1480113137755164,0.18087713248254558,0.8804426381044805,1.7060639510489293,0.5155261291332633,-1.0791638734175293,HIGH
0,-0.005970060702588898,0.6354425298515678,0.4379235464156919,0.9211095726927709,0.4774113498662849,-1.1863523095971018,MEDIUM
0,-2.398320479513071,-1.8067898090473713,-1.3765942820678878,-0.7888878669039986,-0.002437909178166075,2.077177782370738,LOW
0,0.42058510661993814,0.31987266319620816,0.6297831592786817,0.19132197672855378,0.003599388530117752,-0.7725938505473549,LOW
0,0.4062629555945979,0.32219767079360045,0.6281384575396061,0.1922243098117871,0.003056719876385655,-0.5981105403764023,LOW
0,0.39554955404765585,0.5661859270879448,1.2364453576657997,-0.703609366134882,-0.0002600642108542385,1.2030017648888705,HIGH
0,0.2142072669660971,0.41586702250213325,0.27231974179574453,-0.2443015737101635,0.8773798497525087,-1.2894783975974458,MEDIUM
0,0.44365246729343977,0.6643162346232108,0.9197337277547198,-0.7874644319029374,-0.00023675959815928438,0.8138347273488401,LOW
0,0.19034222491696523,0.2835949874741916,0.46015644330905425,1.271934427911522,0.6253123846666012,-1.1637139816551905,HIGH
0,0.18283316460024374,0.5818360517713963,0.7179490519251125,2.1277362030826428,0.003435740573948991,-0.747250980415971,HIGH
0,0.2200275634226661,0.4340109234488434,0.6354423020245138,-0.7756132119800805,-0.00026294282115970876,0.793037002752599,LOW
0,0.22174636411429893,0.4317638381406935,0.6333940292196091,-0.7526873109989759,0.07737677514421898,0.9714148240505956,MEDIUM
0,0.5090587846284645,1.283025944657524,-1.3110511024579725,-0.7109120129210799,-0.00022962950786935873,1.1192624105069204,HIGH
0,-2.504179262330436,-1.8075240539764468,-1.3775798857073436,-0.7872120330020853,-0.1846562850264322,0.5388829922693105,LOW
0,0.3920910960759698,0.5369292751869327,0.6845392434569738,2.1288873359546345,0.0021510250646421193,-0.28351673369503494,HIGH
0,-2.5041566505440205,-1.8074994960054829,-1.37754692065086,-0.7873795534316534,-0.003961119230305193,0.9055152631189926,LOW
0,0.5080619467466042,1.2398358494771742,-1.1401447000638325,-0.7108389465411472,-0.00023089078338443749,1.1214340857738276,HIGH
0,-0.023090350946246826,0.6516710210457166,0.43903448599124717,0.9330192477332867,0.4758698422714218,-1.1859092452001845,MEDIUM
0,1.2054603050370722,-1.7481791842847896,-1.3314839666941587,-0.7804007951636945,-0.00014375186049636694,0.6330575717442362,MEDIUM
0,1.2086092846761127,-1.7737859742032231,-1.332747993908328,-0.7217315278444146,-0.00021025103167931,0.8214594864300071,HIGH
0,-0.042366487741708814,0.6269948655583953,0.7540409055852607,2.0950814565921423,0.4565275910729821,-1.1799735131022373,HIGH
0,0.4069517495854128,0.5807523240050332,1.6564949892479306,-0.7044705388810542,-0.0002438861694348511,1.1990858266596913,HIGH
0,0.35633986249646865,0.3176492305471989,0.6313530573969651,0.19051716964330356,0.004079671707569227,-0.934652289467185,LOW
0,0.2188762329846484,0.4286035585456992,0.3965659321757004,-0.1472694801380797,0.864065876607035,-1.253492424724279,HIGH
0,0.4129608592610232,0.5616830560299733,0.470368157009225,1.1544691503656785,0.002653380954000427,-0.45788615837631,MEDIUM
0,0.011325382177749442,0.6121650895660647,0.7422360156504759,2.1269698407969564,0.014357610591290168,-1.096939834700067,HIGH
0,-2.503982947160944,-1.8075273575915156,-1.3775843202698528,-0.7348239475148136,-0.00021586238326202356,0.07385250061002369,HIGH
0,0.20600306444923294,0.13501815859217992,0.3662775952890911,0.22322718878309655,0.5740231040892894,-1.2030839287867505,MEDIUM
0,0.3972746653450366,0.5403274656811237,0.6869413363567672,2.128788299705391,0.002253854663590755,-0.3186770227233305,HIGH
0,0.22226730699809105,0.43214051774590295,0.6335282280583715,-0.7529826916286689,-0.00025975274648596763,0.970684936457599,MEDIUM
0,0.18088695993608878,0.03937137528950738,0.9395322100415613,1.5406497607271064,0.5718321656118409,-1.1974154670275279,HIGH
0,0.5072784631104045,1.279017787260981,-1.2712874757739236,-0.790852624883845,-0.00016761935546334825,0.752842354000309,LOW
0,0.47748571557270675,0.8255617599852959,0.2213877009127033,-0.7088525193129661,-0.0002505161856265353,1.156395432081707,HIGH
0,1.207871563249437,-1.7720911513560507,-1.3301676525422494,-0.7996874677537725,-0.00010398964403212687,0.4416808081135082,LOW
0,0.2221302511689437,0.4312729141829704,0.6322482068032387,-0.6926439239646321,0.005600657792537467,1.1394202051545919,HIGH
0,-0.005439730100022587,0.635355607705663,0.4378824907259909,0.9205825825230125,0.47752161203356996,-1.186377413467237,MEDIUM
0,0.19541732054233898,0.41763777517752365,0.611901810692083,2.1310263862324277,-0.00014710550265418243,0.5793134418213527,HIGH
0,0.21219781813084118,0.32620788653418414,0.32017449407894877,-0.12047462716783634,0.6196549660324465,-1.2198407244338527,MEDIUM
0,1.201196504341611,-1.717949238301524,-1.3314799477009114,-0.7803967636354052,-0.000143577557088232,0.6332603666308073,MEDIUM
0,0.3246530592818004,0.3278730153327418,0.6184599128739408,0.19673055446817508,0.000882699859231121,0.15766596562752255,LOW
0,0.2102213436366901,0.4214632175372014,-0.08357811172585532,0.5454350637340137,0.7662519893384308,-1.2036191328174692,HIGH
0,0.5090552902252865,1.2829654321134223,-1.3110066430595573,-0.7109117489531479,-0.0002296371234770008,1.1192702874216827,HIGH
0,0.440819594565221,0.6476614286924233,1.0059696326196206,-0.7066815849497924,-0.00024951593985809707,1.1722875871317826,HIGH
0,0.02926565646774588,0.6089261927544504,0.7396160207021449,2.127174880170291,0.0059028076117320335,-1.0432295423959836,HIGH
0,0.28450619370796787,0.46976017667912995,0.6408589349754682,2.130743600613841,0.0004984007064712778,0.3215268666343349,HIGH
0,-0.014061561882185578,0.6398156914500218,0.4381990515168024,0.9241044567284722,0.47691622501850883,-1.186220094152213,MEDIUM
0,0.42054044459970624,0.3199086847315188,0.6297565947436534,0.19133567222151598,0.003591027555332493,-0.7699062625556683,LOW
0,-0.014710196069545616,0.6403756934271115,0.4382254357791882,0.9243801526574253,0.47692318902316694,-1.186208536235267,MEDIUM
0,0.21320599190687514,0.24892066740891694,0.6319173395168928,-0.422804327002131,0.09640545240636707,-1.3493378502755136,LOW
0,1.1598137180348829,-1.561347394163429,-1.3324785465219564,-0.7802982075967397,-0.00014526658568528208,0.6381996395576173,MEDIUM
0,-2.504180339321689,-1.8075252236637693,-1.377581455821125,-0.7348527266204922,-5.519692056019539,0.07355842904128121,LOW
0,0.4030342202092468,0.5753483138121752,1.4987665364265286,-0.7041584971955437,-0.0002513428630680573,1.2029494822035853,HIGH
0,0.5091481678629365,1.2832509576468496,-1.3086697652825252,-0.7702484536390589,-0.00019099478403257592,0.9390669440054298,MEDIUM
0,0.11571186705503093,0.4244701089267661,0.41969027844684614,0.7097361395594841,0.5067197004902348,-1.1789700936454626,MEDIUM
0,0.12894740501695434,0.2888876045523532,0.6318408034104678,-0.32274450697637647,0.509274366442541,-1.2936247396706815,LOW
0,0.4504793195044371,0.6880564311502826,0.788525890634169,-0.7878102551013095,-0.00023740826986210528,0.8100964385847587,LOW
0,0.1944620811526729,0.2899805339642224,0.41037671318380103,0.6094196203174368,0.35257949621735235,-1.1969098165449377,MEDIUM
0,0.08696595729908346,0.616538760792839,0.456850572979585,1.1507859403807703,0.07271434288831595,-1.1566442716328227,MEDIUM
0,0.06502320882529791,0.6024673075013479,0.734374203350763,2.1273271697365725,0.004078373693163694,-0.9605603611850597,HIGH
0,-2.5041821166229505,-1.8075271539364148,-1.3775840468962133,-0.7348261687986318,-0.00021522952674035014,0.07379085250494558,HIGH
0,-2.504180339321689,-1.8075252236637693,-1.377581455821125,-0.7348535678405429,-5.520206553006876,0.07356339645144414,LOW
0,0.22226639249989477,0.4321398574672324,0.6335277759727956,-0.7529826364813508,-0.00025975274812895346,0.9706847753914357,MEDIUM
0,0.21477428849764593,0.43539477769776064,0.47514988832705884,1.1595440750469566,-0.00014633835399882353,0.5718535003171213,MEDIUM
0,0.3280442775450858,0.5085132588047254,0.7018877181012174,-0.6994263217728689,-0.0002583442293630806,1.1613538309711098,HIGH
0,0.5090524387601285,1.2829095681642522,-1.3109054135827645,-0.7109115336356773,-0.0002296433302333113,1.119276712402044,HIGH
0,0.31570003166834604,-1.7920965315229576,-1.356870961919348,-0.7850119244682925,-0.00016820276506994744,0.39217693345041826,MEDIUM
0,0.21845458588735817,0.3952572941225017,0.6346670995307162,-0.6528214493416884,0.5246106633252496,-1.0505167395799466,LOW
0,0.5079628276459404,1.2374172389743716,-1.13142276432829,-0.7108316476703987,-0.00023102627226900826,1.1216490975161755,HIGH
0,-0.0841773821668901,0.6276965651024274,0.7849166889887721,1.9774439673304522,0.47835858097879713,-1.1852023541022698,HIGH
0,0.5078360882282257,1.2904192796434906,-1.308149084039085,-0.7908875081871973,-0.00016590720434876276,0.7516634770685534,LOW
0,-2.504180339321689,-1.8075252236637693,-1.377581455821125,-0.7348524285681088,-0.0002462405247258897,0.0735569514235271,HIGH
0,0.12897958290329806,0.28888402178932565,0.6318401438118955,-0.3227927282238201,0.5092672329164107,-1.2936336788508005,LOW
0,0.5073846143921269,1.2851972641937675,-1.3073307273995407,-0.790859256539475,-0.00016731529916274093,0.7526180738417001,LOW
0,0.14706644906406469,0.18253820651116262,0.8802172128295402,1.7066785009115897,0.5152826275321791,-1.0802100383838098,HIGH
0,0.3036086697501308,0.4946170979054277,0.6821319751395851,-0.7800077951326656,-0.0002662290249046128,0.808827430143248,LOW
0,1.1659334838237767,-1.5867465026703549,-1.3334204342639224,-0.7216445127897443,-0.00021053944784177764,0.8255671697994192,HIGH
0,-2.5040322333220675,-1.8073643702587603,-1.377365536452645,-0.7876829301354733,-0.0029236640649001723,1.6046166305377452,LOW
0,1.0246452336322995,-1.1184385781673776,-1.3370750766030675,-0.779626812350916,-0.00016901364836067494,0.6699972914434617,MEDIUM
0,1.0134291710938974,-1.0861326078366966,-1.3373440863983728,-0.7795652577257526,-0.00017119565322737892,0.6726972697832299,MEDIUM
0,-2.504031950269647,-1.8073640626648775,-1.3773651235582027,-0.7876834950078517,-0.002922688540657331,1.6056412037485572,LOW
0,1.2126671960954933,-1.773322055167789,-1.3316693003323459,-0.7804358720733753,-0.00014224646830168612,0.6312959747557293,MEDIUM
0,-0.09098395403794328,0.6332930509542073,0.7822833855952629,1.9865930535690106,0.47669332702894585,-1.184935495990512,HIGH
0,0.17771398486121628,0.06992021566226055,0.9250680275674923,1.6214690272352197,0.5530038058359668,-1.1911813387107324,HIGH
0,0.18088460846667564,0.03927356684826619,0.9395380032262705,1.5407114615203987,0.5718093549592259,-1.1974136741491002,HIGH
0,0.40276993372466,0.5757686026682034,1.4930969924921573,-0.7637708456495712,-0.00024346588266942562,1.0278408459287531,MEDIUM
0,0.4280468986406443,0.6166125180191039,1.247050623398914,-0.7058797638988717,-0.00024754203031366337,1.1804159434955126,HIGH
0,0.3574968341311354,0.5354819067581206,0.7855909589902597,-0.782752426124475,-0.00027881339228763184,0.8282441625619196,LOW
0,0.40257724981437737,0.5463087136709421,0.6912314458571662,2.1286169324856137,0.0024347620738641162,-0.3807200660372359,HIGH
0,-2.5041802727982203,-1.807525151414661,-1.3775813588385226,-0.7650325163525701,-5.270307773846749,0.7661853229101465,LOW
0,0.2742996894793665,0.469043235330356,0.6589941379885971,-0.696008601529459,-0.00025695521851388153,1.1489446654748745,HIGH
0,0.509115787499115,1.2818150205139887,-1.3017147779333007,-0.7702461167800171,-0.0001911140062100234,0.939138113939256,MEDIUM
0,-0.007826945172383172,0.4789091351907348,0.8154656573527278,1.8773935678939324,0.49815018020453616,-1.1900808171734123,HIGH
0,1.2057732656021982,-1.7596894410429715,-1.3301461732694122,-0.7996844538791177,-0.00010418435461336759,0.4418523210650815,LOW
0,0.2219905288222792,0.4311591690253179,0.6253421687590527,-0.6357709165794997,0.7509875561357743,-0.0551097215436588,HIGH
0,0.41203422041563037,0.5888901152040714,1.5561044294499768,-0.7644190710067049,-0.0002300566976980757,1.0189257004710586,MEDIUM
0,0.18848875429023745,0.413534497157971,0.609681077630967,2.1309580942305937,-0.00016941695051993173,0.5879246388474257,HIGH
0,-2.5041797445204383,-1.8075245776682887,-1.3775805886779258,-0.7845675881405043,-2.0798196051135798,0.5622313501836228,LOW
0,1.2049450340698526,-1.7497515291352113,-1.3327181734521751,-0.7217259569062382,-0.0002103585139579022,0.8217234086368975,HIGH
0,0.44385288302361947,0.6573611913338864,0.9489103768906424,-0.7663545813112039,-0.00024075790009709432,0.9965210261202465,MEDIUM
0,-2.5040322333423584,-1.8073643702807978,-1.3773655364822264,-0.7876829300949666,-0.002923664161706022,1.6046165570282946,LOW
0,0.12963441076765836,0.2888532955714433,0.6318345474812903,-0.32320663533403393,0.5092276714463114,-1.2937095762505035,LOW
0,-0.10984708908549233,0.6476354805057463,0.7793169841111139,1.9976052412922118,0.474713493049006,-1.1846998722680648,HIGH
0,0.21322109743595274,0.2489082942336816,0.6319188192727506,-0.4228243583979005,0.07756110013797593,-1.3496502084577664,LOW
0,0.8918890388154795,-0.758573804679425,-1.3403269132438265,-0.7200385987186332,-0.00023474894675203211,0.8877722395318903,HIGH
0,0.14676836594819037,0.2876931473350785,0.6318327048625504,-0.34047382388474257,0.5116205731526641,-1.295802578890213,LOW
0,0.221475038666026,0.4307369157324754,0.5846903853073442,-0.49046653244582045,0.8982601200090577,-1.241570078323669,HIGH
0,0.21423573696205037,0.4190744999994533,0.2688403437961811,-0.24662614771840963,0.9062265273029279,-1.3047531007671418,MEDIUM
0,0.40526416950211896,0.5783848953022929,1.5993156580217298,-0.7043400412330658,-0.00024693601607212395,1.2009845479944206,HIGH
0,1.2104723496621594,-1.772272360739016,-1.3302602573708675,-0.7997027012707701,-0.00010296231131126235,0.4408153559662155,LOW
0,0.40495717204863163,0.5779576290136036,1.5849074579727576,-0.7043145593794652,-0.0002476075182049688,1.201319273358994,HIGH
0,0.22213037616062908,0.43127300453331124,0.6322480171758358,-0.6926447574016373,0.004530744917472329,1.139407233833509,HIGH
0,0.18382319134826197,0.10802951420813127,0.8209935104775343,1.4658566855169173,0.5882742038420486,-1.198129297612346,HIGH
0,0.3282092177936529,0.3279272691808983,0.6189495839993778,0.1965521544183847,0.0009519497372053339,0.13167820559265003,LOW
0,0.21069301557321862,0.3049757368591521,0.632916747903676,-0.04020852986968808,0.4679787716115471,-1.182389372203328,LOW
0,0.2847666517603828,0.3245761599237899,0.6121461201702846,0.19853017733856493,0.0002624680996489001,0.39719512694273684,LOW
0,-2.504032232929284,-1.80736436983217,-1.3773655358800172,-0.7876829309190291,-0.002923652182788543,1.6046180526353777,LOW
0,0.18429025002987745,0.11943451059136737,0.7976754148769302,1.4532678691314775,0.5908620725084672,-1.1978232043368113,HIGH
0,0.5089666669902977,1.2719881735014862,-1.2442493910529528,-0.7702361328008345,-0.00019124160439256405,0.9394421721425482,MEDIUM
0,0.22175899608863117,0.4317735164707797,0.6332770130651295,-0.752951971613608,0.00155463637182335,0.9705976340574748,MEDIUM
0,0.15367887424020893,0.17109096903078555,0.8816372857012863,1.7028304370297973,0.48248041479912734,-1.0771882975374367,HIGH
0,-1.1629612311070279,-1.8076330991496694,-1.3777262610043832,-0.7327088598286792,-0.00021391012301118912,0.23324848687352134,HIGH
0,0.22816054689768756,0.4367418449018968,0.6222023317275206,2.1311604100280044,8.938804805296287e-06,0.517020070782508,HIGH
0,0.40595690767951836,0.5565130442360253,0.47158339119265696,1.1547172651608357,0.0024741908166402912,-0.397881418525329,MEDIUM
0,0.2219107956098324,0.43109382874757646,0.6182318049943034,-0.5903378405021606,0.8558046806418621,-0.6671699131183687,HIGH
0,0.20601538171599298,0.13548609407051992,0.36620021371088163,0.2226144610474767,0.5740919424378721,-1.2031179529090459,MEDIUM
0,0.4694758713692821,0.7694071203013998,0.4221246775465178,-0.7083847333452412,-0.00025148564284710353,1.1597930551838629,HIGH
0,-0.09232963451047119,0.6334672619187532,0.7817666478397283,1.988401697827298,0.4763686767618279,-1.1848842989245882,HIGH
0,0.20601538674990835,0.1354862318048671,0.3662001821367811,0.22261421092483905,0.5740919700641938,-1.2031179684877362,MEDIUM
0,0.3971480148552403,0.550459231019564,0.4729659828505245,1.1550112127189132,0.002269332181937118,-0.32833066309623177,MEDIUM
0,0.13373574710335892,0.20648026486391532,0.8761765611396735,1.7179621461061163,0.5246436239192609,-1.1037459811190238,HIGH
0,0.3923717804844951,0.5371125447035556,0.6846683731301358,2.1288819777331853,0.002156528949725817,-0.2854053647455684,HIGH
0,0.5003608545342124,1.0917334886311159,-0.6052124240807222,-0.7696443019209556,-0.00020945920004427593,0.9557807147660766,MEDIUM
0,-2.504180339321689,-1.8075252236637693,-1.377581455821125,-0.7348646581952162,-5.526828455380134,0.07362000936811093,LOW
0,0.39980311509852723,0.542030692173639,0.6881528055748198,2.128738992092175,0.0023058985299573135,-0.3363731127438792,HIGH
0,0.40854265249668453,0.5583069434302148,0.4711607219133425,1.1546307231373278,0.0025360441554985506,-0.41868156223934594,MEDIUM
0,0.20875491203861113,0.21387107325035484,0.34785778524534555,0.07900549446665223,0.5924958279900656,-1.2107215409370935,MEDIUM
0,-0.014049753370766692,0.6398061315235288,0.43819860166438473,0.9240997601877616,0.4769161023912479,-1.1862202917113374,MEDIUM
0,0.21542741805766527,0.42576315841379697,0.17993037153869226,0.1788614604902063,0.8222313096294716,-1.229480706344988,HIGH
0,0.22226733573266852,0.4321405384926155,0.6335282422634155,-0.7529826933614597,-0.0002597527288340114,0.9706849415184804,MEDIUM
0,0.2217474291812437,0.4317647071614786,0.6333924611390475,-0.7527223007379246,0.07331795171875521,0.971356914127685,MEDIUM
0,-2.50059980015135,-1.8073863949196152,-1.3773951009549474,-0.7758488510240382,-0.0018087165027707065,1.3455041464390423,MEDIUM
0,0.12885466987520167,0.28891227084014903,0.631845448691803,-0.3224135148736518,0.5093286115420194,-1.2935628894485887,LOW
0,0.2519354059619004,0.45775316308798464,0.4802275173924513,1.159086547783173,5.5371300611603016e-05,0.49172528019325157,MEDIUM
0,0.21018155054949106,0.4214274792054101,-0.08275345670417567,0.547484278397951,0.765886140021171,-1.2034750227099396,HIGH
0,0.5073559363352969,1.2839959727159507,-1.301806881825705,-0.7908574175691573,-0.0001674402066984746,0.7526802638155582,LOW
0,0.5090626519771344,1.2784293172351389,-1.2809025027668042,-0.7702423866446761,-0.00019123061938077063,0.9392517124287707,MEDIUM
0,0.48618545294389726,0.9051572527528773,-0.027268369809902614,-0.7687616274282627,-0.00023067213036287953,0.9728863886929581,MEDIUM
0,0.520704040131358,1.1485283972169638,-1.3145910513818841,-0.7117351944872312,-0.00023023027415011436,1.094870746642014,HIGH
0,-2.504180339321689,-1.8075252236637693,-1.377581455821125,-0.7348524286105729,-0.0002579614528995747,0.07355693509438947,HIGH
0,0.43342159654241624,0.6285356192087913,1.1454210940275786,-0.7062214673516509,-0.0002483866990865859,1.1767215683923054,HIGH
0,1.1643595664234914,-1.5821602675985564,-1.3308701498300306,-0.7996179429332593,-0.00010474785968639063,0.4456216124171175,LOW
0,0.7748485891691245,-0.4222560070846189,-1.3397148365675022,-0.7190215000565809,-0.0002410121840749159,0.913343847262498,HIGH
0,0.3083907093975667,0.31608321657006244,0.6323334573304078,0.1898611610905009,0.009179588031937896,-1.0705339229551216,LOW
0,0.3840288425856929,0.5316809085902342,0.6808606771520106,2.129041438029842,0.001995548147987927,-0.22982771710264804,HIGH
0,0.22174678860435204,0.4317641851420632,0.6333948707738785,-0.7527014510417014,0.075706566392367,0.9713918898999655,MEDIUM
0,0.4545246794734252,0.6948818459051418,0.7430062489510654,-0.766964553555614,-0.00024229641374489563,0.991143804044469,MEDIUM
0,-2.504180339321689,-1.8075252236637693,-1.377581455821125,-0.7348529653086674,-5.519838414626855,0.07355995396478125,LOW
0,1.2078654295877609,-1.7720749155857025,-1.3301675262864396,-0.7996874464827662,-0.00010399137849653391,0.4416820182962042,LOW
0,-2.3732756652056985,-1.806722949951351,-1.3765045346746692,-0.789102638520224,-0.0024058395609152373,2.052037083211713,LOW
0,1.2102105008676949,-1.7741622438709042,-1.3327971161480612,-0.721742214479816,-0.00020991275357101993,0.8209536243705787,HIGH
0,-2.504180339321689,-1.8075252236637693,-1.377581455821125,-0.7348524301538414,-5.519509611171854,0.0735569358789956,LOW
0,0.8399183217786758,-0.6142907251197669,-1.3390677980501786,-0.7784232029372733,-0.00020345426501389708,0.7153148422517132,MEDIUM
0,0.18088325092553095,0.03921260848451338,0.9395438561826093,1.5407472974251764,0.5717950393467346,-1.1974126501288591,HIGH
0,-2.503868009519068,-1.8074244100162482,-1.3774461300000411,-0.7757418341207055,-0.0018861900460374623,1.2322146271683743,MEDIUM
0,-0.004038127658285108,0.6353162568102715,0.4376818623726537,0.9179615829331652,0.4778962317151429,-1.1865056571469013,MEDIUM
0,-2.094379062791008,-1.8070531321264791,-1.3769477502020813,-0.7791685676645267,-0.0013255298510445465,1.2402982060663164,MEDIUM
0,0.22175832131878057,0.4317730290482908,0.6332777673305342,-0.7529503666275573,0.007310132129652837,0.9706198149219031,MEDIUM
0,0.2221294370342578,0.4312723247914219,0.6322505992840757,-0.6926347494813877,0.011779132025372122,1.1395238049043648,HIGH
0,0.22140062008791211,0.4306759337261999,0.5789841531540425,-0.47842314838079447,0.8891422182904138,-1.2572496712406052,HIGH
0,-0.08970926085042304,0.6329322418632874,0.7827741912562908,1.9848799472712544,0.4769986723625531,-1.1849844717519271,HIGH
0,0.04649617031496152,0.6058087778488261,0.7370839312708382,2.12726023074429,0.004421102989491905,-1.0000750555467788,HIGH
0,0.18393447732722187,0.4163988163820381,0.46825418820148657,1.1596930374410939,-0.00022337284966410817,0.5997694318737793,MEDIUM
0,0.40271033993961636,0.5801822764111928,1.5755258526060094,-0.7852193060623247,-0.00023103852915109504,0.8441302824381901,LOW
0,1.2108327919849247,-1.7741800343850085,-1.3328209970013767,-0.7217473058644341,-0.00020977561425466595,0.820712811977724,HIGH
0,0.5090004127321435,1.2741915946268294,-1.255657537551292,-0.7702383003414228,-0.0001912507570623942,0.9393761597002823,MEDIUM
0,1.1834511641742524,-1.6446361998621972,-1.332902038179685,-0.7216980781152735,-0.000209549087644422,0.8230413898974043,HIGH
0,0.19135689117187438,0.31440492677300735,0.3964388585713877,1.237911895372,0.6302088756000358,-1.1465826026457535,HIGH
0,0.20601442769481443,0.13545917834883195,0.36620619754741063,0.22266186429967352,0.5741013574672936,-1.2031150783776106,MEDIUM
0,0.18082418489322638,0.03361738009293718,0.9419730658747919,1.5424847675730133,0.5708448891883192,-1.1973796953271643,HIGH
0,0.6701754073968206,-0.040447557992831035,-1.3334625777654192,-0.7962991117610855,-0.00019834716700850726,0.5810740283147743,LOW
0,0.4067400581252071,0.5804556449049523,1.6566289798288496,-0.7044556922625193,-0.00024392371340764522,1.1993101021696393,HIGH
0,0.25087537203496735,0.4520580461380388,0.6466428232593561,-0.6945030419665021,-0.00025681290616696604,1.1446042477025657,HIGH
0,0.5093574640552064,1.2870572156143396,-1.3111615630530422,-0.7109343401986365,-0.00022910446438718156,1.1185953742791184,HIGH
0,0.31078655151928297,0.31617077431777557,0.632293187974873,0.18991940909042715,0.008001445147769239,-1.0618961203701345,LOW
0,1.210621549424297,-1.7732382118637533,-1.3315567544197637,-0.7804144326407277,-0.00014306039243645012,0.6323718336959282,MEDIUM
0,0.40484452547193994,0.578577616967302,1.5854462820633133,-0.7639316819511378,-0.00023511345406821186,1.0260524622666596,MEDIUM
0,0.4057844566029029,0.5791144210632359,1.6235714949708413,-0.7043830554977399,-0.00024574251478040344,1.2003852105459691,HIGH
0,-0.0868632451094004,0.631202745932706,0.7838742145763758,1.9810549733316667,0.4776939884009803,-1.1850952428030306,HIGH
0,0.402484012077137,0.5798718542501858,1.5651426651033489,-0.7852035147639885,-0.0002322316725217906,0.8443519867275349,LOW
0,-2.5041319515625844,-1.8074726711957223,-1.377510912734318,-0.7755963925725198,-0.002084548662722482,1.0182227192956106,MEDIUM
0,0.21643753428932738,0.3312718208910617,0.6336274500619038,-0.546883775570288,0.5440468616323331,-1.3633910675813852,LOW
0,0.15335922302699964,0.17165531862166275,0.8815742192402951,1.7029837322884094,0.4771435587122084,-1.0770313456956726,HIGH
0,0.21148076652362602,0.3013852137978707,0.32642586723865497,-0.07762672508764396,0.6138418237631907,-1.2177307856272064,MEDIUM
0,0.38277182662959963,0.5530048426350098,0.977045593731817,-0.7027898712373579,-0.0002636779772651782,1.193386318049705,HIGH
0,0.4046643376876402,0.5829079146257375,1.6575584871728777,-0.7853510805160181,-0.00022108464837029498,0.8420675076019735,LOW
0,0.16727432709866355,-1.7932094959686307,-1.3583649345227702,-0.8036194331197904,-0.00018358262581112295,0.20878121346843875,LOW
0,0.41350377207042094,0.5637713449372586,0.4698890936548815,1.1543703734551403,0.002724921319469079,-0.4820733971396271,MEDIUM
0,0.2196039780986815,0.43369603645233334,0.6352339194838522,-0.7755813653564242,0.01747698631713627,0.7930411813213715,LOW
0,1.179283597807292,-1.6314411038683014,-1.332982555454952,-0.7216891264706806,-0.00020961630476527384,0.8234634217525617,HIGH
0,1.18229040808951,-1.6381420975495833,-1.3316989797662706,-0.7803721385330588,-0.00014248188663982985,0.6344948951221039,MEDIUM
0,0.40297511831207267,0.5459955824342912,0.6910046756900637,2.1286257796402763,0.0024256993040923593,-0.37747695922713576,HIGH
0,0.5094956712110247,1.2879370749736392,-1.3112079578722249,-0.7109445316658625,-0.0002289779876813801,1.118290519083159,HIGH
0,0.5073855022411466,1.2852241799475168,-1.307413706373017,-0.7908593130426651,-0.00016731124284777508,0.7526161631020157,LOW
0,0.0617569255298065,0.6030550237048669,0.734850111835175,2.1273158961738385,0.00411252000111233,-0.9671759995602718,HIGH
0,0.21029275168488598,0.4215241828225145,-0.08539860319863611,0.5414471231742248,0.7666160598226356,-1.2038978349595935,HIGH
0,0.5090711105419514,1.2790057298559308,-1.284527987302157,-0.7702429634007035,-0.0001912196703041621,0.9392341477862307,MEDIUM
0,0.37459285360656974,0.5455283573782796,0.8825318724896046,-0.7022915652354166,-0.00026324481364588633,1.186328490518714,HIGH
0,0.40563538206316024,0.5796826964806837,1.6223492101785855,-0.7639940508634697,-0.0002315070348941883,1.025183541832056,MEDIUM
0,0.2192391415013677,0.42136936160896854,0.6350629336548038,-0.7250324787627709,0.45198884365488623,-0.1705282472542869,LOW
0,0.181387275906176,0.27813612217181677,0.6319125852097359,-0.3979010089488878,0.5147086448452153,-1.2785074653504611,LOW
0,0.3866547756369361,0.3246592308527017,0.6260242976193996,0.193352664029219,0.002426086647454636,-0.39006169859409073,LOW
0,0.4205121080492728,0.3199243290623798,0.6297450450099279,0.1913416269610581,0.0035873869435873477,-0.768738008842899,LOW
0,-2.5040994767837743,-1.8074374013211347,-1.3774635687004946,-0.7757044896257621,-0.00192369452420668,1.1837760125711205,MEDIUM
0,0.2411459032918221,0.3136521646141383,0.6025532317301258,0.19999845820178053,-0.00010279891317643275,0.5424396306577902,LOW
0,0.4006259872148007,0.5722409216276648,1.402368055596402,-0.7039726543976836,-0.00025503532753660756,1.2038893385290945,HIGH
0,0.0805540677475681,0.48904877034304156,0.42524735233211375,0.768283377564384,0.49971936674949424,-1.1944767424908147,MEDIUM
0,0.20601515010155153,0.13547970765562184,0.3662016664528731,0.22262596937039877,0.5740938877258,-1.2031172426672752,MEDIUM
0,0.34398704349206566,0.3172671848737036,0.6316198074021397,0.1903827900481081,0.00421393137147171,-0.9640193107140321,LOW
0,0.2120436278959225,0.3208036833658972,0.321543977646745,-0.11119336991565086,0.6183889480448993,-1.219316672143292,MEDIUM
0,0.40228613553343806,0.5796017805472402,1.556151102674304,-0.7851897589950722,-0.00023325710686458097,0.8445392404490057,LOW
0,0.222119418316987,0.4312646559094077,0.6323477262744067,-0.6920982457571804,0.07423475137351958,1.1423701090771106,HIGH
0,0.9492385206915096,-0.9116572195021535,-1.3397784338373429,-0.7204333813925319,-0.0002301249617858032,0.8753627156596177,HIGH
0,0.2221173996759572,0.43126301625775193,0.6323360334383603,-0.6919204273740748,0.08424612537682427,1.1426710442145036,HIGH
0,0.4121634054015668,0.5609707505767505,0.47053301739688946,1.1545030364815032,0.002628618500011159,-0.44962618028593326,MEDIUM
0,0.507520046853162,1.2274467135354603,-1.0939479036727826,-0.7107989220596485,-0.00023154097878496554,1.1226070690499015,HIGH
0,0.46954890888818873,0.7706403734268152,0.42151881364043875,-0.767809464094421,-0.00024132404884614922,0.9838377980934379,MEDIUM
0,-2.5040322333556335,-1.8073643702952156,-1.3773655365015798,-0.7876829300684718,-0.0029236020866107676,1.604616508945515,LOW
0,1.20874543344709,-1.774124390771496,-1.3327508491239548,-0.7217321543116615,-0.00021022977357561945,0.8214298157857454,HIGH
0,-2.504182116545805,-1.8075271538526296,-1.3775840467837455,-0.7348261694536156,-0.00021522935788149166,0.07379083561624454,HIGH
0,-0.10197952011805217,0.637621913768013,0.7805730679043189,1.992748526166181,0.47544183436771836,-1.184774144274497,HIGH
0,0.13879761660538825,0.2886192027953796,0.6318027633588312,-0.32644998396696634,0.5097063653368195,-1.2942637912554382,LOW
0,0.1719588913329364,0.3239552294148746,0.41162440127486627,0.6248064274528676,0.5353533564770354,-1.0762003830654772,MEDIUM
0,0.22263850734009857,0.431640041453377,0.632498921538477,-0.6926796025532928,-0.0002567181915926387,1.1394646024709796,HIGH
0,1.136683014802163,-1.4797505781198685,-1.3346725399225905,-0.7215017371992213,-0.00021299732122727694,0.8322709867656458,HIGH
0,0.5970035524496584,0.40314680326287483,-1.327106756384316,-0.7947665976087742,-0.00019229046172583293,0.626689103508024,LOW
0,0.4052299537613438,0.5783371396024309,1.5977061006610518,-0.7043371981491644,-0.00024701207363783147,1.2010227194351644,HIGH
0,-2.5039933962322762,-1.807428156364532,-1.3774511588594274,-0.7757311620328543,-0.001896219773731976,1.2188510328142323,MEDIUM
0,-0.10485005051477556,0.6406525721988174,0.7802897433641595,1.9938481198146056,0.47542491669262926,-1.1847532183752496,HIGH
0,0.42335380691381796,0.6136092457891067,1.302262415608996,-0.786400997261824,-0.00023051398838780122,0.8265314857104349,LOW
0,1.148666024984239,-1.5232905129867271,-1.3341744843263228,-0.7215619867622024,-0.00021200674875329067,0.8294563279515306,HIGH
0,0.31646258875685207,0.5789985438632743,0.4663031618822457,1.1536752549759532,0.003209487208619714,-0.6585732226414714,MEDIUM
0,-2.504179784335766,-1.8075246209105005,-1.3775806467235172,-0.7753148055275778,-0.0044942820906168105,0.4970394057670252,MEDIUM
0,1.2119732970105472,-1.774270644650494,-1.3329426264521205,-0.7217722055409846,-0.00020941900638479706,0.8195362619276146,HIGH
0,0.19532575326565005,0.2881081095408847,0.4102856975655911,0.6090566320718239,0.10061546237239637,-1.2005220044308615,MEDIUM
0,0.20597916277093822,0.13346106463282081,0.36642956367748986,0.224425340338183,0.5736646132185472,-1.203021757227206,MEDIUM
0,0.2087650437550392,0.42012958085407187,-0.06702606971948462,0.6150323947304923,0.7538050367487934,-1.1979452681092413,HIGH
0,0.19534920245257342,0.2879418375693846,0.41027267365999287,0.6090337293876164,0.07779228695177857,-1.2007653681798915,MEDIUM
0,-2.504180339321689,-1.8075252236637693,-1.377581455821125,-0.7348664364990012,-5.527871895676334,0.07363124558834047,LOW
0,0.11942396354252346,0.5927952087535622,0.7266013083301072,2.1275125208107335,0.003755461851337434,-0.8591674244673188,HIGH
0,1.2112031436224244,-1.7723121630081857,-1.3303136854025754,-0.7997111433360424,-0.00010264880158964013,0.4403365963403137,LOW
0,0.21431952970779045,0.42568167101341586,0.26065329443365565,-0.25038037677239344,0.08978547096821425,-1.3337266173655833,MEDIUM
0,0.5090505964251086,1.28286701039418,-1.3108091185712598,-0.7109113945725737,-0.00022964733125144617,1.1192808618966843,HIGH
0,0.0016157918065341744,0.6139202425648697,0.7436437243563441,2.1266878348903333,0.031440511163069694,-1.1285520628397265,HIGH
0,0.40646563169964023,0.580848224681193,1.6540957114291444,-0.7640548496140354,-0.00022814664138014028,1.0242824494949454,MEDIUM
0,0.2102372492825453,0.4214772071230172,-0.08424779056832722,0.5445895716329104,0.7663341392566454,-1.2036812152079424,HIGH
0,1.2118910872138275,-1.7732766387582424,-1.3316083362360784,-0.7804244217282967,-0.0001425821897663052,0.6318702979697443,MEDIUM
0,0.5090578244208538,1.2830096828606463,-1.3110473603836206,-0.7109119403883277,-0.00022963159963780593,1.1192645749392534,HIGH
0,0.08472888964864557,0.616938665327561,0.4567087810577447,1.1503987274063663,0.09202761137038423,-1.1634012252577086,MEDIUM
0,0.41119126405513323,0.5602088326360414,0.4707112687462408,1.1545394187431084,0.002602096288920076,-0.44077938279647666,MEDIUM
0,0.18079419712572198,0.030493369670524673,0.9442424244486702,1.5434018182743627,0.5708101447479743,-1.1973709672355062,HIGH
0,-2.461209465221888,-1.8072407932489924,-1.3771996545435474,-0.7762814358493494,-0.001672974094865013,1.525753012404516,MEDIUM
0,0.40200622199874386,0.5465985091503213,0.6914414288403279,2.128608756895401,0.0024430195424040052,-0.3837221751005059,HIGH
0,0.35255000072656667,0.5280061665151317,0.7565353667979178,-0.7607255773404894,-0.0002685936212251253,1.0025947060703362,MEDIUM
0,0.22169377208064225,0.4309161158838591,0.6015553282338088,-0.5303584119165549,0.8948170778629794,-1.13859828761582,HIGH
0,-2.5041716531669347,-1.8075157898962504,-1.3775687925323064,-0.7754125363341379,-0.0026425716764882394,0.6798343945466756,MEDIUM
0,0.404569141235029,0.5827749159846373,1.6554298127309286,-0.7853453478919724,-0.00022133686980755607,0.842161200401136,LOW
0,0.42041502496571376,0.3197355739215973,0.6298835782027064,0.19127010820014195,0.003630827016818491,-0.782781370253384,LOW
0,-0.013381601376259874,0.6392948560941131,0.4381744798112099,0.9238480187944477,0.4769106035389445,-1.186230912771529,MEDIUM
0,0.2221057045055216,0.4312534485355286,0.6321542708646178,-0.690414878732159,0.14594623278954325,1.1366987445330923,HIGH
0,0.4043932688696556,0.582529092483771,1.6502376193982509,-0.7853345428529666,-0.0002219834435958434,0.8423377269300826,LOW
0,0.5072292033241077,1.2756842127444885,-1.251978103779817,-0.790849779036259,-0.00016762983580845807,0.7529385963544668,LOW
0,-2.5040202321077354,-1.8074292096981892,-1.3774525727874574,-0.7757281514430553,-0.001899144169629748,1.21501182658465,MEDIUM
0,0.23895462374791718,0.309431905122212,0.632797370029106,0.06126412915200658,0.4580313951878527,-1.1787153114978777,LOW
0,0.2132214273077352,0.2489083775696353,0.6319189492491349,-0.42282591354451826,0.07697802964025277,-1.3496739008509837,LOW
0,0.4640852644102667,0.7384496753327154,0.5444371361561269,-0.7080703571140441,-0.00025149566781419827,1.1618715179288204,HIGH
0,0.40146807906205634,0.5740744880326024,1.4400036258288609,-0.7636733436103488,-0.0002479283345095156,1.0285730472152728,MEDIUM
0,0.12892925679036887,0.28889068806630247,0.6318413728672577,-0.32270301982912963,0.5092812777131179,-1.2936170289503208,LOW
0,0.4909822881382361,0.9826527826241461,-0.25502616797538485,-0.7898848091465372,-0.00020701577069660005,0.7804013166199019,LOW
0,0.20594996626321888,0.13113065366347593,0.36661788313018107,0.22589899156903379,0.573324334547633,-1.2029492991759558,MEDIUM
0,-2.504180339321689,-1.8075252236637693,-1.377581455821125,-0.7348618572504332,-3.9378054200376233,0.07359522233980882,MEDIUM
0,-0.09402685214898125,0.6334801248721844,0.7811415033880535,1.9905971118876482,0.47596533704268995,-1.184822989721337,HIGH
0,1.1845865087295913,-1.6454176951712938,-1.3316590874141792,-0.7803763180450808,-0.00014244702385500963,0.6342857247593148,MEDIUM
0,-2.504179781245027,-1.8075246175537432,-1.3775806422176202,-0.7753149262153266,-0.0033201275510531926,0.4972126031427525,MEDIUM
0,0.2191293343997438,0.41768623775177277,0.6350078457401792,-0.7120837013929485,0.46932550838852877,-0.38420268092472,LOW
0,0.20600146154746923,0.13493865980904846,0.3662877009022667,0.22330711689265925,0.5740033726465217,-1.2030796582230638,MEDIUM
0,0.8498993657437025,-0.6421402149779726,-1.3390963812463916,-0.7785018153167741,-0.0002018771768391049,0.7127838746301058,MEDIUM
0,-2.504180339323782,-1.8075252236660428,-1.3775814558241768,-0.7354586525219833,-5.789025435333939,0.11082736381746656,LOW
0,-2.504180339321689,-1.8075252236637693,-1.377581455821125,-0.7348535420695057,-3.9366605465218125,0.07356214297846266,MEDIUM
0,0.39761098901732866,0.5693292561951557,1.303043440879162,-0.7633985362436959,-0.0002581821578303264,1.0293202634442518,MEDIUM
0,0.1940060114835062,0.4068664348737471,0.18556866995568802,1.1568061243863286,0.3073080042707935,-1.2273947641967518,HIGH
0,1.2087566811792771,-1.7741280159247697,-1.3327511707326483,-0.721732225123714,-0.00021022736318837974,0.8214264621249993,HIGH
0,1.2103450622590888,-1.7723798709067715,-1.33040457217431,-0.7997248505723867,-0.00010259413436152297,0.4395597133759844,LOW
0,0.3264004965866501,0.5036624434485755,0.4806631561353778,1.1572926060805555,0.0009088842281913662,0.15845625164692734,MEDIUM
0,-0.0014443600681965168,0.6144790633979593,0.7440898327727475,2.126537381845749,0.041533240127315144,-1.1384884097165118,HIGH
0,0.3522124510327047,0.5113009839907446,0.6669718024311179,2.129644956620389,0.0014316152604049652,-0.02976351849592224,HIGH
0,0.11137546143832941,0.5942112764558646,0.7277317549021631,2.1274848433774967,0.003797113513349555,-0.8736567979890786,HIGH
0,0.4561822859473474,0.7017969948992459,0.7098958800608177,-0.7670582420269899,-0.00024238759947118322,0.9903485147200473,MEDIUM
0,1.2067656482062128,-1.7663740852472998,-1.330154618407984,-0.7996855448025619,-0.00010413205273013166,0.4417902306633168,LOW
0,0.2516538747231059,0.45040098882592305,0.6297300744131644,2.131066992386028,0.0001805130711028989,0.44775393070105296,HIGH
0,0.5090674318204048,1.283171310493422,-1.3110545326270135,-0.7109126658900342,-0.00022961075961275165,1.1192429245776319,HIGH
0,0.10163923676895387,0.5959314134123896,0.729108550981655,2.127451543451932,0.003848002959148082,-0.8913278407012227,HIGH
0,-2.5041797896042053,-1.8075246266323919,-1.3775806544042202,-0.7753143982810758,-0.011784482898765875,0.49676062754364086,MEDIUM
0,0.5091575943905277,1.2835086890395422,-1.3093845285086472,-0.7702491277808573,-0.00019095742967185247,0.9390464120504427,MEDIUM
0,-2.504180339321689,-1.8075252236637693,-1.377581455821125,-0.7348524348960821,-3.9365035409363114,0.07355694014764376,MEDIUM
0,-2.503828986562241,-1.8075274001318777,-1.3775843773733263,-0.7348233015072596,-0.00021602846344059577,0.0738720583267869,HIGH
0,0.21935375424506667,0.4252282812052712,0.6351202919701893,-0.7399727712441169,0.4464620473720523,0.11242401523686474,LOW
0,0.20596091353391074,0.1319631024560723,0.36654707027057687,0.225346083339631,0.5734106221665138,-1.2029762434532898,MEDIUM
0,0.20593877087098886,0.13053395793220285,0.3666905881651913,0.22646540764613662,0.5733173258274816,-1.202921266625984,MEDIUM
0,0.18088462140769784,0.03927413203067661,0.9395379564814597,1.5407111207080062,0.5718094873948315,-1.197413683949375,HIGH
0,0.27335481868042216,0.4706805309729392,0.48153962339194123,1.158676696827508,0.00023802628480273095,0.41870101291131345,MEDIUM
0,0.09266013255078297,0.2850397750157286,0.8584607625869005,1.7637351152546974,0.5216021523376516,-1.1754075361131302,HIGH
0,-2.5041803393251763,-1.8075252236675572,-1.3775814558262094,-0.7356492586109454,-5.846902665150416,0.1365164616005555,LOW
0,0.5049971949183727,1.2118628572911563,-1.021592414705005,-0.7907106174112931,-0.00017413650608866916,0.7575813109638001,LOW
0,0.5073911055431397,1.2853740434747831,-1.3078094004789427,-0.7908596691595635,-0.00016728558557486145,0.7526041205902636,LOW
0,1.211696591316731,-1.774213464432383,-1.332865871368301,-0.7217567123089236,-0.0002095741879096071,0.8202681718141001,HIGH
0,-0.10097859736112859,0.636886280156157,0.7806384635358119,1.9924939084462379,0.47541798601084057,-1.1847792645615223,HIGH
0,0.4160154690743506,0.5952064047373067,1.4779248591341527,-0.7646733284704442,-0.0002316597316473739,1.0154277355256207,MEDIUM
0,0.40581996602207,0.5791643648630704,1.6251813209119106,-0.7043859484576769,-0.0002456591766168858,1.2003436275351225,HIGH
0,0.507471133839091,1.226389148018847,-1.089894117362663,-0.7107952966280061,-0.00023159265571602578,1.1227125106507645,HIGH
0,-2.5040995177028864,-1.8074374457707925,-1.3774636283668849,-0.7757043599084229,-0.0019238346679664267,1.1835995951622638,MEDIUM
0,0.2226380682299361,0.4316397242674407,0.6324987042218491,-0.6926795741280959,-0.00025671824714892835,1.1394645225132722,HIGH
0,0.21321989984643552,0.24890863311445466,0.6319185458506776,-0.42282100600139205,0.08064967021902128,-1.349596785787004,LOW
0,-2.504180339321689,-1.8075252236637693,-1.377581455821125,-0.7348526723936051,-3.936537429223195,0.07355787795515457,MEDIUM
0,0.17806600360442804,0.06370645868825743,0.929503623956712,1.6131174601467309,0.5550084397009404,-1.1918979193716495,HIGH
0,0.37369904630155615,0.5250045679537763,0.6762390013953683,2.1292388444515935,0.0018036374886338136,-0.16273112914762924,HIGH
0,0.5073960730510841,1.2854704631196041,-1.30797399850605,-0.79085998483129,-0.0001672627561472637,0.7525934459465603,LOW
0,0.36647814212284413,0.5203759375658336,0.6730806792600205,2.1293762681292017,0.0016748676747805008,-0.11719303491036316,HIGH
0,-0.005462530121230648,0.6152232374853777,0.7446826048667402,2.126259420441302,0.060865467520126684,-1.1511722616377578,HIGH
0,0.3287892648005754,0.5132661632555774,0.7089309861156936,-0.7813053450902606,-0.0002711091810979086,0.8158444916920695,LOW
0,0.21960572625322097,0.4337047546466648,0.6352347622644918,-0.7755889847888965,0.007645032586012623,0.7929901234038478,LOW
0,1.2073420292037684,-1.769786484965165,-1.3301605433575832,-0.7996863482440693,-0.00010407774674281983,0.4417445076723878,LOW
0,-2.50417919938572,-1.8075239856141125,-1.3775797939420988,-0.7872342163759491,-0.006958432320808334,0.540150790815798,LOW
0,0.509156811292587,1.2834919333403612,-1.3093490029762418,-0.7702490718274929,-0.00019096054360514606,0.9390481162031928,MEDIUM
0,0.5088070153968738,1.2626008636657842,-1.2093582310314088,-0.7702252956886441,-0.0001913736254784426,0.9397721186683007,MEDIUM
0,0.38088669688405286,0.3252783002902756,0.6253845242359511,0.19368257883493076,0.002253110310377989,-0.3314248925264904,LOW
0,0.4451428616934855,0.6613861669743605,0.9244248329950827,-0.7664289971127507,-0.00024102061340145628,0.9958397779054776,MEDIUM
0,0.1932648661776973,0.38382673789286964,0.2532687867331224,1.1695043353751606,0.6244716886936389,-1.1612397848946818,HIGH
0,0.35111466620177856,0.5303874117021136,0.7600512248456359,-0.7824331166455923,-0.00027699513939149275,0.824937634536585,LOW
0,0.9731187247779604,-0.9739076517754526,-1.3381515178727288,-0.7793340433335207,-0.0001791398212040983,0.6824476048161275,MEDIUM
0,0.406389357012251,0.5568117723580063,0.47151331823916365,1.1547028323173878,0.0024844551675456783,-0.40134022095871935,MEDIUM
0,0.7075762914858287,-0.19085103421119218,-1.336541498965702,-0.7770443894275522,-0.00021719739916437056,0.7535738646534981,MEDIUM
0,0.21020513769829158,0.4214487626242931,-0.08305450141073785,0.5462781041838473,0.7661342226792206,-1.2035581709369392,HIGH
0,0.20594064625610164,0.13060017514511332,0.36667837609693876,0.22637035549405385,0.573311137170584,-1.202926048946867,MEDIUM
0,0.6596575221367691,0.0137574662145714,-1.3355353933586251,-0.7173406370213434,-0.00024118864897607506,0.9487989212997073,HIGH
0,-2.504180339321689,-1.8075252236637693,-1.377581455821125,-0.734852459165564,-5.519527519136436,0.07355699240093772,LOW
0,0.4897128080714063,0.9437954848054455,-0.1477254362969249,-0.7095898666842612,-0.000246103183118887,1.1484697978186866,HIGH
0,0.40623984681312314,0.5797546554701437,1.642869544035918,-0.7044191077611995,-0.000244698456957122,1.1998584953506177,HIGH
0,0.5098132856130142,1.2876736328762193,-1.3097370942171496,-0.7702950300918896,-0.00018971251081191138,0.9376482483509827,MEDIUM
0,0.19347564218450336,0.3999629923304029,0.22253250024650512,1.1620293074793089,0.9262580327475102,-1.2339500054765542,HIGH
0,-2.504032232462369,-1.8073643693250636,-1.3773655351993097,-0.7876829318504199,-0.0029236422685448905,1.604619743054692,LOW
0,0.509499515248337,1.2879563016242899,-1.309634961763012,-0.7702732760482665,-0.00018990603866543852,0.93831083463764,MEDIUM
0,1.2081955622809024,-1.7722102246082487,-1.330176849785468,-0.7996890169808886,-0.0001038642667885766,0.44159268078552305,LOW
0,0.5062149101118478,1.2379078873451692,-1.1210871062105328,-0.7907869559229952,-0.00017089924343324792,0.7550556466077559,LOW
0,0.22174665494624327,0.43176407594856026,0.6333948694533095,-0.7526970289479715,0.07621732194776172,0.9713990620324676,MEDIUM
0,0.426533266408124,0.6200555275030611,1.2419935174573125,-0.7865720534213806,-0.0002318249409469119,0.8243088059419984,LOW
0,0.42803379666278396,0.6174035705524161,1.2470847922269077,-0.765418902782548,-0.00023615088109074073,1.0061297891719498,MEDIUM
0,1.207403352920178,-1.770111797272816,-1.3301612347568068,-0.7996864484919375,-0.00010407029042105268,0.4417388030842574,LOW
0,-2.466133515803178,-1.8075308664880234,-1.3775890303890947,-0.7347914965211123,-0.00021820346782688897,0.07552815015481067,HIGH
0,0.2004597919269095,0.41256662348757916,0.07536615575655606,0.9551786761374119,0.6919667809572219,-1.1863407392907392,HIGH
0,0.33403673425052877,0.5172201871717713,0.7174220251837641,-0.7815721965524597,-0.0002723419615185089,0.8176750532504643,LOW
0,0.41375482945380593,0.5627746394052114,0.47011793667202645,1.1544174366348674,0.002691101736531289,-0.47052834264674953,MEDIUM
0,-0.11109712009705647,0.6520699666967483,0.7777748117124582,2.0035552383874604,0.4736895809036796,-1.1846202342103278,HIGH
0,0.17885773871362443,0.28454427089884443,0.5828184173790352,0.20140758605620115,-0.000249324002805363,0.5936457753072003,LOW
0,0.41592702466793646,0.6001075357188961,1.4447876008639058,-0.7859935179724437,-0.00022696637699364214,0.8321617007030833,LOW
0,0.20054941756681408,0.41264690897436646,0.07386204340670009,0.9519025223209137,0.6925659762644768,-1.18630890460208,HIGH
0,0.5091562317087933,1.2834788552983516,-1.3093199134492182,-0.7702490304192874,-0.00019096284684718784,0.9390493773571841,MEDIUM
0,0.4069050276330308,0.580686806223333,1.6570494966598759,-0.7044672813259555,-0.00024388064027755155,1.1991350214214145,HIGH
0,-2.5041803393944497,-1.8075252237427932,-1.3775814559272015,-0.734852284288002,-0.00018565679879864854,0.07355706333125547,HIGH
0,-2.504182116530267,-1.807527153835754,-1.3775840467610927,-0.7348261695855791,-0.00021522932682845899,0.07379083221365973,HIGH
0,-2.504180339343636,-1.8075252236876058,-1.3775814558531216,-0.734852350644322,-0.00018552431271473581,0.07355704405650755,HIGH
0,0.41000074969450934,0.559337259152818,0.4709168778005226,1.15458118731782,0.0025717811622384553,-0.43065149489599636,MEDIUM
0,0.18119741741768816,0.04668151525512339,0.9390677379177541,1.532771268149093,0.5736291652962082,-1.1976415133335794,HIGH
0,0.21416419748118465,0.4115228991469877,0.2770814348375166,-0.2410771754721117,0.7660836532461951,-1.2727567939924083,MEDIUM
0,-2.50418211690763,-1.8075271542456357,-1.377584047311292,-0.7348261663811197,-0.00021523021861963852,0.07379091484644495,HIGH
0,0.5087811208594574,1.266401315498149,-1.225052257497087,-0.7108922279845707,-0.0002297847240706309,1.1198526656948218,HIGH
0,0.40096822956807543,0.5778341499819005,1.4984190144567946,-0.7850994311304693,-0.00023967889673490712,0.8456294486360781,LOW
0,0.5088968497581166,1.2736495952419686,-1.2574551302603894,-0.710900211752159,-0.0002297965199135878,1.11961444222111,HIGH
0,0.5072271640651855,1.2211766304722158,-1.0698496645825077,-0.710777199158151,-0.00023184431361120028,1.1232365894117629,HIGH
0,0.19356611954779818,0.4064338825900895,0.20869576825990716,1.1599508282311835,0.12367814101411333,-1.26117873240859,HIGH
0,-2.504180339321689,-1.8075252236637693,-1.377581455821125,-0.7348524419575756,-3.936504552143025,0.0735569491818406,MEDIUM
0,0.40482122840504164,0.5777693399237525,1.5785664471153213,-0.7043033092343112,-0.0002478973546265929,1.2014614829241765,HIGH
0,1.2092169194007312,-1.7728756826526988,-1.331514306251327,-0.7804059945173125,-0.00014356632614367072,0.6327959952158783,MEDIUM
0,0.1486824555611335,0.28744747171259183,0.6318402094166073,-0.3440431859130413,0.512071840221922,-1.2959360403682363,LOW
0,0.04265937668117814,0.6065026461837218,0.7376475182932843,2.1272445635875736,0.004580983334145793,-1.009028093608048,HIGH
0,0.1290219510054527,0.2888806751412193,0.6318395288517537,-0.3228377783318423,0.5092612829116752,-1.2936420092275047,LOW
0,0.3872671936401933,0.5620286502845623,1.0901471146412178,-0.7842741486569835,-0.00027498600771664217,0.8457070490370783,LOW
0,0.36702362652499104,0.5301263314346304,0.47701347839655617,1.1560112405897962,0.0016258693953355116,-0.1042674521911436,MEDIUM
0,1.2086925446179668,-1.7740330661989585,-1.3327494999239498,-0.7217318573519702,-0.00021023987831965716,0.8214438800866399,HIGH
0,1.2079347921419228,-1.7722026996464322,-1.330169247171846,-0.7996877366944777,-0.00010396766292911033,0.44166550756106454,LOW
0,0.17425223561773256,0.13879988272197674,0.8846633939539724,1.694021908121091,0.08283264983109932,-1.206241448382995,HIGH
0,0.485340215515613,0.9167390334010053,-0.05534458958885547,-0.7895782453179082,-0.0002168472411192025,0.7867618469108869,LOW
0,0.5091635375932135,1.2836161957810235,-1.3095116469181778,-0.7702495526488616,-0.0001909337534935169,0.9390334719119962,MEDIUM
0,-2.5041821165246256,-1.807527153829627,-1.3775840467528682,-0.7348261696333959,-0.00021522931327640956,0.0737908309807345,HIGH
0,-2.5040127640171685,-1.8073563473109377,-1.3773547669583521,-0.7876976055102539,-0.0029008378328488236,1.6307995757993585,LOW
0,0.40153237795643787,0.5785842580414415,1.522671443024335,-0.7851378200384775,-0.00023701519320433516,0.8451958155362713,LOW
0,-0.0956133688343446,0.6339923129279808,0.7809651565504054,1.9912373111885222,0.47569218401211627,-1.1848067480803306,HIGH
0,0.1670990305194019,0.3320742916704987,0.4120466816547874,0.6293236773296662,0.5152428445123801,-1.0817075728962735,MEDIUM
0,1.1908963296189305,-1.670566456506,-1.3302053163723244,-0.7996717250415932,-0.00010311890205176718,0.44257564415381895,LOW
0,0.08814142023295016,-1.796348164105998,-1.3625780827744423,-0.7280343332637368,-0.00021612143018182118,0.508911829596138,HIGH
0,0.12922152765717662,0.28886954541260357,0.6318374919158216,-0.32298764260439083,0.5092447764132624,-1.293669593410505,LOW
0,0.507844646242969,1.290444291869761,-1.3081519158651707,-0.790888036198445,-0.00016589799832353308,0.7516456500905203,LOW
0,0.32191657605131974,0.5008100735958331,0.48092053840646554,1.157424894180588,0.0008406752519220698,0.18425578786212196,MEDIUM
0,0.21043610795986067,0.26655912394953324,0.3350681994637678,-0.0165103131869086,0.6055214594788596,-1.2151389662118046,MEDIUM
0,-2.5035394346229447,-1.8074176522506067,-1.3774370588057474,-0.7757609896998598,-0.0018694226205280768,1.2552417653277332,MEDIUM
0,0.2222648118505978,0.4321387162195799,0.63352699457349,-0.752982541162847,-0.00025975274389227696,0.970684496999157,MEDIUM
0,-0.009764177406130775,0.6160437174805005,0.7453348324331674,2.1258017843698362,0.0935167378494487,-1.1637606958291051,HIGH
0,0.22131433058163613,0.431410111755738,0.6089877823728013,-0.6712644851491301,0.5981163035337441,-0.5869510886296546,MEDIUM
0,-0.016101885171410632,0.6545488619982236,0.4416838024022435,0.9626154907546038,0.47230040068494916,-1.184810152417424,MEDIUM
0,0.8540475929036405,-0.6568894943130659,-1.3377648754844467,-0.7980956681901643,-0.00017203132302055944,0.5202104922852191,LOW
0,0.40470864547337754,0.5783895002079219,1.579125898462576,-0.763920958111694,-0.00023570972212693417,1.026193179351337,MEDIUM
0,0.3618519575876889,0.5347340794062826,0.7935731537405993,-0.7015188524585348,-0.0002616011755816397,1.176861049693248,HIGH
0,0.4017325925778623,0.5744141507527359,1.4504596083034207,-0.7636929214115505,-0.00024707219695634363,1.0284492889215822,MEDIUM
0,-2.503627981109458,-1.8073343045321069,-1.3773251781356322,-0.7877374176666129,-0.002846260533632656,1.6972518619501515,LOW
0,0.5058102835512356,1.228942305306051,-1.087161357908516,-0.7907616582160676,-0.00017203777321420248,0.7559000731570745,LOW
0,0.22263834833498602,0.43163992659794465,0.6324988428464761,-0.6926795922603146,-0.0002567182477781158,1.1394645735177251,HIGH
0,0.509399838212585,1.2870038589285606,-1.3096004152780805,-0.770266297770514,-0.00019013436850119338,0.9385234067110063,MEDIUM
0,-2.504180217614483,-1.8075250914812884,-1.3775812783877794,-0.7679258973896836,-2.140938321683131,0.5483434814772764,MEDIUM
0,0.3095887216248897,0.3161272360018836,0.6323135772396361,0.1898913326397202,0.008548271720507213,-1.0661878705006196,LOW
0,1.1859076608679628,-1.6524797052371862,-1.3328642563367268,-0.7217025523811214,-0.00020956994283484738,0.8228303149887852,HIGH
0,0.22211935846398798,0.43126460746088163,0.6323477223950154,-0.692093280737917,0.07452276624430504,1.142381163284959,HIGH
0,-2.504180339321689,-1.8075252236637693,-1.377581455821125,-0.7348528034782951,-3.9365560675550957,0.07355856352330933,MEDIUM
0,0.40152339575059387,0.5432882901782957,0.6890523043366098,2.1287028219130666,0.002344260044624134,-0.349431945682123,HIGH
0,-0.011717526834421921,0.6381978403373523,0.43812129132857836,0.9232925723511887,0.4769172949608183,-1.186254593254932,MEDIUM
0,1.2072028166114264,-1.760769315741621,-1.3314941929058104,-0.7804026763678673,-0.00014373205802790156,0.6329629198124362,MEDIUM
0,-2.504181540431499,-1.8075271960778152,-1.3775841034641458,-0.7348258321791735,-0.00021533169255076652,0.07379963311106404,HIGH
0,-2.504099518075469,-1.8074374461754512,-1.3774636289100728,-0.7757043587275422,-0.0019238350637524868,1.1835979888878714,MEDIUM
0,0.41381475920708793,0.5631770062112073,0.47002571459656384,1.1543984215388028,0.0027048632130298876,-0.4751881417321892,MEDIUM
0,0.210232638847291,0.4214731751704316,-0.08404565696759954,0.5448368878338851,0.7663128647072276,-1.2036630556461407,HIGH
0,0.1283864320436584,0.2892339064583838,0.6319230845106806,-0.3182717404600832,0.5086273858287664,-1.2927427215844394,LOW
0,0.4066993812983444,0.5803986747112506,1.6560686848769384,-0.7044528086937687,-0.00024395359961540349,1.199353636478289,HIGH
0,0.531184312611222,1.0250369182230359,-1.3174713326172995,-0.712423489390506,-0.000231332592888829,1.0748862482593282,HIGH
0,0.5093895799028448,1.2868869664750537,-1.3095967711452159,-0.77026557692915,-0.00019016206919576586,0.9385453650343616,MEDIUM
0,0.40505929971816296,0.5780994555370433,1.5896896186471798,-0.7043230270595316,-0.0002473868118387499,1.2012099332754416,HIGH
0,-2.504179201376934,-1.8075239877767086,-1.3775797968450303,-0.7872341561156538,-0.00872723786557629,0.5400624856286822,LOW
0,0.2217455635563203,0.431763182532018,0.633389749701507,-0.7526598002246693,0.08088220966841239,0.9714589504057762,MEDIUM
0,-2.110493860742128,-1.8062115046557645,-1.3758180030763545,-0.7915541265542126,-0.0020685337371277755,1.727759416135583,LOW
0,0.21735303512956933,0.4369578520851174,0.47562425570413625,1.159523067578822,-0.0001367447241312061,0.5681474427492884,MEDIUM
0,0.0574491135222895,0.32940055989248185,0.5610956199135099,2.127954077830973,-0.00026500722505583415,0.6042006314894424,HIGH
0,0.3791458056777153,0.5496218935424072,0.9302677820620391,-0.7025680307621602,-0.00026361024081747973,1.1902057889665716,HIGH
0,-2.5041803393228887,-1.8075252236650727,-1.3775814558228745,-0.7353052118572744,-5.732676222735161,0.09483868080407597,LOW
0,1.2096586776462486,-1.7722461641192284,-1.3302250926965447,-0.7996970097427418,-0.0001032866536365492,0.44113843215807014,LOW
0,0.20594054844818893,0.1305961655204344,0.36667901252639995,0.22637531005187717,0.573311366719906,-1.2029258009094146,MEDIUM
0,0.16296606619265616,0.15624607839065227,0.8830847954313017,1.6985031111815891,0.8004583680460289,-1.1234491790470293,HIGH
0,-2.504180339321689,-1.8075252236637693,-1.377581455821125,-0.7348594454108522,-3.937477872125157,0.07358479022625994,MEDIUM
0,-2.504180339321689,-1.8075252236637693,-1.377581455821125,-0.734853411838746,-5.520111393364723,0.07356256751772136,LOW
0,0.5090351759922043,1.2823644449652998,-1.3090658339852193,-0.7109102263346685,-0.00022968044919943731,1.1193157181910114,HIGH
0,0.18108371836382192,0.044054218039992696,0.9397474368226888,1.5356289904580056,0.5729894680072811,-1.1975643487294547,HIGH
0,0.4011894749793784,0.5737188973922682,1.4291502139047922,-0.7636528342938714,-0.0002488063234533002,1.028691813151241,MEDIUM
0,-0.10719126145934853,0.6524456843542592,0.7756341316657972,2.011752863674929,0.4722242363630604,-1.1844065857099824,HIGH
0,0.42057644510070247,0.3198819987626409,0.6297762796919201,0.19132552385916912,0.0035972248216166714,-0.7718976737508294,LOW
0,0.4063876734928742,0.5807390592763221,1.6520355734752556,-0.7640494995471604,-0.00022836249952558568,1.0243627411357383,MEDIUM
0,0.34005418452651737,0.5183214221913558,0.7233423379253278,-0.7600026567490967,-0.0002658629843855846,0.9968951932260515,MEDIUM
0,1.2107700182243606,-1.7722847818995127,-1.3302769307457956,-0.7997053652307742,-0.00010284007894796424,0.4406642305661746,LOW
0,0.22206200467317472,0.4312177150283603,0.6305419661621328,-0.676948388920694,0.362409184483387,0.8067755741753257,HIGH
0,0.1117393882431267,0.24827446934090436,0.8669410150649874,1.7424537241101183,0.5238277889650811,-1.1499507102000617,HIGH
0,0.17249814567749774,0.28262425451541506,0.6319045005262225,-0.3858627038629987,0.5163913128331266,-1.2866071609987513,LOW
0,0.34131932569601403,0.31718361059157574,0.6316773060174169,0.19035323212516855,0.004258606391585117,-0.9706811150477032,LOW
0,0.22100557748245844,0.4311573490478646,0.590438921370688,-0.6322173649116412,0.6506482253957707,-0.9962724450952121,MEDIUM
0,0.4549156733427394,0.6964863576599483,0.7352277805095071,-0.7669866728734276,-0.0002423218676501475,0.9909556248032824,MEDIUM
0,0.14391065974202902,0.18807159273280333,0.8794150164891361,1.7089302668265611,0.5268680681355387,-1.0845505258054906,HIGH
0,0.30572362620624005,0.4906047132186022,0.48161350851639717,1.1578839207138825,0.0006108592194307364,0.2723705046839118,MEDIUM
0,0.17943519826105359,0.03873815065964737,0.9473284805619585,1.5799129811856099,0.5629540630641453,-1.1951235357307453,HIGH
0,0.20594555454131747,0.13084944959465214,0.3666464865071643,0.22612197591527344,0.5733100867904376,-1.2029383675629373,MEDIUM
0,0.5074538292128706,1.286416519599529,-1.3080126708418216,-0.7908636483535262,-0.00016700532646319138,0.75246957402334,LOW
0,-0.0004895263667977007,0.6344445784617267,0.4371766625762418,0.9113524845839946,0.4788431889358581,-1.1868433873612791,MEDIUM
0,0.21415293514176725,0.4104908994637558,0.27822213894125564,-0.24030221412086278,0.7353715361162477,-1.2697349613402806,MEDIUM
0,0.22174880555400153,0.4317658191599005,0.6333812171024767,-0.7527652618141737,0.06805422494463045,0.9712747933729344,MEDIUM
0,0.5087639852942346,1.2803955830205755,-1.308445289331235,-0.7909443515010571,-0.00016616351499085575,0.7497450122913627,LOW
0,0.5890393434324311,0.47379766158233017,-1.3287539911051616,-0.7153289186531667,-0.00023632530014301533,0.9956864163013581,HIGH
0,-0.006100783299804334,0.6354790332435126,0.4379305893191403,0.9211967831722611,0.4773870283474065,-1.1863482239241245,MEDIUM
0,0.5090585055454789,1.2830212285460043,-1.3110506102609716,-0.7109119918401409,-0.00022963011565961213,1.1192630395799397,HIGH
0,0.40411487418381137,0.5821393126592669,1.6398194575576106,-0.7853167291750339,-0.0002233114802452941,0.8426279165241648,LOW
0,-2.504182116521732,-1.8075271538264843,-1.3775840467486498,-0.7348261696581689,-0.00021522930527076908,0.07379083034208046,HIGH
0,-0.00582471519499995,0.6354066178203326,0.4379149549212893,0.9210016681974068,0.4774394370715461,-1.186357391150524,MEDIUM
0,0.20600754246975297,0.13521803015448713,0.36624941676247014,0.22300417703470593,0.5740718777580827,-1.203095948925145,MEDIUM
0,0.8955539754829853,-0.7690277653756826,-1.3376647961673762,-0.7983563265190421,-0.00016260156030060806,0.5093095127420668,LOW
0,-2.5041821167124056,-1.8075271540335778,-1.377584047026639,-0.7348261680389825,-0.0002152297355379822,0.0737908720931722,HIGH
0,0.22035144648199773,0.43062167669700374,0.5516879467713597,-0.576338824611516,0.683179691494971,-1.2591035096789893,MEDIUM
0,-2.50418033932202,-1.8075252236641293,-1.3775814558216082,-0.7350813111304546,-3.961056338614522,0.07756947785276506,MEDIUM
0,-0.002761969045176101,0.6351511125842605,0.4374997006824394,0.9155800036585705,0.4782370656609687,-1.1866250249032617,MEDIUM
0,0.3328762242055772,0.5163424801666997,0.7153924291885636,-0.7815132901626987,-0.0002720593490444925,0.8172541039301651,LOW
0,-0.0933496675042773,0.6334875653162202,0.7813759220602564,1.9897727689941869,0.4761228891776896,-1.1848458642397175,HIGH
0,-2.5033880270435542,-1.8073265528139772,-1.3773147727228086,-0.7877513254831578,-0.002829523409154012,1.7188925911554553,LOW
0,0.22101984661847524,0.43036380517918,0.5500496068486044,-0.42146807817486,0.8923870459792681,-1.2683797807907262,HIGH
0,0.4031940635640965,0.5546092625517194,0.4720261433986119,1.1548094170968974,0.002409127015737421,-0.3758940558857801,MEDIUM
0,0.15268042061513723,0.35707499849856605,0.41378480415071034,0.647998982538128,0.5093667591570259,-1.1117825781827857,MEDIUM
0,0.17231098164313025,0.32338143934762953,0.4115970694580938,0.6245057495325813,0.5310852283982811,-1.0760132656405839,MEDIUM
0,0.507772516400545,1.2901174690216366,-1.3081278364093905,-0.7908835796915956,-0.0001659993209770511,0.7517961256657927,LOW
0,0.5070932999090045,1.267334615924591,-1.2167599677211483,-0.7908417962617663,-0.0001676969040335108,0.7532084670498116,LOW
0,0.0020462846202628404,0.6475984377694098,0.44478291463514597,0.9997477911722298,0.46764925394490336,-1.182917030813741,MEDIUM
0,-0.0013952488296022092,0.6347990958453261,0.43730522190393806,0.9130354099930018,0.47860184656577903,-1.1867554873682795,MEDIUM
0,0.22213096049521508,0.4312734266948066,0.6322477639995988,-0.6926467456729886,-0.00023385877597333253,1.1393722245832345,HIGH
0,0.005101302433559401,0.6288635107237762,0.43638560317236536,0.9010195275211965,0.4803269043925077,-1.1874084627221775,MEDIUM
0,0.160360014907035,0.4014220175257294,0.4617380729841601,1.1597073280984147,-0.00024862941637904165,0.6061899486851465,MEDIUM
0,0.2059381055092184,0.13051642712427836,0.3666949264301769,0.2264991643919601,0.5733205692282104,-1.202919553535294,MEDIUM
0,0.18119699559598848,0.41468085257730425,0.46754447517308517,1.1596983332355708,-0.0002274471027719171,0.6010276350195002,MEDIUM
0,0.28942211827221864,0.4805005628481924,0.48183162835167903,1.1583059431650558,0.0004088166451511728,0.3511095041337042,MEDIUM
0,0.35772594215230424,0.5321248113066539,0.7762186621821503,-0.7610229693386923,-0.0002698560701628319,1.0053916842365154,MEDIUM
0,0.08790277648520788,0.616373971127213,0.4569084241125436,1.150920974227235,0.06602226264398885,-1.1536861979727784,MEDIUM
0,0.12895233211934878,0.28888693365935847,0.6318406797704745,-0.3227535357768634,0.5092729569428593,-1.2936264153119277,LOW
0,0.20045979192689334,0.41256662348756545,0.07536615575677993,0.9551786761378827,0.6919638991378317,-1.1863407392907437,HIGH
0,-2.504032159664941,-1.8073642902464753,-1.3773654290492483,-0.7876830770853462,-0.002923357605970128,1.604883298835217,LOW
0,-0.021493111451540814,0.6490153797959699,0.43876027371705234,0.9300779053455792,0.47622543509951115,-1.1860003355307145,MEDIUM
0,1.1132821107048492,-1.3988188906348944,-1.332964406865995,-0.7994198871402811,-0.0001136335329172869,0.4567526983320355,LOW
0,0.40466410223966404,0.5556214322932723,0.47179160583006496,1.154760387609141,0.002443643108089417,-0.3875715769086719,MEDIUM
0,0.12898580360085687,0.28888347268350606,0.6318400428409741,-0.32280011951965465,0.5092662162656773,-1.2936350469202935,LOW
0,0.3958578807844049,0.5495763968421874,0.4731613143814817,1.1550542834271715,0.0022398344925094347,-0.31827793195390663,MEDIUM
0,1.209559840909983,-1.7741460273031884,-1.3327753480601556,-0.7217375142969195,-0.0002100540765492216,0.8211760408080641,HIGH
0,0.04302464757175708,0.5583364404407689,0.43092085694502397,0.83262757593763,0.4903107990202156,-1.1919058016420896,MEDIUM
0,0.19152835786471423,0.3197177408914894,0.3854248162208675,1.2319528706531633,0.6310156486274604,-1.1433994041816915,HIGH
0,0.292868441557886,0.5637156085667115,0.7040538116160159,2.1281527749782416,0.0029172849321766857,-0.5609517318367511,HIGH
0,-2.5041791878360953,-1.8075239730704176,-1.3775797771042415,-0.7872344554875598,-0.005007694138822446,0.5406742935385385,LOW
0,0.18788109572604178,0.29943506361166244,0.4106847934576476,0.6135412809697343,0.8758011022970213,-1.1528345904423167,MEDIUM
0,-2.50408585816836,-1.8075273177385263,-1.3775842667737377,-0.7348245224541835,-0.0002157078693370679,0.07383570865274873,HIGH
0,0.16036001490704713,0.4014220175257382,0.4617380729841601,1.1597073280984147,-0.00024862976562837195,0.6061899486851465,MEDIUM
0,0.4693262224562351,0.7824261107780102,0.38563380075460846,-0.7887542562482889,-0.0002334195109975863,0.7994406259656265,LOW
0,0.20428793285163196,0.2577574114828623,0.6319141991063167,-0.41705146567039336,0.825731173709848,-1.300790480873868,LOW
0,-2.5040994400851866,-1.8074373614440589,-1.377463515172047,-0.7757046059911568,-0.0019235666343642276,1.1839342232133383,MEDIUM
0,0.2221193098761246,0.4312645681189971,0.6323476646977341,-0.69208923720434,0.07475666378111835,1.1423900396790396,HIGH
0,0.689262180373898,-0.11810766846146396,-1.3357585432254493,-0.7767731871613458,-0.00021777011500530893,0.7603223122934744,MEDIUM
0,0.4032074899221633,0.5755787153678753,1.5061997595829346,-0.7041722781415948,-0.000251036230420768,1.202836050186491,HIGH
0,0.11966400108987264,0.6110054069582053,0.4585558285843588,1.1523166581048698,0.006408286094924834,-1.0488366641824076,MEDIUM
0,0.5089641110321692,1.2782433360329195,-1.2849801285598834,-0.7109048907617666,-0.000229785725635417,1.1194748712262028,HIGH
0,0.1908540747355701,0.2990113066245482,0.42830642806499575,1.2550214029771556,0.6278305657105225,-1.155593582904656,HIGH
0,0.5093014571275576,1.2864916184123565,-1.3111420503905415,-0.7109301884392634,-0.00022917976034340156,1.118719511089603,HIGH
0,0.21959525428342,0.43358715716228,0.6352304553563644,-0.7754150921975719,0.09288206664119239,0.7935213141288422,LOW
0,-0.014806467418956401,0.6404653236575043,0.43822967601334106,0.9244245182921441,0.4769240468760095,-1.1862066847806938,MEDIUM
0,0.38443947443180165,0.5546020380867627,1.0015797864530198,-0.7028927260631446,-0.00026361412259427904,1.1948489298764133,HIGH
0,0.22162906412647532,0.4316676956360293,0.6282926716379498,-0.7335244362393284,0.5860918856875562,0.5846824069491366,MEDIUM
0,-2.502198918366741,-1.8072995914020358,-1.3772785814401969,-0.7877995415824182,-0.0027789659611984433,1.7877179646075876,LOW
0,0.20594085222026187,0.13060877842884747,0.3666770360511126,0.22635992301084965,0.5733106837181647,-1.20292657084897,MEDIUM
0,0.507433049460316,1.2860832890118814,-1.3080045351841876,-0.7908623321554924,-0.00016709591742023722,0.7525140748904069,LOW
0,0.21018588879112274,0.42143140736243745,-0.08276240540331459,0.5472635302179786,0.7659387402463875,-1.2034897776438198,HIGH
0,0.19357211744160863,0.4064884310544306,0.20826246287155822,1.1599248144448848,0.0972670020311365,-1.2613083104633287,HIGH
0,0.160715465448922,0.15962807169467746,0.8827865919266535,1.6995255276367838,0.7256100780326505,-1.1054917775993913,HIGH
0,0.5088092419916332,1.2680823023503018,-1.2312923770912325,-0.7108942214904219,-0.0002297804370311348,1.1197931806634849,HIGH
0,-0.041964369465996416,0.5452214171993017,0.8015708607045525,1.9208099374462033,0.48901332664859665,-1.1873634577994496,HIGH
0,0.19329503520457475,0.3856483644349917,0.2494775854836072,1.1685645586603415,0.591534037757988,-1.1635295821203977,HIGH
0,-2.5041798029759135,-1.807524641154996,-1.377580673898439,-0.7753099563704039,-0.051162487728241265,0.4962929195802205,MEDIUM
0,0.18111428003745253,0.04476261880770716,0.9396363650403802,1.5348582568099225,0.5731668870596238,-1.197585768267348,HIGH
0,0.22174515019094848,0.4317628435775854,0.6333869085663612,-0.7526451214600537,0.08279809837016192,0.9714814480971282,MEDIUM
0,0.4464064352392402,0.6645993403578028,0.8999575265344852,-0.7070220465267872,-0.00025022663678172857,1.1693826284977766,HIGH
0,0.4045608879064196,0.582763384317863,1.655219479328854,-0.7853448474160387,-0.00022136238698529102,0.8421693798928884,LOW
0,-2.5041803393234225,-1.8075252236656525,-1.3775814558236528,-0.7353872469818472,-3.9807657406831787,0.09249368077931003,MEDIUM
0,-0.08822478256697733,0.632214253813601,0.7833473006125431,1.982884938333117,0.4773537833241351,-1.1850420227752576,HIGH
0,-2.5041785077901513,-1.8075232344932772,-1.3775787856853177,-0.7753421701794391,-0.002977780705530457,0.5473828260488165,MEDIUM
0,-0.08782503840472748,0.6319570692264325,0.783501885124605,1.9823476919646699,0.47744663919473534,-1.1850576189575535,HIGH
0,0.2217775680704552,0.4309847673944915,0.6082783748734326,-0.5504275388875673,0.8510328430034004,-1.0512013624560328,HIGH
0,1.151211247546627,-1.5326607507635053,-1.3340652770817816,-0.7215746384216485,-0.00021179775366299825,0.8288619384674144,HIGH
0,-0.0511420964431976,0.5631070278495072,0.7978905238177244,1.9329649849178756,0.48652720300253555,-1.1867636324881985,HIGH
0,-2.4937788271573056,-1.807346016814474,-1.3773408999576977,-0.7759625118320148,-0.0017559275486683284,1.4285965456789693,MEDIUM
0,0.22213044341476637,0.43127305313836567,0.6322479348978207,-0.6926451440517312,0.004103739341400373,1.1394007042104828,HIGH
0,0.21960599633086783,0.43370559473994036,0.6352348943487942,-0.7755896493575136,0.006244823999179093,0.7929833299195078,LOW
0,0.1757780043851963,0.298808937446406,0.6330241676760598,-0.16757934902384633,0.4852204799884165,-1.2242560446005593,LOW
0,0.5091537608879813,1.2845461360323234,-1.3110879965347113,-0.7109191632500261,-0.00022943310912955744,1.1190489508190964,HIGH
0,-2.504180339321689,-1.8075252236637693,-1.377581455821125,-0.7348524299746814,-5.519509500489847,0.07355693575304842,LOW
0,0.19357252957984328,0.40649002661110156,0.2082360120139616,1.159923256409608,0.09552993348127763,-1.2613155191906726,HIGH
0,0.27291037098654086,0.46878489547803553,0.659421353842255,-0.7560265613986031,-0.0002602314642579774,0.9797285231058676,MEDIUM
0,1.2096387191870535,-1.7732149681106928,-1.3315255534857104,-0.7804082484500897,-0.00014342383332776522,0.6326826478443355,MEDIUM
0,-0.10693812356595674,0.6433476555960547,0.7799852220557462,1.9950241552152788,0.4751109453388695,-1.1847338876195352,HIGH
0,0.615720510540771,0.2635589694424138,-1.3292633934325746,-0.7952582718863399,-0.00019580778789006584,0.6119380199637804,LOW
0,0.47902448643999285,0.8388447006902076,0.18139261682855956,-0.7683454695709084,-0.00023690029008405366,0.9783458253583364,MEDIUM
0,0.22211909662905766,0.4312643953448322,0.632347057797883,-0.6920713501301031,0.07578627255449027,1.1424280831609306,HIGH
0,0.4038884596404404,0.576493153682852,1.536048783437231,-0.704226978379537,-0.00024977581623936336,1.202327072497479,HIGH
0,0.40679802092663314,0.5813137293281785,1.6576209582783108,-0.7640771213740533,-0.00022776868869187273,1.0239476642239898,MEDIUM
0,0.508994895585001,1.2738255763114394,-1.2536671238988855,-0.7702379456712967,-0.00019124950977612574,0.9393869612228002,MEDIUM
0,0.222114231726942,0.4312604303530946,0.6323015128004933,-0.6915950403528807,0.10072404195141973,1.1426648379099154,HIGH
0,0.21028019570218617,0.42151377352662805,-0.08556204892773908,0.5421821655118354,0.7665362295485164,-1.2038499049925377,HIGH
0,-2.504099517455612,-1.807437445502236,-1.3774636280063914,-0.7757043606921766,-0.0019238340145429221,1.1836006612546313,MEDIUM
0,0.1397484821361667,0.28856348145609667,0.631803275856895,-0.3272990596175389,0.5098761226230054,-1.2943984424112125,LOW
0,0.21959788203981737,0.43362754146355414,0.6352313363484735,-0.7754936000642144,0.0661270149952118,0.7933353160894252,LOW
0,-2.504180339321689,-1.8075252236637693,-1.377581455821125,-0.7348524304503669,-5.519509794351867,0.07355693610454045,LOW
0,0.17205273696231596,0.5836705173774549,0.7193834514842925,2.1276972979469573,0.003488987000361339,-0.7660169529227636,HIGH
0,0.01646610997174441,0.6417607819243436,0.44714401532331566,1.0292700429626191,0.46389487739545,-1.1815840467933436,MEDIUM
0,1.2101299584978444,-1.7741601303453405,-1.3327942790859242,-0.7217416052238302,-0.00020993032235969866,0.8209824488287805,HIGH
0,1.2094250554165111,-1.7722397688103928,-1.3302165080411874,-0.79969560409384,-0.00010337877598437872,0.44121826996823466,LOW
0,1.201992919182065,-1.7233339461644777,-1.3314786031736736,-0.7803975038641505,-0.00014362841139521442,0.6332231415930123,MEDIUM
0,-0.1017230529120518,0.6374221112026462,0.7805907340838883,1.9926797355549188,0.4754341231346868,-1.1847755197488443,HIGH
0,0.2132177941758394,0.2489100122742114,0.6319182481922522,-0.4228171849155178,0.08448953614274732,-1.3495361115911688,LOW
0,1.2094868228675733,-1.7722414264371464,-1.3302187331337914,-0.7996959690916682,-0.00010335443017219153,0.4411975369759189,LOW
0,0.149237767868303,0.17874765033266155,0.8807216203235835,1.7052908583296358,0.5385110856048705,-1.0779716960402028,HIGH
0,-0.08470456268044382,0.6285758063915377,0.78471178383648,1.9781528768118641,0.4781828411047395,-1.185181060199657,HIGH
0,0.4325071256714863,0.6272194404379997,1.1626094756962788,-0.7656882979688264,-0.00023772832598473054,1.0031417464566492,MEDIUM
0,0.43762869048998276,0.6466014137175691,1.0333930451340518,-0.7871552205103524,-0.00023549321856496512,0.8172858467944621,LOW
0,1.1590999389113132,-1.5587121545826432,-1.3325101484160427,-0.7802950691691029,-0.00014537761825246772,0.6383569998893386,MEDIUM
0,0.6549093671191183,0.04107759591693285,-1.3337858266996352,-0.7761590765440853,-0.00021725147117701015,0.7753405904031689,MEDIUM
0,0.219602075766741,0.433680392281288,0.6352330412896239,-0.7755655419065322,0.03017181466808059,0.7931114116183989,LOW
0,0.11361036325832682,0.2446737117931205,0.8677708287571397,1.74032433116256,0.5239641943644966,-1.1465675143223546,HIGH
0,0.4064501648766457,0.5808265687150916,1.6537131298278631,-0.7640537929447069,-0.00022818630678736907,1.0242983151517127,MEDIUM
0,-2.503680800285114,-1.8074202619306796,-1.377440561874105,-0.7757536039578371,-0.0018757078384202405,1.2465089120143582,MEDIUM
0,0.4037042336614027,0.5815634254174602,1.6217962223588314,-0.7852889160936496,-0.0002255620906405004,0.8430755072228457,LOW
0,0.3687753821190045,0.5404964376961829,0.83517092353824,-0.7019392513830047,-0.0002625439170489471,1.1817198271692537,HIGH
0,0.3185541671345057,0.5014442132560204,0.690682982930232,-0.6988284133116397,-0.0002578757115117207,1.1585893149286965,HIGH
0,0.12894450698167279,0.28888802919491324,0.6318408817090062,-0.32273879252057,0.5092752771731492,-1.2936236786730273,LOW
0,0.0005925338492887454,0.6141065651837763,0.7437925699083234,2.126642169776578,0.03446258242942568,-1.1318895018604311,HIGH
0,0.1792650417665411,0.04192447087938892,0.9450877661464674,1.584134778483344,0.561950052674762,-1.1947087053071936,HIGH
0,0.20593714805644586,0.13049487385717934,0.36670117539403096,0.2265477785482271,0.5733262669434365,-1.2029170715512074,MEDIUM
0,0.40016065442982307,0.3230292116945617,0.6274918041446431,0.19257642203540623,0.002853136455876452,-0.5317734434944501,LOW
0,0.5089031446306073,1.2740711967064637,-1.2597981250001957,-0.7109006397849081,-0.00022979763056978997,1.1196016727020914,HIGH
0,0.20599964018210043,0.13484338083102543,0.3662991977080564,0.22339801105436707,0.573979750371269,-1.203074823946633,MEDIUM
0,1.1684766554371027,-1.5966931049306736,-1.3307030330528735,-0.7996310018950133,-0.00010407295151495155,0.44488091835082716,LOW
0,0.3593901895879638,0.5370177110255687,0.7946227789574518,-0.7828470340963544,-0.00027932393463938937,0.8292871161291077,LOW
0,-2.504082543961044,-1.807432938459352,-1.3774575780390117,-0.7757174430791643,-0.0019099012638483985,1.2011088726370327,MEDIUM
0,0.13965352838399583,0.2885731433082917,0.6318029355565484,-0.3271494012619958,0.5098546431396087,-1.2943749873161319,LOW
0,0.4055048724438184,0.5787217139631388,1.6106263651420096,-0.7043600274026643,-0.0002463920283099019,1.2007108603119299,HIGH
0,-2.5041791956778607,-1.8075239815871196,-1.37757978853652,-0.7872343025623337,-0.005473200541027639,0.5403180682509088,LOW
0,0.4032133032778068,0.5452621687634922,0.6904742275711091,2.128646556336044,0.0024040271953431887,-0.36988116152450773,HIGH
0,-0.006455026914365609,0.6355925284356313,0.4379476152520587,0.9214028515370535,0.477325262234329,-1.1863386427747569,MEDIUM
0,0.1808374895517133,0.03522372675104664,0.9410845767217817,1.5420749295375722,0.5710187043628755,-1.1973846109359172,HIGH
0,0.14049905306005264,0.37907049356010636,0.4156692920790042,0.6679399846015418,0.5091390977707962,-1.1404584277526169,MEDIUM
0,0.5073861851212286,1.2852443813902144,-1.3074737641936185,-0.7908593564832347,-0.0001673081207024517,0.7526146940975486,LOW
0,1.211840387243795,-1.7742215848761553,-1.3328767717349486,-0.7217589631136636,-0.0002095373430157324,0.8201618173865995,HIGH
0,0.22211091009064896,0.4312577120015297,0.6322522685034541,-0.6911893843939868,0.11830261201070871,1.1416215639940352,HIGH
0,0.4058556443721419,0.5792145525312714,1.626787019902231,-0.7043888446883537,-0.0002455754083652656,1.2003018627919262,HIGH
0,0.12889970073865764,0.609445354376749,0.4589649995002511,1.152410674519805,0.0050159108395212895,-1.0227542822449989,MEDIUM
0,0.46283083590646995,0.7319384391570712,0.5715131111196604,-0.7079969895146344,-0.0002514679735261561,1.1623560624885216,HIGH
0,0.20127954410736296,0.19812812250257733,0.3891423703661225,0.4161420633820949,0.5476575865913214,-1.1903001243786844,MEDIUM
0,0.21425167706720127,0.42091246478113314,0.2668250842047581,-0.24787959712497623,0.801319520432838,-1.3150149898825154,MEDIUM
0,0.5695144589810252,0.6403656063609038,-1.3256836236704248,-0.7144990316494176,-0.00023472036822276242,1.0173724430480835,HIGH
0,0.20581864206234005,0.1297125234767629,0.3675298943726155,0.23291000773717746,0.572750537620352,-1.2025699836768167,MEDIUM
0,-0.005426299608094664,0.6353557946442165,0.4378806366271278,0.9205583706886636,0.47752508491349277,-1.186378582865353,MEDIUM
0,0.12897961214270046,0.2888840191403695,0.6318401433247468,-0.32279276387994343,0.5092672279696251,-1.2936336854517467,LOW
0,-2.4960938195650937,-1.8072226277288612,-1.3771752703060198,-0.787937516699922,-0.0026778110695913166,1.9359205838084417,LOW
0,-0.09384495306867006,0.6334690075805106,0.7811870633872692,1.9904365620072975,0.47600354694078595,-1.1848273802727365,HIGH
0,0.502328915603922,1.1262068104007483,-0.7240649203535712,-0.7104221180428227,-0.0002366959679060459,1.1326805643368383,HIGH
0,-2.504180339321689,-1.8075252236637693,-1.377581455821125,-0.7348544085065366,-3.9367822544434747,0.07356558276110668,MEDIUM
0,0.1685078495845376,0.32970255816185845,0.41191622246328213,0.627929388068589,0.5013539552518748,-1.0797210821697407,MEDIUM
0,0.39191969952351513,0.5669668246713856,1.195916389170187,-0.7845355957228022,-0.00026786883820370305,0.8472856190908123,LOW
0,0.42625590174504413,0.6137353213766723,1.280801099189277,-0.7653107878574915,-0.0002355148244591361,1.007378738366711,MEDIUM
0,0.214319375640329,0.42568144724442686,0.2606537735638934,-0.2503792663219993,0.0901263901266765,-1.3337209856105723,MEDIUM
0,0.10847153825387187,0.25456830622663446,0.8654881465926281,1.7461554857499122,0.5235528646067356,-1.1554602170190382,HIGH
0,0.396138359435523,0.5676130592107795,1.2580047964901506,-0.7632984630662637,-0.00026111099405075344,1.0291612419347387,MEDIUM
0,0.1891697072584218,0.2491906835523197,0.5310549261228265,1.30920871898949,0.6191000615132343,-1.1778694164364747,HIGH
0,1.2076099396060815,-1.7711223590782215,-1.3301637119335508,-0.7996868231063338,-0.00010404148191243407,0.4417174866140092,LOW
0,-0.08732012017646959,0.6315867055808115,0.7836972824279632,1.981669063745552,0.4775744674161504,-1.1850773535546162,HIGH
0,0.09370195293884782,0.6153757322575036,0.45725060778506144,1.151514803351549,0.0371993852404935,-1.1343927231616302,MEDIUM
0,0.6253399250650572,0.20789425629400174,-1.3328768191708942,-0.7165136549644521,-0.0002394094975836278,0.9670559470700334,HIGH
0,0.1391626540392977,0.2886033055273294,0.6318024361960746,-0.3266875817570801,0.5097646773131672,-1.2943018567894544,LOW
0,0.22212871960975225,0.43127180339829607,0.632254314877145,-0.6926215537128602,0.01718090392124224,1.1396537007950622,HIGH
0,0.40322461779684055,0.545467484909353,0.6906226355287756,2.1286407331823756,0.0024101452039237167,-0.37200737452169336,HIGH
0,0.13481023214466764,0.3894632227573479,0.41659120550642886,0.6775864797123035,0.5088379985692995,-1.1520962011362539,MEDIUM
0,0.4201828234402975,0.31968777375974894,0.6299183540341411,0.19125211483617519,0.0036416130666934686,-0.7863189297600509,LOW
0,-2.504180339321689,-1.8075252236637693,-1.377581455821125,-0.7348550184610537,-3.936867493952087,0.07356783095985694,MEDIUM
0,0.21374790130378896,0.25374750080726594,0.6321979421118648,-0.43204265450862056,0.49732015034520244,-1.3638355192207743,LOW
0,0.21371447000018862,0.25295354302284345,0.6321799267305854,-0.4308153889737468,0.4377852233317059,-1.3644276163036153,LOW
0,0.3398735507774223,0.32785880667385336,0.6204910048426965,0.19594906743435922,0.0011962557269780453,0.04113405311440991,LOW
0,0.4034599549836356,0.5766880260535688,1.5227851746788073,-0.763823615560955,-0.0002408596913773261,1.0273317832732638,MEDIUM
0,0.4034999428831373,0.5812774677616569,1.6123292937637288,-0.7852746806347698,-0.00022671142788411268,0.843300149973423,LOW
0,-2.504179777010383,-1.8075246129546259,-1.377580636044058,-0.7753150592604295,-0.003124644891442575,0.4974518790619383,MEDIUM
0,0.4019120859376685,0.543605469360534,0.6892800029447295,2.128693739949675,0.002353925612000273,-0.3527215251861572,HIGH
0,-2.504180339321689,-1.8075252236637693,-1.377581455821125,-0.7348524295154498,-5.519509216773572,0.07355693546764057,LOW
0,-0.08378112399001468,0.6269676798600096,0.7850707663209321,1.9769110659133182,0.47843556514471824,-1.185218889966875,HIGH
0,0.505539958473545,1.2231839383291365,-1.0650223266688486,-0.790744694968315,-0.00017274541424231604,0.7564622782479313,LOW
0,0.5073266261583964,1.2217624929365947,-1.0683359202962317,-0.7701213142800404,-0.0001953738324726887,0.9429033134001907,MEDIUM
0,0.3435007093902836,0.32777308482111045,0.6209542933590322,0.19575696795658115,0.0012772156164931683,0.011549208782988908,LOW
0,0.052973860179210575,0.6272390597801946,0.4528148332625601,1.1035596727871335,0.45429365634918656,-1.179913815527466,MEDIUM
0,-2.5041803393294435,-1.8075252236721915,-1.3775814558324304,-0.7360326303907472,-3.992482179343889,0.15507391712216856,MEDIUM
0,0.22152316973844355,0.43158103091388433,0.6215097665581467,-0.7081016320353587,0.5138597173932619,0.018238253667017996,MEDIUM
0,0.21029975197938056,0.42152996671790854,-0.08513777913725346,0.5410350389955365,0.766639351054905,-1.2039260846345832,HIGH
0,0.5075947905517206,1.227481552939967,-1.0903180011614062,-0.7701402146266503,-0.00019480478553100366,0.94234091546558,MEDIUM
0,1.0526689627685168,-1.2046479183165384,-1.33494777968139,-0.7991617033996027,-0.00012600282419995837,0.470691995513488,LOW
0,0.18084423467403238,0.03600959059480313,0.9406927299531067,1.541868070944145,0.5711349615346059,-1.197387683009351,HIGH
0,0.021268068220417984,0.42263708889691215,0.8275958777076712,1.8427289615495748,0.5057466982883333,-1.1926287669747355,HIGH
0,0.40512748587966385,0.57819432182728,1.5928896085655653,-0.7043286866855498,-0.0002472379904026883,1.201135785248537,HIGH
0,-2.5041797854614614,-1.807524622133084,-1.3775806483646358,-0.7753147498827253,-0.005130386538705552,0.4969772336380498,MEDIUM
0,0.13956440244802903,0.28858019975988974,0.6318027181733122,-0.32704038144869735,0.5098367262152147,-1.294357824296586,LOW
0,0.3912038555139677,0.5661819176960652,1.1777053930926136,-0.7844943212846027,-0.00026922080546978915,0.8471203100829094,LOW
0,0.4065080507753047,0.5809076144916095,1.6550710792172818,-0.7640577363710265,-0.0002280466772596391,1.0242390892285809,MEDIUM
0,0.39002668486811637,0.5355824967001481,0.6835917116023138,2.1289267630272906,0.0021107346934251996,-0.2696661015582356,HIGH
0,0.22011601495021096,0.43407473676437175,0.6354858240797948,-0.7756178924614169,-0.0002629434826715628,0.7930524329925966,LOW
0,0.22153682288035445,0.43159219927354653,0.6222998509208737,-0.7108384479015561,0.5165014605683258,0.07345886157116067,MEDIUM
0,0.8662668296099205,-0.689472842999537,-1.3404090702874831,-0.7198456987659531,-0.00023656477208558902,0.8932461319994965,HIGH
0,0.2060153881924744,0.13548627126663207,0.36620017308858954,0.22261413924728018,0.5740919793296814,-1.2031179729231212,MEDIUM
0,-0.00042766643290345776,0.6142928360770361,0.7439412690096369,2.1265921733171163,0.03781532121839891,-1.1352037548463767,HIGH
0,0.2196058162561468,0.4337050499257687,0.6352348062438014,-0.7755892206817229,0.007176283414552305,0.7929878218251306,LOW
0,0.5090965266614428,1.2806756419637768,-1.2949568626109447,-0.7702447366986044,-0.00019116968705301015,0.9391801435185017,MEDIUM
0,0.21785096289823133,0.3755887933972319,0.634359167062765,-0.6156451010382179,0.5409855822698812,-1.2496739160281387,LOW
0,0.14042126332197238,0.19429545916007596,0.8784161095824915,1.7117280164019508,0.5265833582735151,-1.0904196272714088,HIGH
0,0.8358773983999304,-0.604991371265648,-1.340351807611544,-0.7195978564500156,-0.00023844194913568982,0.8997504657926261,HIGH
0,0.5671925735288463,0.6613290292258832,-1.3252715805518827,-0.7143903628851265,-0.0002345343614567436,1.0202792563244334,HIGH
0,0.222115013765918,0.43126106958680427,0.6323113144097492,-0.6916808320380088,0.09661498248568452,1.1427392318617597,HIGH
0,1.1420686366249586,-1.4961406582939463,-1.3332392597884497,-0.7802175265561746,-0.00014800416070436312,0.642230729590916,MEDIUM
0,0.21353787659889345,0.2502521647617548,0.632085236660921,-0.42633187240464726,0.23019680614703503,-1.3670311540541222,LOW
0,1.2091010065183068,-1.7724395952272185,-1.3315126216871807,-0.7804056667635438,-0.00014358691275052915,0.6328124805036339,MEDIUM
0,0.2217433398224873,0.43176135683711925,0.6333711414996317,-0.7525767618652277,0.09151660232668885,0.9715711455722635,MEDIUM
0,0.21280809609193996,0.3480155588379184,0.3145316695286642,-0.15758216238682116,0.6248463751891845,-1.2229926919002327,MEDIUM
0,0.15800668916824953,0.1638524668207512,0.882389841061631,1.7007830480155914,0.630488931110223,-1.0890658342787196,HIGH
0,0.5076757251578486,1.2893314962811204,-1.308094604738549,-0.7908775734239601,-0.00016621640369361197,0.7519989825677522,LOW
0,0.21485582871927233,0.4261162550002385,0.26713644734068304,-0.26117666773149073,0.5536757783409418,-1.2960109406708828,MEDIUM
0,0.19593176986052105,0.27082105675685186,0.40838194614589385,0.6015086628364439,0.4333703684105926,-1.1876056715187484,MEDIUM
0,0.09615552445650193,0.3551882664474646,0.5764500396188385,2.129031973591705,-0.00026239738265275984,0.6111628911953868,HIGH
0,0.15954498077442797,0.5858175736377939,0.7210712991417242,2.127652751511096,0.0035513958795277594,-0.7879504250307238,HIGH
0,0.40592332577972656,0.31912829969620654,0.6303125414865225,0.19104582254867938,0.0037602151970169153,-0.8270523829658905,LOW
0,-2.50417919509566,-1.8075239809548092,-1.377579787687747,-0.7872343145533335,-0.005393380985437307,0.5403444885887289,LOW
0,0.2059240734056332,0.13029754430831647,0.3667873468351752,0.2272169097016786,0.5734429691379291,-1.20288215478629,MEDIUM
0,0.3167574916906546,0.5043016932730406,0.6939714307152137,-0.7806889362939846,-0.00026819162390924836,0.8121850733129985,LOW
0,0.17423951941698415,0.13890442624818108,0.8846386873449985,1.6940302393215847,0.09610962575708007,-1.2061086302421535,HIGH
0,0.1702787993036653,0.1457252260741809,0.8839364327795154,1.6953391285044026,0.8988811136801713,-1.1860359177583852,HIGH
0,0.22175165030460925,0.43176806389235606,0.6333454202351835,-0.752845000565484,0.05485783516190487,0.9710717255884895,MEDIUM
0,-2.504180339321689,-1.8075252236637693,-1.377581455821125,-0.7348754109135,-3.939596165513103,0.0736704242180135,MEDIUM
0,0.10568489947954951,0.25993786094276844,0.8642478103457822,1.749293323550048,0.5232827166416522,-1.1597724089325236,HIGH
0,0.12841401863573548,0.28917160915470713,0.631906175469885,-0.31905509953949146,0.5086761721890818,-1.292905778234491,LOW
0,0.39342029065036915,0.5638123699750137,1.1796366896499573,-0.7034656896652219,-0.0002613506085537802,1.2018653613105377,HIGH
0,0.1239520790298777,0.3776008362543612,0.45042045914258233,1.1596342981650605,-0.0002616849496717244,0.6043407782375249,MEDIUM
0,0.19114263217242267,0.3078134795732103,0.41009262573701094,1.245267331436217,0.6292025763939257,-1.150516142166979,HIGH
0,0.5634637274867126,0.6983316692874075,-1.3230724130154436,-0.7733442050258738,-0.00020314746202768405,0.8486138091639489,MEDIUM
0,1.2114467165898313,-1.7732613730046676,-1.3315878444605322,-0.7804204851341929,-0.0001427525120575513,0.6320678793052892,MEDIUM
0,-2.103711803112537,-1.8081117934308026,-1.3783688297263297,-0.7345381944089794,-0.00020898090504239248,0.0948285269737251,HIGH
0,0.1953501636429967,0.2879209024932826,0.41027081310942476,0.6090309157558165,0.07552231704469782,-1.2007950702506578,MEDIUM
0,1.201162245699914,-1.7264066363987691,-1.3301303150319943,-0.7996805831294035,-0.00010409591436091942,0.4420726067486013,LOW
0,0.5066976632227291,1.2100920682436802,-1.027298097791017,-0.7107379325010024,-0.0002323789378397101,1.124359992298356,HIGH
0,0.1809582511463094,0.04112552446848217,0.9397608548733997,1.5388172688581854,0.5722634092498146,-1.1974715420943087,HIGH
0,-2.504180339321689,-1.8075252236637693,-1.377581455821125,-0.7348525149022467,-3.9365149800303763,0.0735571552972032,MEDIUM
0,-2.2434297494079485,-1.8064478395281467,-1.3761352439603243,-0.7902675325677403,-0.002242667155429588,1.897524012652413,LOW
0,0.21590866607108733,0.42616003065031227,0.20785557403090388,0.13951055185510472,0.8278151909530765,-1.2325977713793483,HIGH
0,0.18823805162129004,0.41338543563450264,0.6096001903922964,2.130955382797528,-0.0001701671900690153,0.5882112310872715,HIGH
0,0.3366072262999253,0.515698954798692,0.7167165912152071,-0.7598019256204513,-0.0002652254238336478,0.9955565197458669,MEDIUM
0,0.6057536201127632,0.3359357269037963,-1.3281636574148266,-0.7950055683980874,-0.00019417903575893826,0.6194877212672604,LOW
0,1.210981589291564,-1.7741848067199806,-1.332827403079963,-0.7217486611342904,-0.0002097422214245399,0.8206487290127564,HIGH
0,-0.09460851576011925,0.6336211246401449,0.7810576481919801,1.9908968066224606,0.4758525652877271,-1.184815147276637,HIGH
0,0.40682242164767235,0.5571112744358625,0.47144292028949447,1.1546883701140573,0.0024947607923027485,-0.4048101393954334,MEDIUM
0,0.2025399904606711,0.2970494997090177,0.5910326032241598,0.2009284802115898,-0.00022384958570372822,0.5873519045247356,LOW
0,-0.09998840881411804,0.6501899300494579,0.7730484519369719,2.021586365702844,0.4704255018015518,-1.183958545260107,HIGH
0,0.22175809988904055,0.43177286892700084,0.633278333814996,-0.7529494316195485,0.009076371952099139,0.9706285870793532,MEDIUM
0,0.17726515602911308,0.07776778505346334,0.9195028124557119,1.632053243446559,0.5504632811311566,-1.190359238086719,HIGH
0,0.5090006978533802,1.280621292583135,-1.2997374454480457,-0.7109075973042601,-0.0002297449041047639,1.11939414449406,HIGH
0,0.21431920965022003,0.42568114915896504,0.2606543496548586,-0.250378064135252,0.0906408029693027,-1.3337143612586282,MEDIUM
0,0.17992775160488766,0.6008732294492503,0.4610719966825642,1.152767743681028,0.003924683880932809,-0.9105953818373536,MEDIUM
0,0.16878738040107089,0.14784102812174008,0.8837691936121354,1.6959660555642875,0.9244433987698571,-1.1753953227581733,HIGH
0,0.18461078456059132,0.2876998310977343,0.5848765951412934,0.20129499255751107,-0.0002451475640557368,0.5930120764435719,LOW
0,0.1290506720106276,0.28887874326481205,0.6318391743374737,-0.3228637862466463,0.5092580857801197,-1.2936468100155605,LOW
0,0.4030520745994924,0.5806540234909969,1.5913815524469686,-0.7852432484253536,-0.0002291958475778308,0.8437808883665461,LOW
0,0.09965840980034163,0.5962823195953991,0.7293898965444626,2.1274447913768584,0.003858454222704017,-0.8949450934845015,HIGH
0,0.3854730697747494,0.5563501310904352,1.0213884453803368,-0.7626267278367868,-0.0002718810645119319,1.0240302166702604,MEDIUM
0,-2.504180339321689,-1.8075252236637693,-1.377581455821125,-0.7348525553298434,-5.51958676716239,0.07355740487417248,LOW
0,-2.504180339321689,-1.8075252236637693,-1.377581455821125,-0.7348541814922608,-5.520579993652708,0.07356638693509192,LOW
0,-0.0940225784082328,0.6334795448450424,0.781142356604523,1.9905940959559718,0.4759662144801996,-1.1848230709719603,HIGH
0,0.4093321557236277,0.5651337679733784,0.4695729890925226,1.1543062669187885,0.0027689422471257603,-0.4978729313364272,MEDIUM
0,1.2115072002382317,-1.774292514009722,-1.332971982487408,-0.7217779409858284,-0.00020941319029417677,0.8192653614366451,HIGH
0,0.5072681847296167,1.2783120501949103,-1.2669965184251708,-0.790852022683275,-0.0001676255194229626,0.7528627203551328,LOW
0,-2.5040309084413277,-1.8073629500540436,-1.377363630060265,-0.7876855369881753,-0.0029194379473535433,1.6093338025884243,LOW
0,0.4144425558556776,0.3210035851009666,0.6289906640272992,0.1917512272338277,0.003337485111666145,-0.6888631352262027,LOW
0,1.2087029119398027,-1.7740579373454521,-1.3327497346320802,-0.7217319089984527,-0.00021023812320584317,0.8214414340251885,HIGH
0,1.2093501782722669,-1.77320512184435,-1.3315171209012135,-0.7804065580382563,-0.00014353043798712135,0.6327676531149208,MEDIUM
0,0.17896789446210057,0.04743428132977799,0.9411676985117249,1.591424016288068,0.5602097868743738,-1.1939793669970735,HIGH
0,0.1477243266288154,0.28757107555987044,0.6318364827541805,-0.3422578741905937,0.5118473826457128,-1.29588356049328,LOW
0,0.5091096586616911,1.2814696373668104,-1.2997254047706908,-0.7702456750838339,-0.00019113331228422773,0.9391515656139141,MEDIUM
0,0.3991290547621269,0.575457211220003,1.4242987303015022,-0.7849772739784981,-0.0002474811208741553,0.846706481572299,LOW
0,0.5944596698689608,0.4334168530034945,-1.328000005798794,-0.7745747743962272,-0.0002092585359577018,0.8152401041829567,MEDIUM
0,0.4138081412941504,0.562988355481711,0.47006898096663347,1.1544073343295065,0.002698425159430359,-0.47300321367219444,MEDIUM
0,0.5448954968625318,0.876514009082751,-1.3207985211129734,-0.713242143411671,-0.00023263741978140108,1.051695825492065,HIGH
0,-2.504180339330272,-1.8075252236730917,-1.3775814558336386,-0.7361739219944171,-5.975944364334169,0.2353921710841919,LOW
0,-0.10304785639383365,0.638574071649136,0.7804884362086167,1.9930778857239715,0.475480483242312,-1.1847676277149337,HIGH
0,-2.504099517817728,-1.8074374458955227,-1.3774636285343147,-0.7757043595444175,-0.0019238349551329971,1.183599100017403,MEDIUM
0,0.18088462202024377,0.03927415877539926,0.9395379542730861,1.540711104576487,0.5718094936615733,-1.197413684413276,HIGH
0,-0.010952076115863404,0.6377481040830412,0.43809828088670044,0.9230514830617151,0.4769339043115875,-1.1862649941707213,MEDIUM
0,0.21343089583876626,0.37159103867292154,0.3073557180194845,-0.19602001506509864,0.6308622953587203,-1.231768319919886,MEDIUM
0,-2.5041503813321593,-1.807527273874002,-1.3775842078927936,-0.7348250775179955,-0.0002155525897508183,0.07382004924197087,HIGH
0,-0.005603411047110535,0.6353658901508854,0.43789921920817687,0.9208002408917575,0.47748468383737475,-1.1863669575347462,MEDIUM
0,-0.10254780046054529,0.6510936487955874,0.7739266705291059,2.018251572076134,0.4710393437405763,-1.184131172208471,HIGH
0,0.17967902824313906,0.3113296308021756,0.41108955203287434,0.6192049574590124,0.6232685962428718,-1.0891125961156234,MEDIUM
0,0.4812810826974349,0.8761109630805426,0.06972277801814088,-0.7893641364005144,-0.00022256241463632805,0.7906077662699215,LOW
0,0.21894374853437543,0.41148188219704845,0.6349145022688484,-0.6927871804646147,0.4909662128311764,-0.6542734181758084,LOW
0,-2.504180339321689,-1.8075252236637693,-1.377581455821125,-0.7348566151377434,-3.937089184714333,0.07357368695628325,MEDIUM
0,-2.5041797880690684,-1.8075246249651262,-1.3775806521661889,-0.7753145655398186,-0.008710201893090193,0.496837832586487,MEDIUM
0,1.0578218617317294,-1.2195556539221697,-1.337416443841932,-0.7210832053293191,-0.00022007895972602415,0.8507772375686864,HIGH
0,-2.504180338346692,-1.807525222604855,-1.3775814543997058,-0.7450725170141046,-3.6704510853428247,0.9194441763881169,MEDIUM
0,-2.5040322330137075,-1.80736436992386,-1.377365536003096,-0.7876829307506157,-0.0029236541710969005,1.6046177469736815,LOW
0,0.4058132055052272,0.5799327252000416,1.6303304834276948,-0.7640077626657034,-0.00023068390530735501,1.0249833347660215,MEDIUM
0,-0.008923563009175234,0.6366680345278976,0.4380367490214049,0.9224001549377929,0.47703586818349086,-1.1862935256349827,MEDIUM
0,0.7407855351649606,-1.7832250336751552,-1.3449624281045776,-0.8018408274671351,-0.00012789729043576203,0.3161238565901888,LOW
0,0.4047910699938946,0.5830849928287665,1.6593435238880614,-0.7853586147634195,-0.00022088661567720667,0.8419444058374532,LOW
0,1.212704678112836,-1.7733337665874598,-1.3316850209963829,-0.780438747124021,-0.00014220385541771166,0.6311518267177546,MEDIUM
0,0.214232543921598,0.4187046649304349,0.26923990922426755,-0.24636278778817294,0.9113067253823885,-1.3028477809895724,MEDIUM
0,0.3099326720595388,0.4932376967455774,0.481484471936601,1.1577687454846848,0.0006674923341084492,0.2505518102370639,MEDIUM
0,-2.504178417931224,-1.8075231369002394,-1.3775786546826378,-0.7872467694384939,-0.00486011868724555,0.570818119896662,LOW
0,0.1810150166481629,0.3093020156120293,0.4110149931452589,0.6182750675601776,0.669655742313575,-1.0965804181889975,MEDIUM
0,0.40487905370348426,0.5557695622826312,0.47175711487918637,1.1547532188713334,0.0024487090002532686,-0.3892829614253062,MEDIUM
0,0.3827293048062619,0.5537028998207159,0.9794733651799822,-0.7624634343624381,-0.0002727628362975832,1.0221487236834634,MEDIUM
0,1.2004071936488916,-1.7211898983751879,-1.330130918325919,-0.7996799954281973,-0.00010404700550961508,0.44210603813405336,LOW
0,-0.08880853616916523,0.6325385742959414,0.7831217477749153,1.9836694616523296,0.47721804549916136,-1.185019322298587,HIGH
0,0.2059535231438422,0.13138462751413194,0.3665948522735171,0.22571930699465168,0.5733449753122356,-1.202958063278552,MEDIUM
0,0.5089936038676718,1.280187102994637,-1.2971161381805894,-0.7109070625760372,-0.0002297552724906389,1.1194100940548295,HIGH
0,0.21029559840317177,0.4215265353913707,-0.08530774698385,0.5412796067034835,0.7666292921326802,-1.203909005764661,HIGH
0,0.12902504056486752,0.2888804577163158,0.6318394889347658,-0.3228407053262468,0.5092609150917213,-1.2936425498205906,LOW
0,0.12212102258634479,0.37220541824827985,0.5864275157796769,2.129702030162905,-0.0002567737794337749,0.6140084926311339,HIGH
0,0.17420437938736466,0.13906942715507753,0.8846043351814762,1.6940439535539074,0.11585677945800721,-1.2058952296812289,HIGH
0,0.1931251668444124,0.37608416045467835,0.26893657713911234,1.174348599773416,0.6344240313294645,-1.1496389919939893,HIGH
0,0.18085587051253932,0.03724272039537925,0.940140055881065,1.5415167148377296,0.5713565469292844,-1.1973939793525956,HIGH
0,0.2655196881488429,0.46342347247167276,0.6554397622591327,-0.7555837608663855,-0.00026009689847579504,0.9783668129380452,MEDIUM
0,0.5097020222277555,1.2885289749498121,-1.3097016863402209,-0.770287344703642,-0.00018969912391663361,0.9378823042659962,MEDIUM
0,0.4005552887999917,0.5729157195609667,1.404907345852356,-0.7636064708468343,-0.00025073695131712213,1.0289291647382661,MEDIUM
0,0.3961136525760079,0.5395620001894539,0.6863987312184391,2.1288105437473788,0.0022305569017216733,-0.31073309999668486,HIGH
0,0.21763177256954927,0.3685544042613735,0.6342466527385229,-0.6038842806648891,0.5434422616003899,-1.2865352175371123,LOW
0,0.3950153941547591,0.5663343393908045,1.2259637058609876,-0.7632236252923382,-0.00026305178720319275,1.0289166751624492,MEDIUM
0,0.22178715436370755,0.43099261962704327,0.6090356867388798,-0.5528219246835955,0.8352345223738306,-1.0417646286981084,HIGH
0,0.3400541845265093,0.5183214221913515,0.723342337925316,-0.7600026567490967,-0.0002658629875239557,0.9968951932260492,MEDIUM
0,0.2795555592084183,0.32373051682899445,0.6111806993542032,0.1987349536368202,0.00020192930115403934,0.4212108041429399,LOW
0,0.5089805042111833,1.279344965289384,-1.2919047482072925,-0.7109060872306552,-0.00022977129426754285,1.1194391852455072,HIGH
0,0.3881727352633713,0.5582949004028057,1.0652558320157135,-0.703126116144667,-0.00026314297242285676,1.198027187345521,HIGH
0,0.18086616981926856,0.03815097479451273,0.939800147889167,1.541216224794961,0.5715485475570596,-1.1974004884735596,HIGH
0,-2.4932064586994875,-1.8075279785971823,-1.3775851538683168,-0.7348092773344942,-0.0002180735711713586,0.0744604136961139,HIGH
0,0.5089156853197839,1.2749187165418459,-1.2646445657265117,-0.710901495826111,-0.00022979900083912972,1.1195761355330396,HIGH
0,0.35808509011048567,0.5316799764641581,0.7759618620530003,-0.7012890591803055,-0.0002610996844765523,1.1745100595543305,HIGH
0,-2.504180339324788,-1.8075252236671357,-1.3775814558256438,-0.7356000482001157,-5.832606693175173,0.12929378041116987,LOW
0,0.18098893796310048,0.04184511393956268,0.939816103074245,1.5380335964489773,0.5724417601578506,-1.1974949649497955,HIGH
0,0.21420203246752276,0.41530480930955543,0.2729328134106859,-0.24388836867404307,0.8653150343413132,-1.2870013654596968,MEDIUM
0,0.21265175640277797,0.34235568582836245,0.31602589050672086,-0.14801958691036982,0.6234769616174662,-1.2219325232642866,MEDIUM
0,0.19352417267248542,0.4044138722205536,0.214142905517423,1.160460569090215,0.48582383409460916,-1.2571964035448382,HIGH
0,0.22176797988009447,0.43097691287028117,0.6075123487401075,-0.548037742824572,0.8654286384184844,-1.0602370769416734,HIGH
0,0.20587926862918499,0.12987140325838875,0.36709446582121,0.22958422713941326,0.5733711557408895,-1.2027548402961046,MEDIUM
0,0.20601528659792862,0.1354834828905276,0.3662008103161222,0.22261918721947854,0.5740922997984247,-1.2031176598791808,MEDIUM
0,0.18082907540224855,0.03420883953954138,0.9416316249135299,1.542334095365183,0.5708986029805022,-1.1973813457977451,HIGH
0,0.29990292802372653,0.48844990675196875,0.6759859481061107,-0.7576377123198735,-0.00026120467587489025,0.985143445861209,MEDIUM
0,0.2097150553741504,0.42100328335742315,-0.08263885006988929,0.5707509831944093,0.7616971668675402,-1.2017348610114582,HIGH
0,0.4024377772807248,0.5798086394882725,1.563034380953725,-0.7852002963267991,-0.00023247274364714764,0.8443962928284133,LOW
0,-2.5040321915366377,-1.8073643248718376,-1.3773654755281297,-0.7876830134939361,-0.0029234595343171476,1.6047679111881767,LOW
0,-2.5041791896105132,-1.8075239749975585,-1.377579779691113,-0.787234421896306,-0.005044863585327832,0.5405936924381693,LOW
0,-0.022049222042238862,0.6189786738698042,0.7476620597413568,2.1210143555027465,0.4515482371879701,-1.1794417401755106,HIGH
0,0.40669126795773686,0.5803873122072574,1.6559399606360135,-0.70445223211732,-0.00024396048952019395,1.1993623378350253,HIGH
0,1.1857595545164867,-1.6527411008080828,-1.3302730237094689,-0.7996658696075014,-0.0001027832130245952,0.44290725312950097,LOW
0,0.2059406591647906,0.13060070806093158,0.36667829210442765,0.22636970161091383,0.5733111075642682,-1.2029260816732121,MEDIUM
0,0.22167275085912413,0.431703473154099,0.6310361401408399,-0.7441152208893038,0.424374191867178,0.8470372892570992,MEDIUM
0,-0.09407777393342723,0.6334878501009458,0.7811318026838286,1.9906314376359964,0.4759549348436549,-1.1848220683173005,HIGH
0,-2.5037155866450305,-1.8074209597690307,-1.3774414986078722,-0.77575162667169,-0.001877428027907298,1.2441400091469292,MEDIUM
0,0.1289236182712305,0.28889186297686775,0.6318415904914496,-0.3226872179701382,0.5092840593254936,-1.2936140875626883,LOW
0,0.08574137983858236,0.3482838030045343,0.5723600515229554,2.1287489418382797,-0.00026342552641354824,0.6094461264392255,HIGH
0,1.1971079170137169,-1.6933360608034203,-1.331501504460359,-0.7803928083451113,-0.00014323358343730936,0.6334591521738728,MEDIUM
0,0.22174619721792493,0.431763701571649,0.6333933110014504,-0.7526816708697072,0.07807500724061124,0.9714239838705089,MEDIUM
0,0.5058554541270625,1.229916783140769,-1.090895463728629,-0.7907644893018716,-0.0001719169616977132,0.7558059172537593,LOW
0,0.13973943888342955,0.2885645589129212,0.6318032369628144,-0.3272823633969764,0.509873839831798,-1.2943958323729103,LOW
0,0.4137696416284431,0.5633860034200259,0.4699777181758918,1.154388552665068,0.0027119599114936487,-0.4776090941381027,MEDIUM
0,0.13563807120406562,0.2887104762095293,0.6318114924295313,-0.32515268032294775,0.5093710844070846,-1.294050186761155,LOW
0,0.2195211616110803,0.43115032595040637,0.6352024502229359,-0.7653157825213743,0.5503323990436444,0.6609138280559065,LOW
0,1.0158986069587093,-1.09639788829344,-1.3359044331587018,-0.7989931206092679,-0.00013421370384718862,0.4794088987802756,LOW
0,0.42668357769484383,0.6146056311540518,1.2726797187275936,-0.7653368562080864,-0.0002356692480658294,1.0070747328834189,MEDIUM
0,0.20860982957957508,0.41998636535042,-0.06424143917744693,0.6220193349174887,0.7525385477840498,-1.1973545580142828,HIGH
0,0.39279278923525124,0.5638776447181744,1.1682630543109742,-0.7630790217891008,-0.0002662023805673991,1.028156512688071,MEDIUM
0,-0.006859701865980532,0.6511423083177166,0.44329409635144085,0.9816380304538302,0.4699317228752946,-1.1838551297848947,MEDIUM
0,0.4198436705541053,0.3196415199051462,0.6299519380120552,0.19123474033742974,0.0036519501330650114,-0.7897366616973089,LOW
0,0.5076654283774142,1.289228017148444,-1.3080909922973916,-0.790876932337519,-0.00016624457686899944,0.7520206388379587,LOW
0,0.2783172260117635,0.3147105507377363,0.6326264676009339,0.1850120697715809,0.19023957726314988,-1.178359768148968,LOW
0,0.21443165580908458,0.27254273200553125,0.6325659772278466,-0.4604506420533975,0.5322286070728568,-1.3688775662153092,LOW
0,-2.504180339321689,-1.8075252236637693,-1.377581455821125,-0.734853390390847,-3.9366391532362215,0.07356147285932327,MEDIUM
0,0.37739495943688334,0.5487647999778068,0.9131973437653538,-0.7621515593678478,-0.00027329783415889987,1.0183289947527245,MEDIUM
0,1.2103679406976877,-1.774166482126712,-1.332802805312785,-0.721743433311667,-0.0002098783213191453,0.8208959655124926,HIGH
0,0.5225200832125101,1.1285101586324495,-1.3135566451501217,-0.7711371135797082,-0.00019347099188595792,0.9122544716482031,MEDIUM
0,0.3782473346031477,0.5495386208304325,0.9226952231939124,-0.7622010477725283,-0.0002732883293544196,1.0189437159407295,MEDIUM
0,0.12888254251124825,0.28890306981414215,0.6318436898028261,-0.3225367225570646,0.5093107448977586,-1.293585983823428,LOW
0,0.39912217279792067,0.5415633888916189,0.6878197593681938,2.1287524897194072,0.0022916202752427685,-0.3315173506051017,HIGH
0,0.781799036201544,-0.4415532389348957,-1.3384871486457384,-0.77790720317024,-0.00021115493512715512,0.7307065008244248,MEDIUM
0,0.20340553136011452,0.1682485897928118,0.3802532908293933,0.3373591249962053,0.5586580066654546,-1.1946689301394329,MEDIUM
0,0.27029834997198965,0.5673454231759133,0.7067981721549274,2.1280646377959265,0.003020430680705346,-0.5983945517519825,HIGH
0,-0.013000385015542638,0.6390249216112743,0.43816164000712676,0.9237140410686479,0.47690918609706384,-1.1862365918804583,MEDIUM
0,0.22226664296673249,0.43214003830729025,0.63352789979199,-0.7529826515853454,-0.0002597527490807477,0.9706848195049562,MEDIUM
0,0.21570960793497526,0.3057970712771581,0.6328961064887358,-0.021812335573710352,0.46608710131599335,-1.1807357988130605,LOW
0,0.5090550709205911,1.282961437163873,-1.3110009331292798,-0.7109117323887542,-0.00022963760138274033,1.1192707817019276,HIGH
0,0.18132616209083505,0.04963475770978564,0.9372142270934901,1.5295610442779621,0.5743842393193337,-1.1977210095669695,HIGH
0,0.5089732683973297,1.2788633984444027,-1.2888831818296955,-0.7109055557769373,-0.00022977841220232594,1.1194550364305023,HIGH
0,0.12582310059761376,0.4059268431093919,0.4180539352787014,0.6927889978252301,0.5080444569255781,-1.16701435602656,MEDIUM
0,0.19220526674172264,0.34118161889660065,0.3408769112397207,1.2077971993297338,0.6345158359244837,-1.132724622169661,HIGH
0,0.6994020043622913,-0.16533392560213403,-1.3349277400493045,-0.7967117979815193,-0.00019665289987725514,0.56852720612161,LOW
0,1.2030409698746345,-1.7306480750219866,-1.331478265330929,-0.7803984772386523,-0.00014368396033541945,0.6331741836378393,MEDIUM
0,0.21322142730771904,0.2489083775696221,0.6319189492491291,-0.4228259135444174,0.07697134848079168,-1.3496739008495517,LOW
0,0.15404431560660145,0.6052025102741626,0.4600220429495837,1.152595885094523,0.004116159540233863,-0.9630790024861017,MEDIUM
0,0.38887923833742327,0.5448182473170142,0.47418590395249705,1.1552871012052772,0.0020831414770026767,-0.26454661120820233,MEDIUM
0,0.21803737744426152,0.38161729694107027,0.6344545682754652,-0.626234289924277,0.5377546081498078,-1.206904741528086,LOW
0,0.21069301557337622,0.30497573685917845,0.632916747903676,-0.040208529869097884,0.46799278113825943,-1.1823893722032495,LOW
0,0.1812829221735514,0.04864486781085399,0.9379921812395425,1.5306368724950314,0.5741443416104396,-1.197695401889736,HIGH
0,0.40553948731808553,0.5787702629073868,1.612246263801326,-0.7043628948517776,-0.00024631253213940063,1.2006708718249968,HIGH
0,0.33919311209948383,0.317116670245523,0.6317230247179689,0.19032944175334127,0.004301371558382739,-0.9760947146700807,LOW
0,-0.01673305306249504,0.6547530366052933,0.44156690138525123,0.9612615883639037,0.47246741250333407,-1.184872818414206,MEDIUM
0,0.46540886495497447,0.74638038372658,0.5163774847110655,-0.7675771744298043,-0.0002420273909033433,0.9859164414106032,MEDIUM
0,0.07715766820961988,0.6184283297431923,0.45616558494555154,1.147811461503415,0.22287248641896776,-1.179683813478116,MEDIUM
0,0.4707246654798572,0.7772799512096761,0.3922324148659921,-0.7084574378629395,-0.0002514361894943817,1.1593038437525052,HIGH
0,-2.504180339321689,-1.8075252236637693,-1.377581455821125,-0.7348524286089181,-0.0002559598467808162,0.07355693954305681,HIGH
0,-0.10197557246982367,0.6376187678685412,0.7805733458561959,1.9927474438604829,0.4754417081315251,-1.1847741658760849,HIGH
0,1.1171177306713453,-1.4080686185209579,-1.3342199510042712,-0.7800999438565206,-0.00015203299587979697,0.6480225902506914,MEDIUM
0,0.27378060539597504,0.3143324485702107,0.6326435162070488,0.17871208225386342,0.44643315938737516,-1.1796187346957911,LOW
0,0.2059388393226169,0.1305359255673011,0.3666901420393989,0.22646193595075723,0.5733170261940753,-1.2029214423187355,MEDIUM
0,0.3776266139373844,0.5526994525379565,0.9395576609296953,-0.7837652562517384,-0.0002809879376551777,0.84037549487756,LOW
0,-0.01352750763288095,0.639401985146856,0.4381795500136988,0.9239009227960272,0.4769115146825396,-1.1862286754682356,MEDIUM
0,0.16211322528743635,0.34055883918798163,0.41256402706970174,0.6348982400745934,0.5112242185890872,-1.0905995202823207,MEDIUM
0,-2.504180339321693,-1.8075252236637738,-1.377581455821131,-0.7349005773726478,-5.547271338862293,0.07396414722245538,LOW
0,0.5060799240586964,1.23484271988085,-1.1096294271134395,-0.7907785339776829,-0.0001712966288458623,0.7553375090858969,LOW
0,1.207912441644344,-1.7721799785458652,-1.3301686265063308,-0.7996876319993557,-0.0001039762262619256,0.441671463770809,LOW
0,0.5075690079730595,1.2285108150954014,-1.098018494254205,-0.7108025495230127,-0.00023148862636916405,1.1225014225515542,HIGH
0,0.5092154420838791,1.2844663985775227,-1.3095320329298432,-0.77025325619332,-0.00019073287814779267,0.938920668624874,MEDIUM
0,1.0481358051890024,-1.776314299588581,-1.335685898710475,-0.8005015547703928,-0.00011055116767333731,0.3951101486799714,LOW
0,0.11616887955634356,0.239754802812225,0.8689014264704454,1.7374039784175734,0.5241259321193317,-1.1416895962890117,HIGH
0,0.20593641012081215,0.13048008845533865,0.3667059969032031,0.22658527953959248,0.5733313901706223,-1.2029151462491758,MEDIUM
0,0.4016210675458416,0.5467467098628521,0.6915488290395123,2.1286045797382744,0.0024471888569909546,-0.3852581139037734,HIGH
0,0.4185628012406014,0.3195356552134338,0.6300280859620796,0.19119519624009562,0.0036751280293792123,-0.7975227790534298,LOW
0,1.2077501337649774,-1.7717020083016335,-1.33016561067789,-0.7996871273470014,-0.00010401725429100194,0.4417001756672192,LOW
0,0.4055964511261463,0.5841991530463044,1.6468345956453838,-0.785405793342094,-0.00022122463316096589,0.8411687108144187,LOW
0,0.5091597482934708,1.283550495662015,-1.3094597294269472,-0.7702492817256404,-0.00019094885442242287,0.9390417233935333,MEDIUM
0,0.49485881132809845,1.0356401839792482,-0.41807335715696353,-0.7901030894369259,-0.000198961245977015,0.7751837205673624,LOW
0,-0.015262640394930358,0.6171678994059228,0.7462269633033648,2.124757237896884,0.1691598298733353,-1.1764700756640045,HIGH
0,0.5090270503526412,1.282021904160135,-1.3074919739114543,-0.7109096065802437,-0.00022969727464413627,1.119334207724133,HIGH
0,1.1220019432525008,-1.4249402307726102,-1.3340350515638597,-0.7801232602511705,-0.0001512226901912558,0.6468829866946445,MEDIUM
0,0.19336919484845386,0.3906388156888342,0.23936696209452318,1.1661654002202984,0.734331109228821,-1.1751134988054133,HIGH
0,0.222121905925862,0.4312666466870588,0.6323297327211553,-0.6922894832088583,0.061767169761318,1.141771748758608,HIGH
0,0.12986558943391352,0.28884575525168255,0.6318331959331824,-0.3233083537819997,0.5092222014549391,-1.2937280230372847,LOW
0,0.20594063220363695,0.1305995959914072,0.36667846753252575,0.2263710673196409,0.5733111695824066,-1.2029260133182609,MEDIUM
0,0.12859213272668257,0.2890252960825542,0.631869547344754,-0.3209254696373664,0.5091054240898524,-1.2932792758218399,LOW
0,0.406620046857569,0.5802875733239781,1.6545946727684766,-0.7044471485805823,-0.0002440335196788017,1.199438991827458,HIGH
0,-2.5040995180865333,-1.8074374461874683,-1.3774636289262037,-0.7757043586924484,-0.001923834714922664,1.1835979411628998,MEDIUM
0,1.1947864196038944,-1.6876764546931553,-1.3301615645944878,-0.7996754039887044,-0.00010351763147523556,0.4423669568629855,LOW
0,0.33509203753831857,0.514550649067994,0.7140200079163408,-0.7597135439625834,-0.0002649594004965904,0.9949914934230812,MEDIUM
0,0.36206310029416183,0.5356416172469648,0.7966024089171848,-0.7612714627285398,-0.0002709116014320076,1.0079498125798203,MEDIUM
0,-2.504180339321689,-1.8075252236637693,-1.377581455821125,-0.7348524324180047,-3.9365031859867283,0.07355693759862326,MEDIUM
0,0.18107606771368479,0.04387660060034408,0.9397678857644468,1.5358222624855913,0.5729450236433081,-1.1975589126157968,HIGH
0,1.1143470167334675,-1.4014671355471735,-1.3355414322724422,-0.7213871691540613,-0.00021490902500787375,0.8375343979441355,HIGH
0,0.41381136793579587,0.5632114070399318,0.470017818946269,1.1543967967436917,0.0027060341311047624,-0.4755866031629549,MEDIUM
0,0.4042226249800871,0.5553173096658008,0.4718622871255247,1.154775111022576,0.002433254008610181,-0.3840598560675837,MEDIUM
0,0.1910548874368893,0.30512809265824786,0.41565166084353833,1.2482513502981705,0.6287881644003022,-1.152092264881988,HIGH
0,1.1975703708047987,-1.7001268721062137,-1.3327274843036665,-0.7217183024540204,-0.00021010837069835144,0.8220859695234528,HIGH
0,-0.10136719098715963,0.6371586458053908,0.7806141115630899,1.992588709652645,0.47542519309067754,-1.1847773483040125,HIGH
0,-2.50417978496016,-1.8075246215886362,-1.3775806476338037,-0.7753147756348395,-0.004821687358986421,0.4970048409953884,MEDIUM
0,1.2068726220637913,-1.7635986191040227,-1.3327301135613856,-0.7217282779310481,-0.00021034102746576074,0.8216134386796785,HIGH
0,1.2007823809660856,-1.7201370479171665,-1.3327134263762899,-0.721721649358646,-0.00021026196630443366,0.8219274821113027,HIGH
0,0.4030971638525204,0.545840879469943,0.6908927075805046,2.1286301561735526,0.0024211744473050683,-0.3758746550601913,HIGH
0,-2.5041818142512016,-1.8075271900429064,-1.3775840953632685,-0.7348258819906508,-0.00021531671064392317,0.07379832109506018,HIGH
0,0.19345375467419829,0.3978370861591102,0.22622443868206274,1.1629244006673498,0.9248886456988255,-1.2184487256143524,HIGH
0,0.4030863388025278,0.580701520718744,1.5929809537393251,-0.7852456538197379,-0.00022900839928783899,0.8437449417344453,LOW
0,0.5094790194453553,1.287788987697533,-1.309627975729211,-0.7702718447190929,-0.0001899466448769737,0.9383544354723165,MEDIUM
0,0.1702340271352927,0.3267918446169985,0.41176424549446855,0.6263343902149974,0.5109214018673415,-1.0776853988952855,MEDIUM
0,0.0009608149981918775,0.6336411896695141,0.4369711949519559,0.9086630273329898,0.4792297237556759,-1.186986414288475,MEDIUM
0,0.37402211265973345,0.551112777692202,0.694714928145392,2.12848204241399,0.0025664516972797678,-0.4305681119194109,HIGH
0,-0.10077748135648146,0.6367506821434713,0.7806506897487737,1.9924463248153588,0.4754153560547007,-1.184780231596801,HIGH
0,1.1286041218888574,-1.4480285172662146,-1.333779837143765,-0.7801545468556635,-0.00015014392879419004,0.6453467640171313,MEDIUM
0,-2.5031783253004125,-1.8075275198976628,-1.37758453813929,-0.7348214167856475,-0.00021646931337521212,0.07393323870085416,HIGH
0,-2.5041803393218425,-1.807525223663936,-1.3775814558213488,-0.7350165987765271,-5.607382159908606,0.07671663553011616,LOW
0,-0.014177251190888479,0.6538916600309267,0.44203167183600156,0.9666675941115684,0.47179912704015836,-1.1846170180970739,MEDIUM
0,-0.08535628119974015,0.6295246054657415,0.7844586493064559,1.9790291517657583,0.4780238277028395,-1.1851549016267227,HIGH
0,0.21405638367481128,0.4030506270759029,0.2864408119281494,-0.234592466697339,0.6263618831539501,-1.2597181633030643,MEDIUM
0,0.5088981601261976,1.2677640925964524,-1.2263154707607316,-0.7702316487215232,-0.0001912455645118474,0.9395787238633521,MEDIUM
0,-2.479595677626552,-1.807291490172746,-1.3772677068658472,-0.7761206126747898,-0.0017075849324013372,1.4956978217148755,MEDIUM
0,1.165142888348691,-1.5849672944171984,-1.3308370375397556,-0.7996205526381781,-0.00010461665658990341,0.44547354274640183,LOW
0,0.20579604881223482,0.129765260906747,0.36769415703440944,0.23416175003940104,0.5726291120241072,-1.2024991515979022,MEDIUM
0,1.1338678473901957,-1.4666728028636105,-1.3335718490552915,-0.7801793009903667,-0.00014929782773896285,0.6441256862964285,MEDIUM
0,1.1583902328609785,-1.5560895316331114,-1.3325415340347027,-0.7802919320727406,-0.00014548772810988193,0.6385142698791814,MEDIUM
0,0.4205942521174917,0.319825697793497,0.6298176967319117,0.19130415940696707,0.0036102345589862582,-0.7760917456647166,LOW
0,1.1695853005863803,-1.5995783772439363,-1.3332740798529752,-0.7216593377670292,-0.00021022073694414452,0.8248676863720211,HIGH
0,1.0418432265449407,-1.1720353441571234,-1.3352519933419815,-0.7991132299216656,-0.00012836375606448914,0.4732356282665351,LOW
0,-2.4148378315814854,-1.8075648452756554,-1.3776346413499991,-0.7347638236430521,-0.0002168130323381959,0.07748790631877646,HIGH
0,1.2079287672004173,-1.772199058181056,-1.3301690759394522,-0.7996877078074125,-0.00010397002513246594,0.441667150962696,LOW
0,0.2221302201547071,0.4312728917602104,0.632248261240983,-0.6926436908793172,0.005862868517521373,1.1394234551698315,HIGH
0,0.15948441338320393,0.34510133396470377,0.412873544076643,0.6382330487636266,0.5084975145583762,-1.0960763998964325,MEDIUM
0,0.1808840123279854,0.039247206058171925,0.9395403405881617,1.5407271774472093,0.5718031715944822,-1.1974132234829706,HIGH
0,0.39449242144442437,0.5384988104453998,0.6856466136526762,2.1288415062595525,0.0021983206612662034,-0.29972035495223015,HIGH
0,-0.09930111724373257,0.6358391441008269,0.7807360105311875,1.9921147118215516,0.47542135195190466,-1.1847870935211087,HIGH
0,0.2094935720418106,0.23662092706960677,0.34237055480044,0.03736085695008202,0.5981531569729885,-1.212709559945544,MEDIUM
0,-0.09370781886411536,0.6334757044021881,0.7812389280199257,1.9902541992100944,0.47603639402137415,-1.1848324497443774,HIGH
0,0.11569340869183006,0.6116749627838473,0.45837368528124256,1.1522641417558441,0.00751911989683989,-1.0608937424335156,MEDIUM
0,-0.10262380019266745,0.6381697766612172,0.7805245830245408,1.9929372767501987,0.47546481865831813,-1.1847703951137865,HIGH
0,0.48892284088899407,0.9572471456983039,-0.17805652610719544,-0.7897715901634834,-0.00021085807929491657,0.7828704704580342,LOW
0,0.402081849439403,0.574097953523852,1.4590668006479617,-0.7040837174710735,-0.0002529306871388557,1.2034623938039921,HIGH
0,0.40420227789981,0.5822617864681205,1.6433099656415322,-0.7853224230439805,-0.00022286676276135771,0.8425353435757238,LOW
0,0.5061698596135383,1.2368730662051874,-1.1172421560713903,-0.7907841473531733,-0.00017103455634020755,0.7551497189608918,LOW
0,0.20593916132827791,0.1305456549286486,0.36668804384720893,0.22644560731181904,0.5733156988999597,-1.2029222674934485,MEDIUM
0,0.21678652319469696,0.341984293883293,0.6338094475697214,-0.5627494501727924,0.5451707237032573,-1.35340244948284,LOW
0,0.18598445736936484,0.27486631458757604,0.6319146066827404,-0.40287516851394445,0.5100134361613792,-1.2743988192604503,LOW
0,0.4049125600032799,0.5786720200183417,1.5886215635833019,-0.7639370580885495,-0.00023481212718368867,1.0259808590486565,MEDIUM
0,-2.4505167888276618,-1.8069652367355526,-1.3768297650260752,-0.7884385010496328,-0.00251534325946895,2.1028944541815173,LOW
0,1.2079393588144594,-1.7722042166841532,-1.3301693780109312,-0.7996877587695957,-0.00010396585810332223,0.44166425170104157,LOW
0,-2.50409951774822,-1.807437445820028,-1.3774636284329753,-0.7757043597647343,-0.0019238347825850269,1.1835993997060774,MEDIUM
0,0.507936665586454,1.2904187135282044,-1.3081820032739409,-0.7908937022565374,-0.00016584292737520495,0.7514543706843286,LOW
0,-2.5041803393217412,-1.8075252236638264,-1.3775814558212016,-0.7349566314331466,-5.5772453383957314,0.0749699558771109,LOW
0,-2.504180339321689,-1.8075252236637693,-1.377581455821125,-0.7348524448072147,-5.519518659265199,0.07355695717560189,LOW
0,0.30719263869620744,0.31603869333253914,0.6323527969994115,0.18982860253583755,0.0099011971259419,-1.0749315024446493,LOW
0,1.1420482512925048,-1.500246527128,-1.331834963864291,-0.7995343282401125,-0.000108497117589361,0.4503566032925094,LOW
0,0.18115288920452194,0.04565515433588423,0.9394238309769088,1.5338874080126401,0.5733861615785284,-1.1976121193185163,HIGH
0,-0.016909443988943264,0.6428350370783188,0.43834744650886237,0.9256664354153983,0.4768250636193606,-1.1861562921624362,MEDIUM
0,0.39653391199541693,0.550038879761085,0.473059190176727,1.1550317148795148,0.002255270775544045,-0.3235413715940185,MEDIUM
0,0.20986077498734132,0.4211363066293546,-0.0839579125572928,0.5636241735791843,0.7629338638933661,-1.202298863496659,HIGH
0,0.5090290748780107,1.2761246621960871,-1.2667368816027256,-0.7702401552426621,-0.00019125169004985168,0.9393196686896572,MEDIUM
0,0.42024555665343877,0.3196986371096678,0.6299104570313631,0.19125620070249427,0.0036391705905034536,-0.7855154674788916,LOW
0,0.39094671703726974,0.561157479955932,1.1215641013316866,-0.7033034580025951,-0.00026240320252382716,1.2001954868534297,HIGH
0,0.21029976254624932,0.42152997544698806,-0.0851372914499142,0.5410344167366775,0.7666394568281931,-1.2039261299968125,HIGH
0,-2.504180123239365,-1.8075249889833536,-1.377581140801078,-0.771771683205305,-1.5193134988803858,0.5191209578921937,MEDIUM
0,0.21408125264501288,0.40480909884721106,0.284569684299177,-0.23600852416968998,0.5897562245600569,-1.2614251019504183,MEDIUM
0,-0.10092867322835672,0.6368523020462089,0.7806415198067791,1.992482012705949,0.4754172616930693,-1.1847795059713737,HIGH
0,-0.003564719085292593,0.6352711309384169,0.4376142224279794,0.9170774706384122,0.47802271533400764,-1.1865496571011223,MEDIUM
0,1.2079195086074572,-1.7721897966403046,-1.330168817839895,-0.7996876642713703,-0.00010397358662764527,0.44166962777045804,LOW
0,0.1933846062760351,0.39182324085269876,0.23710899956523146,1.1656109098101621,0.7716641205025236,-1.1803999747229799,HIGH
0,1.1357786387514939,-1.4734931955946975,-1.3334953156143896,-0.7801882452069621,-0.00014899376470980531,0.6436832935030419,MEDIUM
0,0.4195682208107873,0.31961248630132877,0.6299729603690633,0.19122385742637865,0.0036583807013008634,-0.7918784095363341,LOW
0,0.35179600760829627,0.3274537497628353,0.6219853787752704,0.19530950288890536,0.0014720979503775472,-0.058949944257721446,LOW
0,0.4032545242636229,0.5764127782843618,1.5138385723522383,-0.7638078287097161,-0.00024165280734845347,1.0274920801824257,MEDIUM
0,-2.501444764453022,-1.8072866556943863,-1.3772612173699346,-0.787822644629058,-0.0027581120599423237,1.8173831722205134,LOW
0,0.5090518428965559,1.2828964526079178,-1.3108769106878986,-0.7109114886567846,-0.00022964462495204626,1.1192780545316885,HIGH
0,-0.021682551721607338,0.6188437541547415,0.7475551407044569,2.12143321336544,0.4198300172439388,-1.1796280433202762,HIGH
0,1.1069982592191943,-1.3776167695418835,-1.3331929133452218,-0.7993941515653821,-0.00011483321372633377,0.458171798092265,LOW
0,0.2219976308660639,0.43116499591784274,0.6259772185274376,-0.6403440531871762,0.7125233802284759,0.013832990069358881,HIGH
0,0.42938908041531093,0.6194755304468718,1.221615321115995,-0.7059656065037003,-0.0002477576762173021,1.1794612330901053,HIGH
0,-2.504099509287742,-1.8074374366309438,-1.3774636160981337,-0.7757043865819508,-0.001923807718291576,1.1836358761567747,MEDIUM
0,-2.503795698772141,-1.8075274080712147,-1.3775843880305867,-0.7348231794095245,-0.00021605897237163645,0.07387583646161142,HIGH
0,1.2084918822895614,-1.7733414866475246,-1.3327463007874694,-0.7217311672066156,-0.0002102630924961333,0.8214765678308785,HIGH
0,0.8557704817563647,-0.6606710708705169,-1.3404075358996979,-0.7197625029726628,-0.00023724850185298198,0.8954868405131227,HIGH
0,0.21489038809363062,0.4261445908586974,0.2685529055301401,-0.26282844382444787,0.6274061348371524,-1.2935803387093991,MEDIUM
0,0.22164395119011213,0.43167989234093457,0.6293106655019093,-0.7375003266239337,0.5439657971611143,0.6841598828671073,MEDIUM
0,0.22213074888544168,0.43127327384103786,0.6322477352668634,-0.6926464611552062,0.0020117490531278083,1.1393803510511176,HIGH
0,0.5087507344922003,1.2646374450271431,-1.2190938094930928,-0.7108900162796569,-0.0002297981809169582,1.1199186538480648,HIGH
0,0.3848208393758234,0.5595606207505187,1.0443885061177869,-0.7841417164243877,-0.0002773918142611673,0.8445319149074852,LOW
0,-0.021489152179205547,0.6187763240257,0.747501708568256,2.1216320105147215,0.404031591213218,-1.1797291896585134,HIGH
0,-2.504180339321689,-1.8075252236637693,-1.377581455821125,-0.7348524299173209,-3.9365028277162644,0.07355693563217841,MEDIUM
0,0.5067070108270897,1.2508743013821688,-1.1661345433545292,-0.7908175248328644,-0.00016914693522037752,0.754027799285361,LOW
0,1.2078031857765938,-1.7718879285069797,-1.330166421095796,-0.7996872612496285,-0.00010400643748474432,0.44169255708036576,LOW
0,0.28779239569917153,0.32502145029137525,0.6126900825521535,0.19840804552341926,0.0002996257720363972,0.38251055988224064,LOW
0,-2.5041803392335833,-1.807525223568081,-1.377581455692679,-0.7415704701493462,-3.787542764548826,0.874235299938568,MEDIUM
0,-0.09405176543838388,0.633483724197372,0.7811366553103704,1.9906142582208886,0.47596023572737567,-1.1848225286948495,HIGH
0,1.2093050701925434,-1.7731321802090567,-1.3315159443657554,-0.7804063217801738,-0.00014354552594831652,0.6327795353660092,MEDIUM
0,-2.3740350553847724,-1.8076186288401501,-1.3777068369822871,-0.7347410230620687,-0.00021556624432185633,0.07918619270953688,HIGH
0,1.1769333239546071,-1.6246749191006682,-1.3304364726689166,-0.7996518005010602,-0.00010300308049013531,0.4437030967134076,LOW
0,0.17709525528053147,0.3153957371440277,0.4112475531234214,0.6210033297627777,0.534159916261728,-1.079161746913951,MEDIUM
0,-2.5040995141824394,-1.8074374419472592,-1.3774636232344173,-0.7757043710669858,-0.001923824177157097,1.1836147731996043,MEDIUM
0,-2.5041803393244204,-1.8075252236667365,-1.377581455825108,-0.735550963787158,-5.817911445489762,0.12249209069146691,LOW
0,0.13781766530710501,0.28865297758179653,0.6318048866278277,-0.325959273233682,0.5095731673993505,-1.2941841782841945,LOW
0,0.2140158142746027,0.40025027826715753,0.28918248690434023,-0.2320979374609117,0.6606755233346063,-1.2563575438559738,MEDIUM
0,-0.09441674130680704,0.6335649414686514,0.7810807023745567,1.990813649610152,0.4758882295310096,-1.1848172784501414,HIGH
0,0.2212896681018949,0.4305850027972019,0.570505158473367,-0.46130896942222355,0.8957204116665443,-1.263175758401738,HIGH
0,0.20594661651226537,0.1309130672489016,0.3666395968942662,0.2260682837620201,0.5733122948408954,-1.202941007851692,MEDIUM
0,-2.504180339321689,-1.8075252236637693,-1.377581455821125,-0.734852710744921,-3.936542886079362,0.07355807555462834,MEDIUM
0,0.4022704526212091,0.553973982048148,0.47217230531823706,1.1548402293875624,0.0023875518479945105,-0.36857973857974075,MEDIUM
0,0.03593629960149276,0.3943321323660275,0.8338163773776324,1.8259999117058998,0.5094495072125533,-1.1932837631465936,HIGH
0,0.406192755979308,0.5804658964041773,1.6457047766411805,-0.7640358234010127,-0.00022904345650992213,1.02456742838313,MEDIUM
0,-2.5040900544483464,-1.807427168018927,-1.3774498321672206,-0.78756232355525,-0.003185228117087387,1.3567093446030132,LOW
0,0.30121515061692145,0.3158080847149564,0.632440262751705,0.1896172674576162,0.015427514896218431,-1.0975284975054016,LOW
0,0.5085209638276278,1.2505860523532164,-1.1727580962010529,-0.7702050473983074,-0.00019229938406957318,0.9403874645113603,MEDIUM
0,0.22173810127383256,0.4317570464623186,0.6333054051220613,-0.7523393995691734,0.11768810004442806,0.9716677747280349,MEDIUM
0,0.18079683877497868,0.0307125330252539,0.9440402855798656,1.5433216642647363,0.5707946615039216,-1.197371791425181,HIGH
0,0.3950988802811664,0.318811750184434,0.6305339522339385,0.1909310410902296,0.0038259131492573697,-0.8498983307742971,LOW
0,0.22137556776165368,0.4306554036903439,0.5770724497095415,-0.4745102498095372,0.8893085330825672,-1.2599571798784608,HIGH
0,-2.5018319508205673,-1.8075276683041155,-1.3775847373506622,-0.7348188086184092,-0.00021698019264184795,0.07402775559955235,HIGH
0,0.5221509884275585,1.1329198568970043,-1.313452684301783,-0.7711138935315532,-0.00019336747668131953,0.9129461924378142,MEDIUM
0,0.41343994298390707,0.562221002148661,0.4702446600474617,1.1544436373721267,0.0026720208313841154,-0.4641176644489417,MEDIUM
0,0.5088630181029357,1.2714332765009824,-1.2459512344014783,-0.7108979172970704,-0.00022978828229631849,1.1196828990367724,HIGH
0,0.49926948791689363,1.074665774471894,-0.5527948583629166,-0.7102105316400832,-0.00023945363029559275,1.1375249775882375,HIGH
0,-2.5041803388071164,-1.8075252231049082,-1.3775814550709455,-0.7435517896506888,-6.250358861405683,1.3559769212926542,LOW
0,0.19200201442897172,0.334624056159927,0.35448954960183593,1.215151068907115,0.633362534457088,-1.1352575582912496,HIGH
0,1.1465530155746053,-1.5124647641524995,-1.3330525677910177,-0.7802382406840784,-0.00014730835750590224,0.6411994047619446,MEDIUM
0,0.5075064050581756,1.2872206163744317,-1.3080328930119416,-0.7908669691468735,-0.00016678730468847974,0.7523573123881433,LOW
0,0.19228370881857634,0.3437545041806729,0.3355384950140915,1.204939777604268,0.6349825923609089,-1.1320516762456772,HIGH
0,0.19418715275735463,0.4070244120626448,0.1794668079620748,1.1535695315928853,0.5315486121324023,-1.1965712484507713,HIGH
0,-2.504182116521922,-1.8075271538266906,-1.3775840467489266,-0.7348261696565103,-0.000215229306811019,0.0737908303847189,HIGH
0,0.3990162325522652,0.5710136798581185,1.3495948608411192,-0.7634963812510766,-0.0002549148473266841,1.0292647435860016,MEDIUM
0,0.18089582155211423,0.03965403651697528,0.9395505260147097,1.5404201525835208,0.5718970203478277,-1.197422438070962,HIGH
0,1.2104447717314664,-1.7741686067840905,-1.3328056573175615,-0.7217440428842562,-0.00020986146721297538,0.8208671312247092,HIGH
0,0.12840077671093536,0.28934420663197924,0.6319542969955018,-0.31689651436184874,0.5084913785269508,-1.292447926361219,LOW
0,0.4062807731391335,0.5798120949962672,1.6443943685723705,-0.7044222140065117,-0.00024461196378916164,1.1998123717274862,HIGH
0,0.21254677473009873,0.24961227739222872,0.6319100192987898,-0.42250205797800955,0.3063993045319258,-1.3451243598776204,LOW
0,-2.504180339321689,-1.8075252236637693,-1.377581455821125,-0.7348526214130211,-5.519627418017503,0.07355777739386708,LOW
0,0.16739394376721772,0.1498239097350189,0.8836128438570833,1.6965601815016784,0.9120980081486625,-1.16371205182852,HIGH
0,0.09040438337840022,0.47093378288458837,0.42371201513787476,0.7518255629655259,0.5019433978423585,-1.1929288219911574,MEDIUM
0,0.406869304377637,0.5806367289014154,1.6572561712352616,-0.7044647844845238,-0.00024388040833380373,1.1991727403016594,HIGH
0,0.5096363434693784,1.2886040549653073,-1.3096804266345508,-0.7702827946610964,-0.0001897281723364962,0.9380208904087933,MEDIUM
0,0.41114128396572935,0.5923843179624269,1.5382884670485402,-0.7857244150032416,-0.00022447125289606714,0.8361575699177953,LOW
0,-2.504180339341256,-1.8075252236850208,-1.3775814558496515,-0.7368657904599542,-3.974201710942972,0.2793056738413464,MEDIUM
0,0.47243039387123853,0.7894056586989199,0.35154936764843714,-0.7679714331113097,-0.00024040903548041995,0.9823071337028912,MEDIUM
0,1.2103450622590322,-1.7723798709067715,-1.33040457217431,-0.7997248505723867,-0.00010259447463714297,0.4395597133759668,LOW
0,-2.5035092744005487,-1.807417133887035,-1.377436362987496,-0.7757624552174323,-0.0018682012181150945,1.2569529203858882,MEDIUM
0,0.336341797475203,0.32791236379514493,0.6200326217347643,0.19613405435514594,0.0011197825690922021,0.06926982828762687,LOW
0,0.19643478170802292,0.2653810502005652,0.6319158577271079,-0.4113979384157074,0.5911676843743602,-1.2745630157371872,LOW
0,0.18588563379487344,0.1596368627371287,0.7151865724959514,1.408110994248407,0.5998116044993842,-1.1952884615513708,HIGH
0,0.1812380718194218,0.04761611416844001,0.9386261546574722,1.5317551436171915,0.5738604214313577,-1.1976675340843608,HIGH
0,0.21427200644766195,0.4230894799933461,0.2642129299249181,-0.24916137649942116,0.5555979988501617,-1.324861921271925,MEDIUM
0,0.6396181308378776,0.11490732420376204,-1.3314113622868915,-0.7957721266318079,-0.00019807358442416748,0.596733879107087,LOW
0,0.1187560049023762,0.23478967956980434,0.8700370403913052,1.7344465344767581,0.5242605644070056,-1.1364850605800692,HIGH
0,0.3940308871798329,0.5381968045339164,0.6854332706465195,2.1288503140359722,0.002189193612141687,-0.2965974028544009,HIGH
0,0.18078415027407846,0.029767539773825926,0.9449953131081522,1.5437051946673956,0.5708857701190302,-1.1973674927276912,HIGH
0,0.22188761334715443,0.4310748538377123,0.6164381200601057,-0.5810541658157286,0.8121750981298268,-0.7921821546052711,HIGH
0,0.21940143182661437,0.42681857050206407,0.6351440589008511,-0.7465081376139449,0.407520685902864,0.249100995902692,LOW
0,0.07662680020376517,0.6003852075310626,0.7326911659557189,2.1273666717159117,0.003988663899963477,-0.9378552539680837,HIGH
0,0.3938004490195144,0.5380460910809418,0.6853268517091972,2.128854711454405,0.0021846438599534813,-0.2950398178601081,HIGH
0,0.69376550203573,-1.786149533871746,-1.3488880909497791,-0.7249733287953408,-0.0002125978082453623,0.6652626718580932,HIGH
0,-2.504180108613238,-1.8075249730983636,-1.3775811194780792,-0.7721702009839856,-1.4347369453378764,0.516376659660433,MEDIUM
0,0.2217462573728426,0.43176375080318546,0.6333935835646821,-0.7526837092822608,0.07782082649199958,0.9714206750605034,MEDIUM
0,-2.504076337105968,-1.8075273222691275,-1.3775842728553283,-0.7348244597452944,-0.00021572503312906817,0.07383751194175235,HIGH
0,-2.504182117176217,-1.8075271545374452,-1.3775840477029984,-0.7348261640996805,-0.00021523090821766802,0.07379097368840122,HIGH
0,0.5080143394854069,1.2899228867096557,-1.3082069573752584,-0.790898470451293,-0.00016584893736152373,0.7512934275789013,LOW
0,0.21418236553910855,0.413277340009931,0.27515120026728535,-0.24238764964365558,0.815213978078513,-1.2787887697199725,MEDIUM
0,0.5090501868193593,1.2828567745030355,-1.3107844323272009,-0.7109113636539882,-0.00022964821998690686,1.1192817844649496,HIGH
0,-0.09494377114406558,0.633733087923612,0.7810228005048276,1.9910238007520924,0.47579403487648364,-1.1848119553974212,HIGH
0,0.22174663273906625,0.43176405779936067,0.6333948367917422,-0.75269629163456,0.0763032493286706,0.9714002558051549,MEDIUM
0,0.2214056964996816,0.4314849003138059,0.6145038377563867,-0.6861423716883981,0.5844227438397056,-0.3713531905587625,MEDIUM
0,0.22212830150343707,0.43127149833481854,0.6322571312585489,-0.6926116696579127,0.02033504227723785,1.1397456785191222,HIGH
0,0.22213088473699563,0.4312733719731559,0.6322477380577981,-0.6926467140194742,0.00041708419284127357,1.1393742082593923,HIGH
0,0.1714145551926617,0.2803840224819638,0.5801120789562967,0.20155098202717997,-0.0002535501003055165,0.5939382350208326,LOW
0,0.47197396937766983,0.7854529961468506,0.3617070845755129,-0.7085301721159294,-0.00025133004971916094,1.158805911211853,HIGH
0,0.42049246856501094,0.3197596247850832,0.6298660449551583,0.1912791777602601,0.003625363043477257,-0.780998964893318,LOW
0,0.19181697942489365,0.3287521460641815,0.366679721543984,1.2217734935071354,0.632409152105372,-1.1382132115705583,HIGH
0,0.39445323839201596,0.5698178886868327,1.2660170306822043,-0.7846848604005972,-0.00026226935853244877,0.8476135300025328,LOW
0,0.2385605916335455,0.31272452373665166,0.6018672373614763,0.20006926665166802,-0.0001154738649639561,0.5473946946467514,LOW
0,0.09615552445649385,0.3551882664474558,0.5764500396188326,2.129031973591705,-0.00026239738616251184,0.6111628911953857,HIGH
0,1.154177273528087,-1.5436174303401766,-1.3339364154389943,-0.7215892818060922,-0.00021155305173772366,0.8281727986498525,HIGH
0,0.34013849077334746,0.5176537509727679,0.7220633607779485,-0.7001824584436347,-0.0002592032319713832,1.1656586508671243,HIGH
0,0.18087135187376485,0.038532103361375906,0.9396838557191182,1.5410700575466154,0.5716352158227058,-1.1974040249148497,HIGH
0,0.3687149696330377,0.5411805786615393,0.836934914767949,-0.7616521165056204,-0.00027233970643020066,1.0122365606582162,MEDIUM
0,0.5073714850930502,1.28472237566879,-1.3054662591638466,-0.7908584173567862,-0.00016737449450771407,0.7526464526111242,LOW
0,1.1529415468857198,-1.5402140102853952,-1.3313716867597083,-0.7995763134257898,-0.00010666607378953461,0.44798321071020514,LOW
0,0.1620210723612701,0.28542938163928844,0.6318842437267282,-0.3684109691111839,0.5148319535328568,-1.2933444163895236,LOW
0,1.2056763977633977,-1.7550883638095038,-1.3327218882749454,-0.7217267842129436,-0.00021035800340284033,0.8216842101316669,HIGH
0,0.22193642858543175,0.4311148172798926,0.6203821316420222,-0.6028457204438034,0.8855442973084776,-0.49853622171819584,HIGH
0,0.39694633567209636,0.5685483253254907,1.282229187030713,-0.763353053621533,-0.0002595671232333427,1.0292755880681106,MEDIUM
0,0.11041369863131462,0.2508272167637268,0.8663519689190091,1.7439580633481855,0.5237215421230308,-1.1522420566480183,HIGH
0,0.3677571020306917,0.31799668803690195,0.6311079684730377,0.19063972648112795,0.003997232404663799,-0.9089460575036601,LOW
0,0.34954293276425746,0.5256457432373457,0.7469432423276962,-0.7605522813754562,-0.000267884966466408,1.0010923118545643,MEDIUM
0,0.42052690861854963,0.3199165091888339,0.629750818823226,0.19133865001224945,0.0035892073547650082,-0.7693220306432912,LOW
0,0.20948341787665314,0.4207910592010416,-0.07946013204814609,0.5818546935045387,0.7597549007935097,-1.2008105076502824,HIGH
0,0.3645450433612249,0.5412724666824693,0.8237699594528041,-0.7831046744374798,-0.00028054676863205406,0.8322686515391285,LOW
0,-0.013528361266690648,0.6536609543631117,0.44214672027472135,0.9680151167880101,0.4716319815192813,-1.184551141405101,MEDIUM
0,1.2079163488430267,-1.7721856825704783,-1.330168731599155,-0.7996876497251616,-0.0001039747760973499,0.4416704553231771,LOW
0,0.21007327649158394,0.42132937147717736,-0.08399466733976135,0.5529892460644592,0.7646344318481941,-1.2031091861758376,HIGH
0,0.2049504567457852,0.1436630513756706,0.37289808250414364,0.2752432947589516,0.5672142855127918,-1.1995583604320075,MEDIUM
0,0.5093301644500051,1.2861478826734976,-1.3095753029085675,-0.7702613911480171,-0.0001903365047599683,0.9386728720105563,MEDIUM
0,0.5090587846284604,1.283025944657445,-1.3110511024579725,-0.7109120129210799,-0.00022962950786936876,1.1192624105069302,HIGH
0,1.1832383311681312,-1.6411412686211475,-1.331681733508275,-0.7803739217465376,-0.0001424594838729086,0.6344056577081476,MEDIUM
0,-0.47340027152433145,-1.8020157794584541,-1.3701859287359397,-0.7873337903179926,-0.00024265994693015684,0.27716054683489866,MEDIUM
0,0.16250886044341128,0.397800843458727,0.6010273014182355,2.130577280588048,-0.00022473150427903564,0.6076753545718715,HIGH
0,0.40669120634979417,0.5811640697285374,1.6577265124738654,-0.764070040357879,-0.00022778649282496877,1.0240541142318833,MEDIUM
0,-2.504180339321689,-1.8075252236637693,-1.377581455821125,-0.7348524286104573,-0.00025760589314282397,0.07355693659339117,HIGH
0,0.1942560108280625,0.4070846191025766,0.1780334247088734,1.1517464785870932,0.6506835011181322,-1.190979642139165,HIGH
0,0.41300953645621696,0.5641168601586547,0.46980953739142245,1.1543540946789472,0.0027363738713028847,-0.486076544954156,MEDIUM
0,0.9755223509643618,-0.9834917078704505,-1.3367334158073836,-0.79879570291746,-0.00014362688721700193,0.48919841035499423,LOW
0,1.2086627720060812,-1.7739527804061188,-1.3327489016777434,-0.7217317258945417,-0.0002102443384452538,0.82145010618794,HIGH
0,1.206210461585795,-1.7536568879424683,-1.3314876845815822,-0.7804015676497444,-0.0001437518928590456,0.6330187045241609,MEDIUM
0,-0.10196565988639451,0.6376108786544648,0.7805740429133251,1.992744729613346,0.4754413921481204,-1.1847742200546867,HIGH
0,1.212091224975903,-1.7742473662198606,-1.332911378969101,-0.7217659966871406,-0.00020945385586715448,0.8198295357845686,HIGH
0,0.40629283952724154,0.5806062052228863,1.6491377726929313,-0.7640429032600856,-0.0002286724273011475,1.024461581090349,MEDIUM
0,0.4955403622359702,1.0457304806593812,-0.4497845785499408,-0.7901422429081719,-0.00019743881537037062,0.7741815184895058,LOW
0,0.17435864101369697,0.1344733215597479,0.8858429380875531,1.693615218180884,0.10710462435997825,-1.2096369789888344,HIGH
0,0.128459775128256,0.2891182284928127,0.6318922411128116,-0.3197317044442374,0.5087675252321967,-1.2930435040289994,LOW
0,-0.11089892584759291,0.6523082982043319,0.7775605897942435,2.004378836172724,0.47354401020846276,-1.1846053908646421,HIGH
0,0.40686040213111885,0.5814011910664523,1.6568043327261341,-0.7640812340414032,-0.00022778982435948714,1.0238858791803085,MEDIUM
0,0.40288102871061143,0.5804174515605998,1.5834213532509127,-0.7852312520396737,-0.00023012430910478214,0.8439578979382082,LOW
0,1.1915863677139011,-1.6732868153092926,-1.3301966935721712,-0.7996724188230344,-0.00010318420750080385,0.4425363136113979,LOW
0,0.22163513850914174,0.4316726722875331,0.6287140964845488,-0.7351753528033994,0.572238654049375,0.625744305372346,MEDIUM
0,0.40448115050018896,0.5826519561996419,1.6530066407744977,-0.7853399803003074,-0.00022163507769036171,0.8422489146348464,LOW
0,0.48373175413346026,0.8806565095030271,0.048155457444343686,-0.7686173903787851,-0.00023313000613985643,0.9749396044758223,MEDIUM
0,0.39025512830330705,0.5604339200137225,1.106769477362514,-0.7032588754105811,-0.00026262340914076095,1.199676616219239,HIGH
0,-1.7358635104670626,-1.808540501555888,-1.3789443002152855,-0.7340568862851485,-0.0002062384802607513,0.13270240451836407,HIGH
0,0.2669143919425372,0.3134239120762959,0.6326742139909236,0.15626619385803578,0.4487070511617253,-1.1795974617511475,LOW
0,1.2086951792114706,-1.7740395822107655,-1.332749558106447,-0.7217318701530357,-0.00021023944346864045,0.8214432738061394,HIGH
0,-2.5040992825287147,-1.8074371903466049,-1.3774632855017195,-0.7757051051837299,-0.0019230188409636011,1.1846124125313644,MEDIUM
0,0.43207627642447954,0.6254201929055819,1.170805077972089,-0.7061365030350635,-0.0002481790689753789,1.1776106153662698,HIGH
0,0.1460439249181527,0.18433238187826273,0.8799658343141653,1.7073741659855592,0.5262094263820295,-1.081470109831744,HIGH
0,0.21432752189980916,0.42568809957833725,0.2606327614857832,-0.25043882746477725,0.09194628963250288,-1.3339299920380807,MEDIUM
0,0.503392510205778,1.1796350416162187,-0.9010957702690654,-0.7906105211046826,-0.00017824632419481201,0.7607903643904402,LOW
0,-0.013554929032952657,0.6394223768082022,0.4381805138222857,0.9239109797189361,0.4769117065608738,-1.1862282504867594,MEDIUM
0,-0.10309908687459962,0.6386255529901053,0.7804837951801394,1.9930959291476127,0.47548221192165374,-1.1847672745140891,HIGH
0,1.209806297851514,-1.7722503999403674,-1.330230778593124,-0.7996979370363801,-0.00010322835280565907,0.4410857745870887,LOW
0,0.1914712095187861,0.3179430113231157,0.3891048730531074,1.2339462514115616,0.6307459329141512,-1.1444591615668742,HIGH
0,0.4338328800182457,0.6303523535433333,1.1376580885984307,-0.7657672520471402,-0.0002381447337250238,1.0023072268311342,MEDIUM
0,1.2099669739701737,-1.7722552169610406,-1.33023724465495,-0.7996989881250474,-0.00010316473986808496,0.4410260971102359,LOW
0,0.21422156908787168,0.41744952037944183,0.2705988793168228,-0.2454569761726674,0.9045709810252084,-1.2967762163922576,MEDIUM
0,-2.504180339321689,-1.8075252236637693,-1.377581455821125,-0.7348524442885795,-3.9365048858552143,0.07355695277857327,MEDIUM
0,-0.005481901346979024,0.635355875718541,0.4378876476941805,0.9206498866016511,0.47751148524565806,-1.186374167891542,MEDIUM
0,-2.5041803393224242,-1.8075252236645685,-1.3775814558221977,-0.7352053975474266,-5.692498734167923,0.08680516392794231,LOW
0,0.17484396511245573,0.11910424565918694,0.8912889057606116,1.6882753265354937,0.525463990800153,-1.187765829702127,HIGH
0,0.1591649706215096,0.16202252559480704,0.8825652422441999,1.7002421844104632,0.6713467487000266,-1.0952789669546112,HIGH
0,0.1806105431336348,0.023846757380945674,0.9532961247433271,1.5487966629696082,0.5700411342168733,-1.1972621844967273,HIGH
0,0.3973498413508314,0.5690206963499452,1.2947333532951861,-0.7633805790718979,-0.00025874379437678096,1.0293103171146338,MEDIUM
0,-0.09490972791347323,0.6337210617578968,0.7810260984488958,1.99101171334701,0.47579975403339003,-1.1848122560359469,HIGH
0,1.1844011468834041,-1.6483679712159103,-1.3302924369587015,-0.7996640815270615,-0.00010274864117237584,0.4430084322607803,LOW
0,1.1534326627512859,-1.540863957564088,-1.3339689246993833,-0.7215856177977894,-0.0002116146847592138,0.8283453386895672,HIGH
0,0.2059453032141702,0.1308348242193127,0.3666481174633694,0.22613468468824086,0.5733096833092349,-1.2029377416712186,MEDIUM
0,0.4136003990830074,0.5624561673246667,0.4701908234304682,1.1544325022308883,0.002680141698060895,-0.4668407660486598,MEDIUM
0,0.9723888402236098,-0.9743345706271972,-1.3394141212740338,-0.7205807713560782,-0.0002280582392645505,0.8702429776742028,HIGH
0,0.3707649385854271,0.5429312634560144,0.8522032264726165,-0.7617696055165727,-0.00027265331938982517,1.0136348464257363,MEDIUM
0,-0.09273453837453505,0.6334855351113016,0.781611449210601,1.988945935325286,0.4762712310143332,-1.1848690020538972,HIGH
0,-2.5041073263131337,-1.8074459264640204,-1.3774750123094626,-0.7875226472723608,-0.0033088326048851557,1.2641155684791798,LOW
0,-2.504180339327136,-1.807525223669686,-1.377581455829067,-0.7358712563987523,-5.906384128162122,0.17379597163042207,LOW
0,0.23132616633419395,0.3100030486594443,0.5998911347628411,0.20026110879858608,-0.00014752143387774492,0.5598327874381127,LOW
0,0.22009385307267565,0.43405874806057,0.6354749193124308,-0.7756167197521051,-0.00026294335224242806,0.793048566913078,LOW
0,-2.504180339321689,-1.8075252236637693,-1.377581455821125,-0.7348931386617432,-5.54313254965524,0.07387329148247816,LOW
0,0.40222813889392645,0.5795228574854139,1.5535314553192159,-0.785185736555284,-0.00023355455066672489,0.844592949238839,LOW
0,0.19535019741629447,0.2879198472276822,0.41027071814501886,0.6090307739822503,0.07548502142359395,-1.2007964527388497,MEDIUM
0,0.405996344743091,0.580190176849946,1.6381222281527332,-0.7640215393831176,-0.00022986041080447981,1.024779992343508,MEDIUM
0,-0.09390185505862438,0.6334688896298688,0.7811700524236955,1.99049641619161,0.4759913148690248,-1.184825728244871,HIGH
0,1.2111199437710074,-1.7741895013673747,-1.3328337048756915,-0.7217499903243012,-0.00020971082765845257,0.8205858862388931,HIGH
0,0.4882289766407753,0.9269590035161811,-0.09675934636097892,-0.7094978612543619,-0.00024686128298362657,1.1497077754965295,HIGH
0,1.2093565726953248,-1.773208026070876,-1.3315173037508068,-0.7804065947654514,-0.00014352809219836073,0.6327658060104496,MEDIUM
0,0.5071683448095479,1.2717969133017624,-1.2332692396471896,-0.7908462901112522,-0.00016762649272801582,0.7530565660409472,LOW
0,0.5066448635696472,1.2075715508441978,-1.013948687923736,-0.7700732550859298,-0.0001967856178326898,0.9443159236925336,MEDIUM
0,0.21413825107588647,0.40920684889458686,0.27964768619614694,-0.2393351533047789,0.6955949221906094,-1.2665889442854594,MEDIUM
0,0.5656828844427741,0.6645230893979788,-1.3223639958178461,-0.7937353661819663,-0.0001849218809400774,0.6586034790226782,LOW
0,0.2962947762486441,0.47682660476576505,0.6450903362281781,2.130583734929001,0.0006350483668342911,0.26827604030213614,HIGH
0,0.18089092081487598,0.03951424169541452,0.9395337886437496,1.540546704690232,0.571864965757009,-1.1974185426991297,HIGH
0,0.2221192932180696,0.43126455462860064,0.6323476351354439,-0.6920878481974606,0.07483689062039021,1.1423930641611575,HIGH
0,1.2078378769143743,-1.77199676910663,-1.3301670058882804,-0.7996873589843219,-0.00010399850312624047,0.4416869964468063,LOW
0,0.1289760803645709,0.28888434433711724,0.6318402031360556,-0.32278838660780923,0.5092678384407807,-1.2936328750014852,LOW
0,0.5052661574049638,1.1798937320223615,-0.9104751381634753,-0.7699767442837374,-0.0001996372605574719,0.9470773552776174,MEDIUM
0,-2.504182116522116,-1.8075271538269013,-1.3775840467492095,-0.7348261696548183,-0.00021522930824016635,0.07379083042834196,HIGH
0,0.3145365486208119,0.5026594879078801,0.691730227324093,-0.7805742664389698,-0.0002677762233361947,0.8115799841061706,LOW
0,-0.014926277561371588,0.6405794797694304,0.43823508843162573,0.9244811782485761,0.4769249443337682,-1.1862043240804847,MEDIUM
0,-0.03851601593548311,0.6254593905196913,0.7528134255422178,2.1000069300156476,0.4555837662257559,-1.179844819295054,HIGH
0,0.22212090283359914,0.4312658499906403,0.6323395140900845,-0.6922159564560667,0.06696092481423337,1.1420452613981305,HIGH
0,0.21403327493285898,0.40143960249657074,0.28804658216768325,-0.23318923146809062,0.6569956215993192,-1.2577966607712914,MEDIUM
0,-2.504180339321802,-1.8075252236638923,-1.37758145582129,-0.7349965728235613,-5.597514305139209,0.07605366067904654,LOW
0,0.5234877199226634,1.0982460147939135,-1.3128289700545444,-0.7917969286078844,-0.00017208612774618787,0.7212467330380519,LOW
0,0.12999166689895458,0.29008637766806566,0.6321726590258931,-0.30766653112626174,0.5071294298231585,-1.290180037816539,LOW
0,-2.504180339332834,-1.8075252236758745,-1.3775814558373742,-0.7362957480508142,-3.988965640954436,0.19035534909594037,MEDIUM
0,0.4049783110634052,0.5833468384981374,1.6586459772198303,-0.7853695963063614,-0.0002208805247343504,0.841765212262382,LOW
0,0.19365174516460096,0.4065601282587278,0.20355534190758143,1.1596081037232393,0.11251620772741024,-1.2604007766242027,HIGH
0,1.1922701852239843,-1.6713831231777276,-1.331553657049755,-0.7803874352887119,-0.00014278568610400486,0.6337288201653869,MEDIUM
0,-2.504179788836928,-1.8075246257990751,-1.3775806532856287,-0.7753144883518227,-0.010175780275735253,0.49679868805309046,MEDIUM
0,0.5090534247668026,1.2829300097558858,-1.3109470142631525,-0.7109116080753632,-0.00022964118580502777,1.1192744911727914,HIGH
0,0.40498207884780835,0.5833521121837683,1.6585763717994468,-0.7853698160179352,-0.00022088225222588408,0.841761631274852,LOW
0,-0.10554860698034131,0.6415316862908074,0.7801970401683648,1.9942063888597843,0.475319277767573,-1.1847470406321983,HIGH
0,-2.4825104123251216,-1.8071214444254369,-1.3770394482823896,-0.7881236917168127,-0.0025966311963597586,2.0466665160482167,LOW
0,0.27384386425719026,0.3143406278934092,0.6326432419594383,0.1789100894276232,0.43933368550464735,-1.1796625404895138,LOW
0,-0.008904162749222117,0.6519347686241811,0.44294706552878677,0.9774841297400447,0.47045199734982257,-1.1840714050434944,MEDIUM
0,1.209268488257786,-1.7730356899522846,-1.3315151883693273,-0.7804061701720391,-0.0001435551825810195,0.6327871604792639,MEDIUM
0,0.30772233329275406,0.4934491722169028,0.6808047132855662,-0.6981422221246792,-0.0002575039798099341,1.1558727569172451,HIGH
0,0.39289959589758405,0.568053761149149,1.221811311646691,-0.7845926343796432,-0.0002658820048840825,0.8474693011675767,LOW
0,0.4025685992433337,0.5799876813518331,1.5690112101910343,-0.7852094096049551,-0.00023178829233492916,0.8442700597893233,LOW
0,-2.50418011599864,-1.8075249811194234,-1.3775811302450391,-0.7719738082151346,-1.4771352804365134,0.5177232172465507,MEDIUM
0,-2.504180339321689,-1.8075252236637693,-1.377581455821125,-0.7348524429111619,-3.936504688666334,0.07355695061456934,MEDIUM
0,-0.014062737837120854,0.6398166446031875,0.43819909636768545,0.9241049249850867,0.4769162372637766,-1.1862200744562392,MEDIUM
0,0.21366320624697738,0.3814359173978636,0.3029946981715313,-0.21042353768552116,0.6338834923370398,-1.2386366118381726,MEDIUM
0,0.3436621654266779,0.5210869344329869,0.7313009603402689,-0.7602121463590529,-0.0002665889166941182,0.9984000513802572,MEDIUM
0,1.2050714362220862,-1.7453318601567016,-1.331482418334591,-0.7804004089053266,-0.00014374749393558,0.6330770056684204,MEDIUM
0,-2.5041707122551045,-1.8075272446429254,-1.3775841686548576,-0.7348253912306419,-0.00021546214149630228,0.07381143964872298,HIGH
0,0.4653402856864527,0.745203778240202,0.5168993522809462,-0.7081436665049131,-0.0002515119854045214,1.1613886827616737,HIGH
0,0.19283156823539993,0.36313653674465657,0.2954589802456184,1.1848767537443863,0.6402111660544538,-1.1361715938976047,HIGH
0,0.19348435040848147,0.4008195656348689,0.2210446266427983,1.1616844881559978,0.8861083311525566,-1.2402707244402604,HIGH
0,0.47616924722421194,0.8161316584914035,0.2571583402915841,-0.7681826706573293,-0.0002386686759625716,0.9801652220418269,MEDIUM
0,1.1872084664736824,-1.65749074676196,-1.330253425210371,-0.7996676571318296,-0.00010284667077330655,0.44280607361581853,LOW
0,0.18237473746489927,0.3072823189373217,0.410943314120871,0.6173302054146571,0.7166036262084513,-1.105773833268702,MEDIUM
0,-2.490844419658065,-1.8073327618377812,-1.3773231073210013,-0.7760002352909919,-0.0017424465147915878,1.4490553551566452,MEDIUM
0,-0.1019749637720977,0.6376182830000925,0.780573388696441,1.9927472770465084,0.47544168868706943,-1.184774169205607,HIGH
0,0.2952808040841545,0.4843276448580117,0.6716103676060499,-0.6973504888405975,-0.0002572184399187721,1.153106123712001,HIGH
0,0.21321351492980378,0.24891361002409096,0.6319178404312787,-0.42281164233613067,0.08979997823715029,-1.3494496506187874,LOW
0,1.189571763380326,-1.665633215083081,-1.3302223584942725,-0.799670336865354,-0.00010300474333518525,0.4426543105186675,LOW
0,0.18079639882076068,0.030675158180546114,0.9440740305000284,1.543335023467451,0.5707970550784128,-1.197371656443089,HIGH
0,0.21382838668126797,0.30247964751601014,0.5946757616789767,0.20068133028972848,-0.00020168788679885192,0.5799313171005545,LOW
0,-0.09018012929664782,0.633090743125509,0.7825927407551246,1.9855127534945436,0.47688552812354285,-1.1849663292356019,HIGH
0,0.40394449911867547,0.5819003800332718,1.6325965440165289,-0.785305375483294,-0.0002242236841147225,0.8428117221321324,LOW
0,0.4502639088403125,0.6777702711364195,0.825826642897173,-0.7072541638166253,-0.0002506430410166194,1.167558004343197,HIGH
0,0.38796916924924235,0.5580885689463995,1.061408543157685,-0.7031132345192962,-0.0002631842889385629,1.1978608138280338,HIGH
0,0.7340453181475649,-0.2864872831960024,-1.3374277031939206,-0.7773879182471904,-0.0002156055440879186,0.7447762249843292,MEDIUM
0,1.2102528085640167,-1.7732290931946517,-1.3315445140989968,-0.7804120200800388,-0.00014319686218709513,0.6324930567925567,MEDIUM
0,-2.5041134306248134,-1.8074525561705912,-1.3774839116054138,-0.7756594722742968,-0.00198005662578937,1.119190624139842,MEDIUM
0,0.37340833968390896,0.5452217417956949,0.8741006934166093,-0.7619214246691998,-0.0002730283458351471,1.0154783878263764,MEDIUM
0,1.2121203544694645,-1.7732859831536307,-1.3316208795574396,-0.7804268121870997,-0.00014249153403874364,0.6317503564492054,MEDIUM
0,1.05001715058705,-1.1931963906604917,-1.3364115177174136,-0.7797628923964055,-0.00016412705841313465,0.6639092090007771,MEDIUM
0,0.1808006065366261,0.031046946559211957,0.9437503862111495,1.5432071021951834,0.5707775719648485,-1.1973729144190133,HIGH
0,0.18608507836324123,0.2884932096305727,0.5853958556007308,0.2012656528071134,-0.0002438201891023829,0.5927348324269133,LOW
0,1.2116415427294982,-1.774210705172895,-1.332862167514061,-0.7217559440617233,-0.00020958783093422866,0.8203044758732898,HIGH
0,0.18081459694882288,0.032493515182716336,0.9426781317553852,1.5427795117114327,0.5707787189334729,-1.1973768300906993,HIGH
0,0.21081844421501092,0.27912706924236974,0.331965082761774,-0.03871436619787514,0.6085473255222721,-1.2160879905762236,MEDIUM
0,0.9623823024251561,-0.9447719003914777,-1.3383249296421293,-0.7792696014809062,-0.00018125796747965118,0.685055346367757,MEDIUM
0,0.13970038704131837,0.28856877162412675,0.6318030861542328,-0.327217089545362,0.5098647200870549,-1.2943856116632304,LOW
0,0.19379208949400117,0.40668095691308337,0.19575744815022902,1.158838829202158,0.16685826778066876,-1.2539277267323181,HIGH
0,0.3448330056973412,0.5212569741811351,0.7325973010307049,-0.7004738348458598,-0.0002596301330648704,1.167644255359889,HIGH
0,0.22192449665690636,0.4311050460416772,0.6193583398658603,-0.5967152187343729,0.8758251568522634,-0.5808830267089685,HIGH
0,0.3933886540643517,0.5686030633878003,1.235262431956574,-0.7846213992955611,-0.000264814284363378,0.8475369606596196,LOW
0,0.2059430986264819,0.1307143652709692,0.3666624321019707,0.2262462013156206,0.5733081796351296,-1.2029322314928361,MEDIUM
0,0.14439017431352297,0.37199191161304884,0.4150473970395321,0.6613949625652621,0.5092568510346995,-1.1316696653248843,MEDIUM
0,0.21324883060236027,0.24892773192989337,0.6319331507766451,-0.42300346089247587,0.08454804362488927,-1.3520781013864542,LOW
0,0.29574283984697153,0.31558239432824325,0.6325056162429208,0.18930514425892095,0.025419872510946316,-1.118866880233143,LOW
0,0.11436862477622989,0.6118981372367873,0.4583118676670806,1.1522441920644664,0.007994569433500959,-1.0650265423758494,MEDIUM
0,0.5039762979675293,1.155216144819538,-0.8215614177301358,-0.7698876723365532,-0.0002022900976731384,0.9495324881982324,MEDIUM
0,1.209133950597278,-1.7725727222413152,-1.3315130749916044,-0.7804057537484146,-0.00014358148281450883,0.632808105285707,MEDIUM
0,0.21194301571866353,0.42288723224928176,-0.006409865102276051,0.43796300170737107,0.7834143999837083,-1.210406617382119,HIGH
0,-2.503899542014545,-1.807346348627718,-1.377341345362668,-0.7877157308322426,-0.0028747655843749343,1.6618833904960415,LOW
0,0.5062600170317321,1.2389585200297073,-1.1249624102092375,-0.7907897657933047,-0.00017076061289246602,0.7549614581819546,LOW
0,0.21331451710671995,0.36697826809914486,0.3089928597225467,-0.18880385043661785,0.6297310181433372,-1.2292709267506656,MEDIUM
0,0.40335722032528865,0.5765502137957788,1.5182995531580425,-0.7638157125239149,-0.00024125817100729383,1.0274128859448015,MEDIUM
0,0.22011594991579042,0.434074689845223,0.6354857920794282,-0.7756178890200784,-0.0002629435166112744,0.7930524216475497,LOW
0,-2.5040321330855106,-1.807364261366508,-1.377365390282619,-0.7876831301236874,-0.0029232726225707187,1.6049795247867849,LOW
0,-2.5037263525628326,-1.8073380507773684,-1.3773302068567277,-0.7877306839867136,-0.0028548151959579848,1.686482298959002,LOW
0,0.1943717295067536,0.2901372415659464,0.41038276764135895,0.609458889724038,0.37409843435210993,-1.1965351828378188,MEDIUM
0,0.5092746211044996,1.2861839919879348,-1.3111325190549106,-0.7109281936637827,-0.00022922020887875848,1.1187791403470098,HIGH
0,0.24899683115944873,0.4559885411498533,0.4799557684245574,1.1591343683231448,3.4372019787344515e-05,0.5001384400458033,MEDIUM
0,0.5237914546189023,1.1112181454505066,-1.3154705391134391,-0.7119435981722159,-0.000230566125290737,1.0887754971743875,HIGH
0,-0.10661720197971196,0.6429195302005132,0.7800379167865155,1.9948207598648313,0.47514977198212976,-1.1847370457307485,HIGH
0,-2.5040322229957406,-1.807364359043349,-1.377365521397791,-0.7876829507343578,-0.002923562406110831,1.6046540162660725,LOW
0,-1.656639847761929,-1.8069818901292942,-1.3768521194814223,-0.7831152470597487,-0.0008985614653947955,0.7982477352760283,MEDIUM
0,-0.014061834023617199,0.6398159120121416,0.4381990618954253,0.9241045650843117,0.476916227851767,-1.186220089594493,MEDIUM
0,0.3993114508419379,0.5713744039524281,1.3598944988105344,-0.7635172866866455,-0.00025415705354692,1.0292206974077671,MEDIUM
0,-0.7267391810438222,-1.8027052480800596,-1.3711114275113967,-0.8039015241498473,-0.00045042112766567106,0.24935863596309804,LOW
0,0.5063051807439952,1.240027392351217,-1.1288723281168747,-0.790792577003495,-0.0001706182903694618,0.7548671553846232,LOW
0,0.7536700717297498,-0.3522237979259419,-1.3379356274565708,-0.7776142605926427,-0.0002139780517345939,0.7387770946733329,MEDIUM
0,-2.386837576222247,-1.8067581679800662,-1.3765518091138946,-0.7889860527056067,-0.002423057033059375,2.066120965869216,LOW
0,1.161030212726337,-1.568937300153383,-1.3336336175459944,-0.7216223563905022,-0.00021097273455582345,0.8266130105516448,HIGH
0,1.134290884470316,-1.4722784326664975,-1.3321518128634784,-0.799503928089428,-0.00010983480623618698,0.45206672305946677,LOW
0,0.3771841933755743,0.5478378237266508,0.9082689365127864,-0.7024487211178486,-0.00026348405708086957,1.1885108157919153,HIGH
0,-0.4592518058681327,-1.800679985987369,-1.3683928446375302,-0.8042786214471824,-0.0003315261782665856,0.19300315233153897,LOW
0,1.1960920214396968,-1.694509211928077,-1.3301504677862053,-0.799676528328874,-0.00010365668540131052,0.4423031120628235,LOW
0,0.5078639816695206,1.2350988839358905,-1.122889890295769,-0.7108243592234489,-0.00023115188375015793,1.1218633464325054,HIGH
0,0.5074158956733422,1.223654204089239,-1.0756157450785186,-0.7701276091335407,-0.00019518640773401067,0.9427164225084307,MEDIUM
0,0.18126496175772014,0.048233163479538814,0.9382658640048942,1.5310843750090413,0.5740287958357264,-1.1976843637650554,HIGH
0,0.5094290144806716,1.287615126142424,-1.3111858463980994,-0.7109396246327873,-0.00022902783032430527,1.1184373213147616,HIGH
0,1.2092955177917175,-1.773108820404854,-1.331515730817747,-0.7804062789135304,-0.0001435482595203346,0.6327816913222263,MEDIUM
0,-0.09383493438063803,0.6334694172560085,0.7811905292407895,1.9904243731626745,0.47600579913311397,-1.184827718489647,HIGH
0,1.2091982687049156,-1.7728120887990273,-1.331514014883822,-0.7804059370051025,-0.00014356996093784491,0.6327988878989,MEDIUM
0,0.04302464757200358,0.5583364404403213,0.4309208569449886,0.8326275759372005,0.4903112094609367,-1.191905801642119,MEDIUM
0,0.16693475735240296,0.15047992457461679,0.883560695060091,1.6967576061988559,0.9044235903489894,-1.1596075456122,HIGH
0,0.40252787840065146,0.5799318931664218,1.5671470372061127,-0.7852065707227249,-0.00023200211644527904,0.8443096398078126,LOW
0,0.4031382333580498,0.5450129188975987,0.6902941525091199,2.128653631916269,0.0023965604971420687,-0.3673002875218219,HIGH
0,-2.504180339321689,-1.8075252236637693,-1.377581455821125,-0.7348524315241581,-5.519510457635424,0.07355693707203428,LOW
0,0.2011547404241431,0.29635961374198544,0.5905736741034634,0.20095794015447388,-0.00022610272941479123,0.588058489630911,LOW
0,0.5097066776881121,1.2870815031290572,-1.3112757067442513,-0.7109599858687032,-0.00022894362463041803,1.1178281291503784,HIGH
0,0.38089114880804026,0.5296468255912262,0.6794452524482948,2.1291014489617246,0.001936342134529532,-0.2092316057444485,HIGH
0,0.4197834678613205,0.3201298090627211,0.629594145914499,0.19141994397457923,0.0035393466094697113,-0.7533898257930207,LOW
0,0.21328594615825816,0.2489748178056732,0.6319524406623014,-0.42327168382638763,0.0960257852826022,-1.3551317806053924,LOW
0,0.4048551932738691,0.5778163291451559,1.5801478213384703,-0.7043061175105024,-0.0002478253538774699,1.201426317676246,HIGH
0,-0.10112686735832692,0.6369884992435069,0.7806292957284523,1.9925295950126436,0.4754204109747628,-1.1847785416667551,HIGH
0,0.35801266785256713,0.5323555334583383,0.7774595382388406,-0.7610394122134888,-0.00026992652306542277,1.0055553909925414,MEDIUM
0,0.40693939032568516,0.5807349903025003,1.6566703345948723,-0.7044696778080138,-0.00024388434415911612,1.1990988284834398,HIGH
0,0.14216890782054017,0.38960677121212106,0.4562187318254665,1.159681086145046,-0.0002574541496137638,0.6063176160741803,MEDIUM
0,-2.5041821170217036,-1.8075271543695626,-1.3775840474776433,-0.7348261654122448,-0.00021523050963733804,0.07379093983417478,HIGH
0,0.4986219506214749,1.0644438801009117,-0.5199029673028985,-0.7101666840476857,-0.00024000029588982626,1.138454001380408,HIGH
0,0.2938218559666759,0.4832140606025409,0.48181653793859136,1.1581958924777913,0.0004607111874435542,0.3307427447041392,MEDIUM
0,-1.2112539333153756,-1.8049368996752002,-1.3741070545114191,-0.8012997120064851,-0.0008478144807178488,0.554911885420256,LOW
0,0.40000238060577203,0.5765719696126148,1.4584784205778254,-0.7850346638673465,-0.0002439549161098348,0.8462623634213038,LOW
0,0.22173321875246144,0.4317530288079513,0.633224851105796,-0.752063062506859,0.1424012491958234,0.9713649333583568,MEDIUM
0,-0.1004777086574149,0.6365544757424278,0.7806685395152795,1.9923768755159017,0.4754128898817602,-1.1847816500056028,HIGH
0,-2.4773579408960984,-1.8075288142030268,-1.377586275532395,-0.7347981037544049,-0.0002183395247915353,0.07510250141963361,HIGH
0,0.4060371312282662,0.5794698331809346,1.6347140766018655,-0.7044033753836667,-0.00024515183949334266,1.2000904515699082,HIGH
0,-0.006259004103121402,0.6355274152786242,0.4379384995928971,0.9212933553176247,0.4773587122734867,-1.186343721306902,MEDIUM
0,0.19259697439527038,0.35441753031645823,0.3134500162103852,1.1934620814210786,0.6372942388990402,-1.132028652019053,HIGH
0,-0.2482636280730333,-1.8007013714889464,-1.3684215511731175,-0.7295153028689513,-0.00021746909269573615,0.42882575518336896,HIGH
0,0.35489263344146865,0.5291283061627625,0.7632083241565736,-0.7010936124364888,-0.00026070029416529054,1.1726708878011094,HIGH
0,0.1808263086336747,0.0338736762822931,0.9418229315710142,1.5424193500391208,0.5708666556244026,-1.197380392062708,HIGH
0,-2.465660794870439,-1.8072517597180269,-1.3772143752332846,-0.7762447219538829,-0.0016800489479407133,1.521353390790566,MEDIUM
0,0.17947756642479085,0.037942674335549445,0.9478831697930954,1.5788553142153197,0.5632049793265058,-1.1952256814605464,HIGH
0,0.8817538554274787,-0.7291883276991878,-1.3390882198906289,-0.7787406406022207,-0.00019657039019364164,0.7048092626077428,MEDIUM
0,0.39962245543851366,0.5717566132462346,1.3709107852689717,-0.7635394226107188,-0.000253335619027242,1.0291636411514238,MEDIUM
0,0.03201915994822099,0.6084280396193039,0.739211588552662,2.1271920980199126,0.005480178418016686,-1.0357866963309712,HIGH
0,-2.504180339321689,-1.8075252236637693,-1.377581455821125,-0.7348524973215568,-5.519551043552611,0.07355712815753387,LOW
0,-2.504032232869713,-1.8073643697674722,-1.377365535793171,-0.7876829310378552,-0.00292365083548478,1.6046182682971672,LOW
0,0.40245204620830294,0.5745807986326834,1.4742675839213573,-0.7041125935309219,-0.00025233271910622,1.203284684678442,HIGH
0,0.19318052372578517,0.37895750373143694,0.2630539044608105,1.172436072070028,0.6504295871125753,-1.1533932855970916,HIGH
0,-2.5040991619366935,-1.8074370601922511,-1.3774631107908026,-0.7757054848204978,-0.0019226031516841704,1.1851276184455233,MEDIUM
0,-2.4775300443895785,-1.807092342758596,-1.3770003840578824,-0.7881790252405384,-0.00257897314538519,2.0655402730836774,LOW
0,0.9069538597057255,-0.7994321024298079,-1.3375940022595094,-0.7984238628719141,-0.00015992437228735774,0.5063735193373208,LOW
0,-2.5040003160007984,-1.8073544902752354,-1.377352274191873,-0.7877009840267887,-0.0028958128453357057,1.6366987831326267,LOW
0,-0.10916003995959216,0.6527243777486822,0.7764898886008353,2.0084839503284306,0.4728131214377286,-1.184510011041239,HIGH
0,-2.504179753633066,-1.8075245875652348,-1.3775806019629562,-0.775315773297343,-0.0031200864482365245,0.49875585289864804,MEDIUM
0,0.4047460307970467,0.5830220533942834,1.6588708493029165,-0.7853559483373175,-0.00022093750917758732,0.8419879634124595,LOW
0,0.33395345754142763,0.5129576588079321,0.7107297284361155,-0.6997966600348617,-0.0002587239915323626,1.1633308616009854,HIGH
0,-0.022640394266441693,0.6508548314393524,0.4389392660087792,0.9319967133770681,0.47598259966163836,-1.185940371275223,MEDIUM
0,-2.5041802477428465,-1.8075251242027843,-1.3775813223110318,-0.7659282646385083,-2.3812261495169498,0.5659018498515395,MEDIUM
0,0.497055556842766,1.040510473622644,-0.4438882447218823,-0.7100616918140024,-0.00024126926666532338,1.140589730559323,HIGH
0,0.22175916015936598,0.4317736349303141,0.6332770509791795,-0.7529520477471731,-0.00025975097988086964,0.9705954337536417,MEDIUM
0,0.12886257501638948,0.28890958665169947,0.6318449321954521,-0.32244942396894105,0.5093239497311274,-1.2935696269698083,LOW
0,0.005309069561787514,0.6284885783211348,0.43635621428033683,0.9006372493523401,0.48038171717793954,-1.1874301494865307,MEDIUM
0,0.4073980619084,0.5821529919891549,1.6464637783057476,-0.7641166622645372,-0.00022801917442809085,1.0233526547294898,MEDIUM
0,0.4380349060295499,0.6477223039707801,1.025754692639303,-0.7871762022382404,-0.00023559646753634652,0.8170472632881577,LOW
0,0.22212981839939552,0.4312726011107092,0.6322492305978284,-0.6926398196161043,0.008941488026298081,1.1394698371271998,HIGH
0,0.5073190324931027,1.2817788527802916,-1.2885552184684357,-0.7908550767639629,-0.0001675587872894771,0.7527594298649208,LOW
0,0.5054949971410404,1.2222356971937323,-1.0613731734825096,-0.7907418715689184,-0.000172861481884347,0.7565555213660621,LOW
0,0.16601634529965234,0.28457769932872845,0.6318936272189765,-0.3753571916379141,0.5154702942342375,-1.2912607445904467,LOW
0,0.21029873380550052,0.42152912562496914,-0.08518349011400575,0.5410949956957245,0.7666366781898967,-1.2039217719936317,HIGH
0,-0.021960895693795973,0.6189449339074513,0.7476353205590797,2.121122576422841,0.44430083994538555,-1.179482044864979,HIGH
0,1.2113779201909485,-1.7732592378244663,-1.3315849783305886,-0.7804199313852236,-0.00014277845694080695,0.6320956792618202,MEDIUM
0,0.13342657263045551,0.2887601070692848,0.6318187758923025,-0.32447066071814845,0.5092603065545357,-1.2939336729124014,LOW
0,0.18084870247809207,0.036505218496683034,0.9404605637440392,1.5417320595769142,0.571218422921324,-1.1973899541547997,HIGH
0,-0.014061618276510857,0.6398157371549617,0.43819905366746303,0.924104479181999,0.47691622560549557,-1.1862200932077598,MEDIUM
0,0.40322655368047816,0.5454077369407085,0.6905794414342564,2.1286424272496927,0.0024083682595782705,-0.3713886113667487,HIGH
0,0.5077162170416613,1.2317524300138427,-1.1103448777895626,-0.7108134444536393,-0.00023132614911481648,1.1221832725561722,HIGH
0,0.40480073495380925,0.5830985006393146,1.65941830787959,-0.7853591854962769,-0.00022087857200420955,0.841935084376545,LOW
0,0.5073680365639233,1.284575436210862,-1.3047833749752067,-0.790858195879744,-0.00016738962121788005,0.7526539424991725,LOW
0,0.21939190412694717,0.42651060844904204,0.6351393190513878,-0.7452290129060428,0.4166937713460201,0.2217646800112162,LOW
0,0.40017982876633007,0.5525377183154327,0.47249971429429966,1.154909997873678,0.0023390273189333975,-0.35208730891592016,MEDIUM
0,0.5070106456042204,1.262871912607636,-1.2029457820499785,-0.7908365759349043,-0.000167911108096373,0.7533848482499939,LOW
0,0.18121854371391363,0.04716745656612792,0.9388530407840006,1.5322429127236419,0.5737463160355061,-1.1976551220071423,HIGH
0,1.2093466485494155,-1.7732026004205594,-1.3315170208782783,-0.7804065379497259,-0.0001435317214078828,0.6327686634224975,MEDIUM
0,-0.10228919911994978,0.6378762771850587,0.780550591548295,1.9928360397273588,0.47545238174670545,-1.1847724015130976,HIGH
0,0.41346231486338225,0.5638092437457184,0.4698803721967958,1.154368586860056,0.0027261859918831983,-0.48251247888354987,MEDIUM
0,0.2060153864584927,0.1354862238326655,0.36620018396461823,0.22261422540452883,0.5740919682665945,-1.2031179675857215,MEDIUM
0,1.1541952616144484,-1.5405747301374593,-1.3327256350375356,-0.7802731367900091,-0.000146134118402097,0.6394558400366132,MEDIUM
0,0.5644222324330957,0.6759587175542743,-1.3221345360426984,-0.7936869359456635,-0.0001846071479678616,0.6601311593894411,LOW
0,0.12897860720873036,0.28888411058485125,0.6318401601424906,-0.3227915329967476,0.5092673989811318,-1.29363345757346,LOW
0,0.3296471062996534,0.3168116138768287,0.6319258645573808,0.1902181148919755,0.004639351523480476,-1.0018051368071248,LOW
0,0.20601201939594482,0.13538412889917933,0.3662213052708868,0.2227815443993942,0.5741040702806348,-1.2031081968438058,MEDIUM
0,0.20594818853593036,0.13101224677713394,0.36662940355897317,0.22598882486757793,0.5733170145330247,-1.2029449048120524,MEDIUM
0,0.4597669847335362,0.728218820098115,0.6010830077246114,-0.7882759682166117,-0.00023665691364993093,0.805043682013148,LOW
0,0.12899376489418365,0.2888828064119907,0.6318399203627746,-0.32280908813307446,0.5092650054229695,-1.2936367062285332,LOW
0,-2.5040322333331204,-1.8073643702707645,-1.3773655364687585,-0.7876829301134122,-0.0029236642682357082,1.6046165904994891,LOW
0,0.5068854639190759,1.257234951507806,-1.185967313314761,-0.790828657440611,-0.00016839166112253922,0.7536522344276206,LOW
0,0.39999243269769835,0.5765591101641389,1.4580772548382352,-0.7850340029746462,-0.00024399715698041535,0.8462681964897595,LOW
0,-2.503602737381509,-1.8075274489318114,-1.3775844428792499,-0.734822545865178,-0.00021621286857372108,0.07389585498034489,HIGH
0,0.1375413738165413,0.28866121399527817,0.6318056493345141,-0.32584199932175156,0.5095409660891259,-1.2941649445117978,LOW
0,0.9290817715151333,-0.8554750561250875,-1.3387625115734134,-0.7790619819533049,-0.0001877555170837156,0.6931700184743063,MEDIUM
0,-0.09044042841627019,0.6331653133492825,0.7824925076565492,1.9858625776186212,0.4768234904106146,-1.1849563246018677,HIGH
0,0.21488084508182675,0.42613676487111835,0.2681414587600112,-0.2623512627105486,0.6065484400900405,-1.2941244373241902,MEDIUM
0,-1.8016184504337602,-1.8085028182921306,-1.378893716601514,-0.7341646494294289,-0.00020612196435705726,0.12423445408768183,HIGH
0,0.40309306330122013,0.5449155248639369,0.6902238171994705,2.12865639860734,0.0023936330009226344,-0.3662918799247079,HIGH
0,0.19083167134174536,0.2953585396796507,0.4105576120221934,0.6115448461076719,0.8971438854284537,-1.1765432090435721,MEDIUM
0,0.22142343613773266,0.43149942099165406,0.6155855481656549,-0.6892992954653345,0.5790928530202459,-0.32099968266416806,MEDIUM
0,0.49547073455315205,1.0176593945402321,-0.3727275843912954,-0.709957296955891,-0.0002424647442079027,1.1425596339282116,HIGH
0,1.2093617315557343,-1.7732089328794183,-1.3315174521755433,-0.7804066245811023,-0.00014352618460343973,0.6327643065117975,MEDIUM
0,-0.013042230909691558,0.6390539014637856,0.43816302375553895,0.9237284809288095,0.4769092684427682,-1.1862359788620531,MEDIUM
0,0.1917944355623031,0.2940318742042442,0.4105156311485032,0.6109028394556775,0.8557169394595328,-1.1828236150669513,MEDIUM
0,0.4395293171568696,0.6449024874722888,1.0305097741199094,-0.7661031583713241,-0.00023974833659332919,0.9989085065585426,MEDIUM
0,0.2220378656481876,0.4311979709971239,0.6291085239193895,-0.6648092310231133,0.48547542439060865,0.4828590378434727,HIGH
0,0.19534977126052233,0.28793094870206193,0.41027171252043504,0.6090322653456205,0.07636089596170985,-1.2007811869775598,MEDIUM
0,0.15511280169526495,0.3980328481900707,0.460177741497809,1.1597021332834143,-0.000251782261868125,0.6065032152402696,MEDIUM
0,0.404595831459553,0.5828122063623228,1.6560835045432138,-0.7853469624055319,-0.00022125814700218625,0.8421348130864783,LOW
0,0.5080409554201374,1.289645647378782,-1.3082154468407199,-0.7909001021214647,-0.0001658572575860292,0.7512383570590322,LOW
0,0.40415837603810484,0.5822002801587294,1.6415780545239875,-0.785319574714993,-0.0002230876460704674,0.8425816797058461,LOW
0,0.22225374732581357,0.43213072750349396,0.6335215248030005,-0.7529818739340903,-0.000259752708676327,0.9706825482534934,MEDIUM
0,0.24377887172469367,0.31456626302622964,0.603238261624728,0.1999247666314371,-8.903897218802691e-05,0.5370365764193071,LOW
0,0.40677197616329197,0.5805003533585896,1.6569605945098997,-0.7044579470405571,-0.00024390581866141653,1.1992760452520594,HIGH
0,-2.5040322318625443,-1.8073643686736218,-1.3773655343248556,-0.7876829330469295,-0.002923631256482153,1.6046219146638026,LOW
0,0.4063103737428162,0.5806307752690617,1.6497019884901172,-0.7640441307284083,-0.0002286117228869045,1.0244432032854944,MEDIUM
0,1.2087424103935525,-1.774122319242163,-1.3327507636048201,-0.7217321354847627,-0.0002102304146419852,0.8214307074322396,HIGH
0,0.13322037627323535,0.28876460573667784,0.6318194826303557,-0.3244092233979023,0.5092536255833762,-1.2939230290844363,LOW
0,0.22212993439279394,0.4312726850659514,0.6322489005386751,-0.6926410943385394,0.00807756232594927,1.139455448516394,HIGH
0,0.13405195008140686,0.2887464149057443,0.6318166671268352,-0.32465798865351925,0.509284063874777,-1.2939659750911163,LOW
0,-2.496778770269071,-1.8072293549044682,-1.377184300438199,-0.7879253770193637,-0.0026848198191439985,1.9255025432540385,LOW
0,1.1594748011849254,-1.5632090926813522,-1.333702627936265,-0.7216149906633186,-0.00021110713537405966,0.8269606333567238,HIGH
0,0.22174458459836355,0.43176237943541856,0.6333825092718739,-0.7526244870188532,0.0854798893136223,0.9715112816357266,MEDIUM
0,0.40631811963588077,0.5806416283316657,1.6499473558964213,-0.764044671803636,-0.00022858536580741085,1.0244350999707972,MEDIUM
0,0.180804047941988,0.03137438575054372,0.9434849422117102,1.5431022329279016,0.5707678879004856,-1.1973738985520905,HIGH
0,1.1978324900581767,-1.7016330111284712,-1.332725766245086,-0.7217185842045581,-0.00021012256226025957,0.8220726313609986,HIGH
0,0.2128471508324917,0.34943946642923684,0.3141497356396735,-0.15997688820920566,0.6251950569454157,-1.223300734025127,MEDIUM
0,-2.502020662454915,-1.8075276517708747,-1.3775847151574927,-0.7348191241855824,-0.00021692409779477,0.07401572711581843,HIGH
0,-2.4969702122652406,-1.8073625913364146,-1.3773631485405613,-0.7759156961404322,-0.0017751084710151284,1.3985425047201527,MEDIUM
0,-0.007857540286506912,0.6361620066666397,0.4380017615604159,0.9220206691231222,0.47713397109412947,-1.18631046969322,MEDIUM
0,0.2196069630016696,0.4337074639435975,0.6352353690423658,-0.7755909317504323,0.0007543394156426571,0.7929643613605972,LOW
0,0.4408359660559867,0.6485232471023283,1.0058999584711874,-0.7661794533372756,-0.00024007324509316014,0.9981704480650919,MEDIUM
0,0.004671730224464048,0.6295839674589102,0.4364463526098799,0.9018103169669874,0.48021181653089906,-1.1873638070613022,MEDIUM
0,0.07444033726074747,0.6007768129417113,0.7330073426611164,2.127359263481884,0.004003122950542607,-0.9420543732544302,HIGH
0,-2.5041800208608063,-1.8075272120437198,-1.3775841248957597,-0.7348256959932917,-0.0002153723977605516,0.07380324269550088,HIGH
0,0.07331314683314409,0.6194471983435961,0.4557833517076935,1.144131857128351,0.41735624717717085,-1.1797148103606736,MEDIUM
0,-1.825944280356019,-1.808484589499,-1.3788692474303412,-0.7342024663822364,-0.00020612914266610944,0.12125717642507455,HIGH
0,0.1808811361665377,0.03911100024103982,0.9395568298084094,1.5408034758383289,0.5717710803305154,-1.1974110708461259,HIGH
0,1.2058404558247426,-1.7509600194462343,-1.3314857276579086,-0.7804011814099562,-0.00014375332642475245,0.6330381380742814,MEDIUM
0,1.167606996242252,-1.5936719072731806,-1.3307367283335183,-0.7996283879749497,-0.00010421155651567593,0.4450291206387575,LOW
0,0.2221308211897923,0.4312733260708445,0.6322477297451459,-0.6926466295855322,0.0011753385565837133,1.1393769845663038,HIGH
0,0.14280085729645223,0.38547640694340035,0.5940738177899898,2.1301844563917314,-0.00024596253324313564,0.6133325859213228,HIGH
0,0.49656044918531395,1.0327703006726308,-0.4164126854490342,-0.7693973947061425,-0.0002163291904343946,0.961438807210595,MEDIUM
0,0.36967227296722627,0.5412590585850434,0.8415949139029962,-0.7019935835694641,-0.000262661882507387,1.1823990628476757,HIGH
0,0.49408785529808336,0.998365197383874,-0.31020615890586767,-0.7692413599722371,-0.00022034384766518066,0.964643013676779,MEDIUM
0,0.37106287019514317,0.5468308113857376,0.872209626591751,-0.7834317006308299,-0.00028146571888697464,0.8362637647111397,LOW
0,0.170467008667648,0.14545747895376918,0.8839578953060185,1.695261399220379,0.8863708953583864,-1.1872779051743405,HIGH
0,0.4175342873702526,0.3205246561964165,0.6293167390273146,0.19156945247139678,0.0034477399223007414,-0.7241823218981912,LOW
0,-2.504180339334552,-1.8075252236777395,-1.3775814558398776,-0.7364186833699788,-3.986501354014067,0.2082937430350452,MEDIUM
0,1.0655621679088363,-1.2433203282166365,-1.3371858489997397,-0.7211260422251939,-0.0002193543043429379,0.8489763401790258,HIGH
0,0.22175854822651428,0.4317731930239684,0.6332773500537449,-0.7529511201502254,0.005410318872877105,0.9706114318273508,MEDIUM
0,0.22174705086996024,0.4317643991529554,0.6333942185609226,-0.7527100544402305,0.07472260048187987,0.9713777442394915,MEDIUM
0,0.24466027305816868,0.4517964306971861,0.6476846142607313,-0.7769149553464811,-0.00026323583685068284,0.7973466491179171,LOW
0,0.5073821125950085,1.285117658234099,-1.3070672265861139,-0.7908590971664001,-0.00016732670801833846,0.752623463306167,LOW
0,0.7979135408862608,-0.4910700378952213,-1.338723154290771,-0.7780616365756338,-0.00020935436379267706,0.7262905656377151,MEDIUM
0,0.20598781991076728,0.13410775379154294,0.36637420478555544,0.2239898804847843,0.5738042368668387,-1.2030439068839345,MEDIUM
0,0.4205442828686922,0.3197821893644075,0.6298495655417294,0.19128769804326043,0.0036202152935907736,-0.7793249219426576,LOW
0,-0.09398556829338442,0.633475025612868,0.7811500439000361,1.9905669437346292,0.4759738418510302,-1.184823804611748,HIGH
0,-2.470001160547029,-1.8072631771502243,-1.3772297012672572,-0.7762078129294538,-0.0016875960026955855,1.515603814243709,MEDIUM
0,0.507390965130061,1.2853708341325114,-1.3078021921247276,-0.790859660240518,-0.00016728622915008728,0.7526044221957733,LOW
0,0.20602509329233476,0.2560736067638328,0.631913323047384,-0.4182862633803092,0.8611706514120518,-1.3088023770195814,LOW
0,1.193025312059575,-1.6793683729434707,-1.330179708008847,-0.7996738056968287,-0.00010332985232390042,0.44245765920649455,LOW
0,0.004328103545501532,0.630120494000324,0.4364949414673654,0.9024432077070248,0.4801206134475855,-1.1873282108653185,MEDIUM
0,0.17410201763950464,0.13939068305102206,0.8845474803547708,1.6940730099174284,0.1552745769968062,-1.2054451822871317,HIGH
0,1.1659433833935282,-1.5878170820793076,-1.330803751780364,-0.7996231633662922,-0.00010448352835432663,0.44532543560024535,LOW
0,0.40630263919434445,0.5806199375154956,1.6494545880799616,-0.7640435897334161,-0.00022863832527769736,1.024451304020819,MEDIUM
0,-2.504179246723655,-1.807524037026398,-1.3775798629546774,-0.7872222185287344,-0.13342579554345158,0.5389467322961871,LOW
0,0.16546300407648235,0.3348310073788714,0.4122060151698557,0.6310502091669734,0.5107594983662956,-1.0843820557957369,MEDIUM
0,0.46266975444485964,0.7431545249815379,0.5387723790664647,-0.7884210565037243,-0.00023596763615443464,0.8034089782006454,LOW
0,0.4032258590080638,0.5453778739855457,0.6905578544151688,2.1286432741254084,0.002407479023289676,-0.37107935161062683,HIGH
0,0.21960459145810535,0.43369973321575966,0.6352342121944373,-0.7755847266218867,0.013837797196744677,0.7930219043172515,LOW
0,0.05347796051024236,0.36051515416880475,0.8413276225981341,1.8064277102845376,0.5137316416503942,-1.1928812771558654,HIGH
0,0.1757152277700792,0.10438329492853235,0.9011017900674103,1.6681726125947551,0.5418265483960625,-1.188339199969835,HIGH
0,1.2069936824797285,-1.7592928736011662,-1.3314926627146497,-0.7804024313712362,-0.00014373838609739055,0.6329752465915788,MEDIUM
0,-2.461723841892318,-1.8075321426202455,-1.3775907433877315,-0.7347890267148455,-0.00021811816435561213,0.07569344199559544,HIGH
0,0.4975025326428388,1.0467548113695064,-0.46039915862893505,-0.7694578658634115,-0.0002146967346621337,0.9601119940793996,MEDIUM
0,0.39115578857327804,0.5613784669111331,1.1262096824177517,-0.7033170265678562,-0.0002623279161571466,1.2003464276698577,HIGH
0,1.1677033893460125,-1.5930236199961498,-1.3333475736570348,-0.7216519195390332,-0.00021038296080221403,0.8252176451866984,HIGH
0,0.2217468167850773,0.43176420815458333,0.6333948332625994,-0.7527023800895529,0.0755999373176436,0.9713903770436791,MEDIUM
0,-2.504181204262921,-1.8075261630500377,-1.3775827167934358,-0.7348348892142486,-0.00021034261362138816,0.07363100120187406,HIGH
0,-2.494903486426996,-1.8075279470112853,-1.37758511146942,-0.7348107714000974,-0.00021796803903655285,0.07438444374949552,HIGH
0,0.39820175702726285,0.5409436401006857,0.6873788797574695,2.1287704283348376,0.002272662665704453,-0.32507735251493836,HIGH
0,0.17425476082500663,0.13875080813317603,0.8846761641874648,1.6940180711161437,0.07745208748521719,-1.2063020231667705,HIGH
0,-0.013336353653980271,0.6392620864625077,0.4381729263722567,0.9238318099606926,0.4769103601653882,-1.186231598821477,MEDIUM
0,-0.010476210650278234,0.6374811407619924,0.43808406991777205,0.9229021137858618,0.4769496034324061,-1.1862714797548335,MEDIUM
0,0.12905492925101497,0.28887847181379606,0.6318391245532382,-0.3228674408112542,0.5092576489548775,-1.2936474841321737,LOW
0,0.0077644643857370296,0.6452880545744137,0.44572597000728265,1.0114323117361488,0.46616729848403254,-1.1823490553310538,MEDIUM
0,0.17423144297648457,0.13894988085058332,0.8846287509573312,1.6940339430625952,0.10158358594130698,-1.2060506624138154,HIGH
0,0.21013707544922944,0.42138715201297133,-0.08329524485905782,0.5497443274479343,0.7652655804436467,-1.203331535087138,HIGH
0,0.45596650939911315,0.7105536720249869,0.6794895891395321,-0.7880858161100508,-0.0002372139539151362,0.8071281376558149,LOW
0,0.5091664927542773,1.2847359050664864,-1.3110928131856638,-0.7109201181746341,-0.00022940854016344632,1.1190204307707805,HIGH
0,0.5096185399920051,1.2885739374364031,-1.3096746096100034,-0.7702815593562338,-0.0001897418114680075,0.9380585173388206,MEDIUM
0,1.2120512830384527,-1.7732830218383886,-1.3316169044764214,-0.7804260562610583,-0.00014251911229192733,0.6317882822621376,MEDIUM
0,0.12892097080615986,0.2888924505441833,0.6318416994777989,-0.32267931699988,0.5092854709224912,-1.2936126160216554,LOW
0,0.5095097732161917,1.2880340625289817,-1.3096384381841186,-0.7702739918019531,-0.00018988702007826844,0.9382890315957122,MEDIUM
0,0.1289795936616084,0.2888840208145917,0.6318401436326354,-0.32279274134417474,0.5092672310961174,-1.2936336812797469,LOW
0,0.5077137761589225,1.2896820650928302,-1.3081078168124616,-0.7908799387389336,-0.00016612052594300466,0.7519190879082684,LOW
0,0.22175914806889344,0.43177362620110243,0.6332770452860959,-0.752952046867872,-0.00020358313488697346,0.9705954501402179,MEDIUM
0,0.3318664604382228,0.32794783785902826,0.619443670939002,0.19636610867703444,0.001025582161458416,0.10420603015888771,LOW
0,0.21161439945030558,0.250602692581462,0.6319090922203898,-0.42204530465901663,0.5174363778360079,-1.3393798517947515,LOW
0,0.22263856195815554,0.43164008090607,0.6324989485690751,-0.6926796060889309,-0.0002567180749864203,1.1394646124163037,HIGH
0,0.4041348795579779,0.5776015731250845,1.5528255650572411,-0.7638759400046808,-0.00023814806304334811,1.0267515489281664,MEDIUM
0,0.4006259872148047,0.5722409216276692,1.4023680555965434,-0.7039726543976874,-0.0002550353280326619,1.2038893385290934,HIGH
0,0.4800416984712594,0.8647566385206212,0.10548615841128593,-0.7892996887931581,-0.00022407917006561485,0.7916741935028729,LOW
0,0.12897961137838498,0.28888401920960555,0.6318401433374783,-0.3227927629480149,0.5092672280989453,-1.2936336852792212,LOW
0,0.3888679340896034,0.5590036008427134,1.0787025343219607,-0.7031702424804606,-0.0002629885310184914,1.198588769165048,HIGH
0,0.41381622103772314,0.5630738612467703,0.47004937725615803,1.1544032940788322,0.0027013465777776156,-0.4739934896479533,MEDIUM
0,1.1983406265203025,-1.7001629220375287,-1.3314924485987438,-0.7803940408801482,-0.00014334797798988596,0.6333972311542061,MEDIUM
0,0.38793204136084725,0.558793210371664,1.064219724288986,-0.7627753726139876,-0.00027062530617254655,1.0256116056211977,MEDIUM
0,-2.5041803393365116,-1.8075252236798682,-1.377581455842735,-0.7365533223927594,-3.9833000474554354,0.22882798907062155,MEDIUM
0,0.22011583925705405,0.434074610010349,0.6354857376294827,-0.7756178831645115,-0.00026294351450466535,0.7930524023434866,LOW
0,-2.504179651952439,-1.8075244771330101,-1.3775804537257696,-0.7855304670196803,-1.670639708170988,0.5537082725025653,LOW
0,-2.50418030270744,-1.8075251838981514,-1.3775814024422917,-0.7597820007327782,-2.936688374306731,0.6344998083432752,MEDIUM
0,0.19265445180443555,0.4218390466430328,0.47043124485787374,1.15966953017515,-0.00020817321171679178,0.5947756482232219,MEDIUM
0,0.2216395454480066,0.4316762828976228,0.6290152133253484,-0.7363510503180738,0.5592446511388897,0.6552209395830993,MEDIUM
0,0.5800292053278382,0.5488908764600379,-1.3274113832654255,-0.7149619704994784,-0.00023557724360448028,1.00516810429141,HIGH
0,0.4104037544925838,0.5596277907565153,0.4708482076409476,1.1545672484193563,0.0025818801126608485,-0.43402786784405173,MEDIUM
0,0.4036037424399892,0.5814226682744448,1.6171583694544338,-0.7852819312777605,-0.00022612767599847927,0.8431861943197061,LOW
0,0.24331303379946506,0.452577434157036,0.4793734041447674,1.1592217102170315,-3.8704851848266695e-06,0.5154614093401368,MEDIUM
0,0.5499162319331363,0.8255730449389769,-1.3218952773378498,-0.7135184433229331,-0.00023308611814266852,1.0440175590237892,HIGH
0,0.17956206813076273,0.036355727962958856,0.9489823272886716,1.576737244028171,0.5637065766689399,-1.1954273534236495,HIGH
0,0.1379615520490474,0.19873553873709204,0.8776414834292634,1.7138968055625876,0.5238085210533618,-1.095064174890738,HIGH
0,-2.504099507039297,-1.8074374341887391,-1.377463612819874,-0.7757043937091567,-0.0019237999507009658,1.1836455700859025,MEDIUM
0,0.40444608297441165,0.5826029379136239,1.6519393999240617,-0.7853378202963792,-0.00022176865727741208,0.8422842020395753,LOW
0,0.9525420297731644,-0.9211223212419677,-1.3371018634896055,-0.7986768782032221,-0.00014908184713170551,0.49487134722975895,LOW
0,0.21916580199744226,0.41890891436367816,0.635026153154712,-0.7162486875868035,0.4656463066112855,-0.31845133452273366,LOW
0,0.5086942912058527,1.2615364114682353,-1.2094417212477993,-0.7108857890486577,-0.0002298479032464897,1.120044732943836,HIGH
0,0.13974845065632457,0.2885634852859588,0.6318032757186036,-0.3272990002711378,0.509876114514816,-1.2943984331372524,LOW
0,0.18087250413801212,0.03860978057684121,0.9396627970417352,1.5410380393319227,0.5716532267560724,-1.1974048310706547,HIGH
0,0.3174647969801522,0.5006371107067156,0.6895749888245308,-0.6987595645267553,-0.00025783143783391325,1.1582981337185405,HIGH
0,-0.02274322811163183,0.6558938442243424,0.4402458241146605,0.946260678038559,0.47429820657036525,-1.1854873847828777,MEDIUM
0,0.2059738280040994,0.1330320846545184,0.3664638219102662,0.22469424986960423,0.5735813238045417,-1.2030083053650675,MEDIUM
0,0.12894002537324692,0.2888887340912427,0.6318410117609135,-0.32272930733832783,0.5092768200000122,-1.293621916787555,LOW
0,0.13974438769724037,0.2885639748551868,0.6318032580429015,-0.3272914139817819,0.5098750779129136,-1.2943972474402057,LOW
0,-2.5041496491648356,-1.807491892021279,-1.3775367135466514,-0.7755286213733595,-0.002240188407609307,0.8985997075305746,MEDIUM
0,-0.005713844293895113,0.6353835683788671,0.4379076122282497,0.9209082284805031,0.4774616789900212,-1.1863618156708597,MEDIUM
0,0.9316319888910588,-0.8651573649523904,-1.3373644144191141,-0.7985636728867889,-0.0001540735935943385,0.5001070607168809,LOW
0,0.45574952094228594,0.699082899383046,0.7179384080891978,-0.7075805469174969,-0.0002511150484379478,1.1651789113116602,HIGH
0,1.2079430187002422,-1.7722047367401739,-1.3301694832208064,-0.7996877765216313,-0.00010396440814156161,0.44166324178621436,LOW
0,-2.5041821165220353,-1.8075271538268136,-1.3775840467490916,-0.7348261696555131,-0.000215229307593202,0.07379083041042203,HIGH
0,0.2931404906557331,0.48350651793182403,0.6713727464421649,-0.7572351565030244,-0.0002608618387252685,0.9836906192413847,MEDIUM
0,0.3908938006731047,0.5618471653146759,1.1242396060903146,-0.7629585624608608,-0.00026828944678331814,1.0272817854287806,MEDIUM
0,0.2142955990070866,0.4249955737629118,0.26164579309088726,-0.25004948069487654,0.2651940444895812,-1.3312836578828176,MEDIUM
0,1.159193776369569,-1.563320922240036,-1.3310962104297328,-0.7995997020454526,-0.00010561964366941451,0.4466567923781679,LOW
0,-2.5038121513573235,-1.8074230556068909,-1.3774443119271627,-0.7757456817191125,-0.0018826984148165777,1.2369386447440989,MEDIUM
0,0.4665958868378845,0.7522112920682676,0.488855007901647,-0.7082169308440908,-0.0002515170446454676,1.1609063276553317,HIGH
0,1.178224604524891,-1.6287831638407066,-1.3304060388350902,-0.7996542715467263,-0.00010290592753805097,0.4435633151066992,LOW
0,-2.5040993587175753,-1.807437273027333,-1.3774633964870642,-0.7757048639731795,-0.001923283366200631,1.1842848146001546,MEDIUM
0,-1.9706581730625132,-1.807042844507192,-1.3769339407570182,-0.780248301434665,-0.0012072579500472266,1.1169683575941662,MEDIUM
0,-0.015004252252705888,0.6406553663766446,0.43823869487221273,0.9245189521572611,0.4769253949887241,-1.1862027527224062,MEDIUM
0,-2.504179180762824,-1.8075239653883535,-1.3775797667923277,-0.7872345876820088,-0.0049589966991562436,0.5409950662198582,LOW
0,0.22212572746624662,0.43126959208561405,0.6322827541791685,-0.6925173710967657,0.038801663876679056,1.1405040194102625,HIGH
0,1.2123545932084014,-1.773297396838273,-1.3316362005609323,-0.780429710228039,-0.00014239554768643737,0.6316049802215539,MEDIUM
0,0.38356501288605194,0.554499802825554,0.9915449212321634,-0.7625128873657857,-0.0002725525528604329,1.022732890892239,MEDIUM
0,0.36305095718363956,0.5357181737766047,0.7999068792907131,-0.7015918086266478,-0.0002617648795740887,1.1776555733148746,HIGH
0,0.19707721910108944,0.42457326742102564,0.4714627438710427,1.1596517471652268,-0.00019845797671083992,0.5913504777690207,MEDIUM
0,0.19122707686995943,0.29481445344780327,0.41054049884294086,0.6112795867457612,0.8887379544653738,-1.179170299798853,MEDIUM
0,0.4063414247110602,0.5806742785691931,1.6506706835989147,-0.7640462955026559,-0.0002285078448490958,1.0244107749123217,MEDIUM
0,0.37402211265999613,0.5511127776921625,0.6947149281453625,2.12848204241399,0.0025649297329788908,-0.4305681119189939,HIGH
0,1.2087555875274438,-1.7741279347846193,-1.3327511393230025,-0.7217322182073853,-0.0002102275987823155,0.8214267896814264,HIGH
0,0.19598830544564244,0.26994108809337247,0.40819798095092474,0.5997699835795209,0.5212085065239621,-1.1860717796363414,MEDIUM
0,-2.2171674541247923,-1.8063987942408217,-1.3760694086895975,-0.7905142294626247,-0.0022087723212052867,1.8646547393598083,LOW
0,-2.504140530462603,-1.8075272831988853,-1.377584220409923,-0.7348249679970387,-0.0002155837076854624,0.07382309596820155,HIGH
0,0.05744911352229758,0.3294005598924906,0.5610956199135158,2.127954077830973,-0.000265007232867148,0.6042006314894434,HIGH
0,0.20594075891733465,0.13060485472921718,0.3666776430746442,0.2263646488455317,0.5733108841434621,-1.2029263344933343,MEDIUM
0,0.1283827478560602,0.28926003381246346,0.6319303497046959,-0.31794482904252186,0.5086077927094551,-1.2926736032061465,LOW
0,0.39338865406435575,0.5686030633878048,1.2352624319567278,-0.7846213992955611,-0.00026481428263441537,0.8475369606596196,LOW
0,0.21322095379964193,0.24890829332469885,0.6319187759141673,-0.42282383560766085,0.07795663775016917,-1.349641969001768,LOW
0,-2.5034301914448003,-1.8073278102074422,-1.3773164605677308,-0.7877490715182563,-0.0028321520132432816,1.7154404719843344,LOW
0,0.40172080340417515,0.5434467372405043,0.6891660076730375,2.1286982828736285,0.002349089758200632,-0.35107550172668395,HIGH
0,0.19287376605897757,0.4161347228564529,0.6110894346073964,2.1310028030312185,-0.00015566115083086367,0.5826330743479627,HIGH
0,-2.503786037996004,-1.8073405853117952,-1.3773336090543546,-0.7877261227656132,-0.0028607586987326183,1.6790787897323025,LOW
0,0.40676415383620584,0.5804893958848837,1.6568887197303226,-0.7044573950637156,-0.00024390974773048102,1.1992843834811506,HIGH
0,-0.10271248570208674,0.6382511955390965,0.7805173401979715,1.9929654607307108,0.4754681873305531,-1.1847698384799035,HIGH
0,0.5051723677508707,1.1793078252830542,-0.9119576535722272,-0.7106257788003768,-0.00023391661416075613,1.1274630786874735,HIGH
0,0.611822564960313,0.2992570132016043,-1.3315372451929908,-0.7161182357433499,-0.00023841060265581782,0.9762707904578664,HIGH
0,0.1957920158087403,0.2738514430313811,0.40883592607778535,0.6046500712633301,0.2777238210674265,-1.196873340771859,MEDIUM
0,0.19357191142371621,0.40648753049856906,0.20827585838854148,1.159925603988608,0.0981440900638057,-1.2613046081326187,HIGH
0,0.18118687043184173,0.04643868172989029,0.9391635448643999,1.5330353182552252,0.5735718938622617,-1.1976346427973215,HIGH
0,0.22174672738887813,0.43176413514067447,0.6333949114386253,-0.7526994289875654,0.07593932950574608,0.9713951740193095,MEDIUM
0,-0.046232283666905766,0.6285431114636617,0.7552810320925798,2.0901322475129938,0.45747368976254155,-1.1801196105572038,HIGH
0,0.40356273005697674,0.5768262192356964,1.5272955703074091,-0.7638315380016811,-0.0002404573323030099,1.0272487569970374,MEDIUM
0,0.3969607975558956,0.5727747362756862,1.3457865409678056,-0.7848386258157991,-0.00025516365640992824,0.8474166641162478,LOW
0,1.2087420627388115,-1.7706897337375689,-1.3315082922482189,-0.7804048863098313,-0.0001436338545726941,0.6328517384882785,MEDIUM
0,0.5913605487647086,0.4583014172218044,-1.3275769907889639,-0.7744660463963005,-0.00020864305446451078,0.8181130885964889,MEDIUM
0,1.1864306381413903,-1.6513114875231825,-1.3316312134402148,-0.7803793520575846,-0.00014246672525667988,0.6341338372362488,MEDIUM
0,1.1969105393004396,-1.6990982958314471,-1.3301446642243873,-0.7996772109324556,-0.00010374117679313773,0.44226433504746787,LOW
0,0.2212043690201866,0.4313200978920187,0.6023755285557355,-0.6557221670005053,0.6242057208282195,-0.7758051405383214,MEDIUM
0,0.22193046324269644,0.4311099318383496,0.6198652356018326,-0.5997135650317622,0.8818798966815989,-0.5404911293600749,HIGH
0,0.9318413335548109,-0.8628415446572028,-1.3387315433965568,-0.7790796241077104,-0.0001872240705223905,0.6924959805239331,MEDIUM
0,0.4378157097459852,0.6402820234131253,1.0627581723412274,-0.7660027876437985,-0.00023929576298176606,0.9998933924233002,MEDIUM
0,0.21019933366945254,0.42144354608551915,-0.08292352617494071,0.546576595758984,0.7660819837749488,-1.2035370468087057,HIGH
0,-2.4977748869999012,-1.8072396829815456,-1.3771981641912232,-0.7879067786048926,-0.0026961490126965466,1.9086226687225503,LOW
0,0.1936983086380246,0.40660013047639565,0.20089216068808527,1.1593870309443517,0.12815530618094406,-1.2590138606992394,HIGH
0,-2.503781286659944,-1.8074223566178562,-1.377443373648791,-0.7757476655754872,-0.001880923045073578,1.2393549573489926,MEDIUM
0,0.18088461798088507,0.03927398239844895,0.9395379688431483,1.5407112109543495,0.5718094523329533,-1.197413681354171,HIGH
0,0.36084175028448656,0.5346446773415849,0.7904606583401356,-0.7612015339346223,-0.00027061821997650704,1.007210203792812,MEDIUM
0,0.1914174671643865,0.29455234921644446,0.41053220734877255,0.6111524116795646,0.8813650761428279,-1.1804001656044985,MEDIUM
0,0.22213079190835788,0.43127330491938515,0.6322477300591027,-0.6926465704889351,0.0015204989942278228,1.1393783369594486,HIGH
0,0.048676045937332824,0.5478772188901014,0.43008067522474813,0.8227720384980117,0.49176438685743945,-1.1925525752901387,MEDIUM
0,0.39454118250459347,0.5658027791370799,1.213082030100073,-0.7631924274111359,-0.00026379138807193015,1.0287809030089188,MEDIUM
0,0.22153354506879497,0.4307848564763384,0.5892366616779665,-0.5004388101003799,0.894471802261216,-1.2292221670108703,HIGH
0,0.19535022353972908,0.28791900676037835,0.41027064248178585,0.6090306610592586,0.07546276545008927,-1.2007975425107136,MEDIUM
0,0.2216556981759026,0.4308849265664369,0.5986096699905465,-0.5224149432086729,0.8751471736382579,-1.1791175876925026,HIGH
0,1.2116564051518661,-1.7732682161666622,-1.331597030285453,-0.7804222545827063,-0.00014267283248704297,0.6319790588546174,MEDIUM
0,0.13062686177178837,0.28882435965587877,0.6318294224713425,-0.3235974220870797,0.5092145535896426,-1.2937800348181343,LOW
0,0.40546103060507105,0.5794378431747652,1.6143025186032545,-0.7639804034420442,-0.0002323177325903849,1.0253800974796923,MEDIUM
0,0.49884823259466005,1.067355754382477,-0.5259302560084085,-0.7695449719577112,-0.00021228594705001796,0.9581414766742056,MEDIUM
0,-2.504180339321689,-1.8075252236637693,-1.377581455821125,-0.7348544121561823,-5.5207200384238195,0.07356744380263511,LOW
0,-0.005630554888677814,0.6353696286116618,0.43790141509162,0.9208286004647571,0.4774789378593231,-1.1863656042024142,MEDIUM
0,0.2619093236824805,0.4642732002954495,0.6565296854227648,-0.7778241141908209,-0.000263617573926115,0.8004207595956748,LOW
0,0.2129252195362833,0.3522997828746028,0.3133726783766686,-0.16477081304832109,0.6259038199764713,-1.2239802312421308,MEDIUM
0,0.4047425944283648,0.5784364464770613,1.5807021371827956,-0.7639236355374969,-0.00023556143762654377,1.0261583138684687,MEDIUM
0,0.5073954637488375,1.2854598211495016,-1.3079633361144996,-0.7908599460986703,-0.00016726555950844906,0.7525947557066527,LOW
0,0.21354710543499344,0.3763817680906381,0.30541329006064016,-0.20323019228571382,0.6323611560035833,-1.234855756094394,MEDIUM
0,0.27378060539587806,0.31433244857019754,0.6326435162070488,0.17871208225355711,0.44643315939831313,-1.1796187346957234,LOW
0,0.1742781333023912,0.13777300119359212,0.8849387335711045,1.6939382019465608,0.08333618944028978,-1.2072617775608097,HIGH
0,0.412085027535102,0.5645087426361293,0.4697189221626156,1.1543356504693985,0.002749128815717961,-0.49061911169983874,MEDIUM
0,0.2185711994586743,0.39910430992137735,0.6347262561615294,-0.6612584945879864,0.5188884800407207,-0.9840527504925206,LOW
0,0.25495004645978264,0.4595647385173424,0.4804837126572089,1.1590354347660303,7.787504282021379e-05,0.4827103249261342,MEDIUM
0,0.15098738119247215,0.17577764021364659,0.8810925913019321,1.7042311600411193,0.5436101275876876,-1.0768734806949887,HIGH
0,0.5089510090039278,1.2709949220901802,-1.2395735365872724,-0.770235123619371,-0.00019123800497362794,0.9394729061562312,MEDIUM
0,-2.5041803393458144,-1.8075252236899715,-1.377581455856297,-0.7371613371152996,-3.9639042048321795,0.3293851806711746,MEDIUM
0,-2.3024065890457117,-1.8065637429014354,-1.3762908252684343,-0.7897270162362666,-0.0023173328145184337,1.969923482608135,LOW
0,0.13206808814938772,0.608909816722105,0.4591018271397841,1.1524374693434212,0.0047643721412695345,-1.0144157444295365,MEDIUM
0,0.47057854052261233,0.7906924889365796,0.3549924523029506,-0.7888171598293768,-0.00023266004445727365,0.7986443512017312,LOW
0,0.42348767695832323,0.6083465013540744,1.3335832561797536,-0.7651408185070185,-0.00023451134056767277,1.0094188032466074,MEDIUM
0,0.41379530621730326,0.5633008186374967,0.46999728873839947,1.1543925744165633,0.0027090723573589084,-0.47662229854445126,MEDIUM
0,0.21297191207606717,0.24916168744144013,0.6319125799580131,-0.4226868319845116,0.18849443196605345,-1.3476567815024263,LOW
0,-0.005660056399906556,0.6353741710357634,0.4379036944460075,0.9208579619466635,0.4774727641128505,-1.186364205301005,MEDIUM
0,-0.10202856468272642,0.6376611920130778,0.7805695977610297,1.9927620383215023,0.47544342131058903,-1.1847738746884344,HIGH
0,0.4082294935180223,0.5880022432454592,1.5956904884857985,-0.7855580029754319,-0.00022280936618864747,0.8387390539339555,LOW
0,0.21574563619088444,0.30336190664309426,0.5952748110285271,0.20063778272566643,-0.0001970834248012642,0.5783043828402277,LOW
0,-0.00594649316832297,0.6354363408482986,0.4379222152795016,0.9210929611380505,0.4774158277651272,-1.1863530899656038,MEDIUM
0,0.07225081033432282,0.6011693133206192,0.7333244201577098,2.1273518359339914,0.004018421124072537,-0.9462917246829954,HIGH
0,0.2737806053957164,0.31433244857017556,0.6326435162070488,0.17871208225303042,0.44642424931699165,-1.1796187346957228,LOW
0,0.2059369351099195,0.13049047850796855,0.366702566261199,0.22655859724575217,0.5733276857264356,-1.2029165169971274,MEDIUM
0,0.40611146915860735,0.5795743367183762,1.6378087305923974,-0.7044092109206617,-0.0002449818095669874,1.20000475211957,HIGH
0,0.2208425425613414,0.43021840461995814,0.5367539757983119,-0.39623843183125895,0.8891645863211006,-1.2681636496026163,HIGH
0,0.41362371240934936,0.5624954874108944,0.4701818255384265,1.1544306413401235,0.002681497457908725,-0.4672960473687525,MEDIUM
0,-1.5674732243689813,-1.8085271900353654,-1.3789264316777523,-0.7337355444198886,-0.00020757880774880465,0.15768910210944093,HIGH
0,0.21411488103893428,0.40730055437005774,0.2817787633612979,-0.23789699433440226,0.6339616042711036,-1.2633918156629316,MEDIUM
0,0.4047862408011408,0.5830782437519929,1.6593024877326765,-0.7853583294032943,-0.0002208910168009835,0.84194906671992,LOW
0,0.5098069604913904,1.287751827481123,-1.309735095246607,-0.7702945937738805,-0.00018971054813431634,0.9376615350996791,MEDIUM
0,1.1796092864745775,-1.633169402930986,-1.3303762154563572,-0.7996567431243179,-0.00010282610108755027,0.4434235193453923,LOW
0,0.09978424945888432,0.45370193425187577,0.4222343367640787,0.7362267689603075,0.5039032666643549,-1.1898068057350517,MEDIUM
0,0.38668085668582686,0.5334039184860973,0.6820641699611193,2.1289907184314734,0.0020461370851421468,-0.24736780547413761,HIGH
0,-0.10552531236233352,0.6520276064713558,0.7749930650263155,2.0141959015096194,0.47178075835095695,-1.1843134476731838,HIGH
0,0.5092216433886576,1.285513296785533,-1.311113330979735,-0.7109242447564581,-0.00022930769611159422,1.1188971538817103,HIGH
0,0.19356978762560925,0.40647422398697125,0.2084203606665892,1.1599341649989918,0.10722067828965383,-1.2612638140213406,HIGH
0,0.21322140690160735,0.24890836836821392,0.6319189391624584,-0.42282579323043823,0.07697419310756391,-1.3496721309707624,LOW
0,0.33775644989993847,0.5165714217795572,0.7188345394697547,-0.7598689099127048,-0.0002654321307157456,0.9959930968828414,MEDIUM
0,-0.08986626067629357,0.6329885508891656,0.7827136720144817,1.9850909403882373,0.4769607226921453,-1.1849784165259771,HIGH
0,0.7985173506744183,-0.49685102759660177,-1.3374005543734093,-0.7976922339763556,-0.00018305665904896424,0.5356712315340613,LOW
0,0.22058284139663198,0.43081119112860794,0.5652892957189327,-0.59380421451343,0.6777724909405409,-1.2099175630719377,MEDIUM
0,-0.09419981749145073,0.6335113082152087,0.7811112498585673,1.9907044146277333,0.4759304011805205,-1.1848201296945835,HIGH
0,0.5090294209752628,1.282126876928289,-1.3079960457926294,-0.7109097876261435,-0.00022969243658059035,1.119328806590648,HIGH
0,1.1314792550562782,-1.4581861579681896,-1.3336667395354396,-0.7801680888505647,-0.00014968022988093852,0.6446793661172606,MEDIUM
0,0.144659057809182,0.2879588293588515,0.6318241667686781,-0.3365282711707692,0.511110467876992,-1.2955262935438596,LOW
0,1.1745181284531432,-1.616908041783231,-1.3305005928465212,-0.7996467086311602,-0.00010323960354768909,0.44399121529163194,LOW
0,0.19160670110976483,0.29429146066950385,0.41052391801872107,0.6110266534528295,0.8705548251728751,-1.181616483514366,MEDIUM
0,0.3557874864280415,0.5305737102690541,0.7683472660265261,-0.7609117102785437,-0.0002693797664213716,1.0043135244152377,MEDIUM
0,0.4651873842472346,0.7570739477245118,0.4828852824869279,-0.7885469317896748,-0.00023518752326142934,0.8019534032837521,LOW
0,0.5024469832949322,1.1615127263366016,-0.8357315970627995,-0.7905522530612519,-0.00018066887895906394,0.7626021150873397,LOW
0,1.2087079504176603,-1.7740691726018079,-1.3327498543581877,-0.7217319353485603,-0.00021023722707222078,0.8214401860468247,HIGH
0,0.5045189988386239,1.1654232150316082,-0.8578754017581892,-0.7699249609456529,-0.0002011769182583289,0.9485184259412899,MEDIUM
0,1.207405406593729,-1.7621824590738528,-1.3314957586713219,-0.7804029213703704,-0.00014372468492452963,0.6329505928763981,MEDIUM
0,0.21376480621515292,0.2541910509376408,0.6322070551713938,-0.43272154814683184,0.5275892390602328,-1.3636475593774617,LOW
0,0.17981333477752237,0.03167499097294632,0.9521375817038726,1.570360281804874,0.5652076245547601,-1.1960026578359066,HIGH
0,0.21404868233111976,0.4025107520076476,0.2869895349069706,-0.23413334983542228,0.6391900459855319,-1.259098748040459,MEDIUM
0,0.005993544968923477,0.6131270368962589,0.7430088112292906,2.126842759225191,0.02160315182275358,-1.1142244618193404,HIGH
0,1.1549242806263647,-1.5463810211339877,-1.3339036989412016,-0.7215929479451636,-0.00021149103227344394,0.8280000943436887,HIGH
0,0.193572735699007,0.4064907218400367,0.20822295922427078,1.1599224877741598,0.09467982470819275,-1.2613189873787325,HIGH
0,0.22191852881347293,0.4311001597626918,0.6188613186518239,-0.5938513843629953,0.8679484698640537,-0.6195928936066636,HIGH
0,0.22226727460921164,0.4321404943607414,0.6335282120468118,-0.7529826896755096,-0.00025975275069131475,0.9706849307531021,MEDIUM
0,0.213764806215161,0.2541910509378959,0.6322070551713996,-0.4327215481472128,0.5275887182208796,-1.3636475593775386,LOW
0,0.43057212513439747,0.6289405465640026,1.1658933437140908,-0.786786627293227,-0.00023333402152696855,0.8216327331839002,LOW
0,-2.5041798981523606,-1.8075247445232294,-1.3775808126533737,-0.7821865234076634,-2.8221164722089576,0.5826625163160752,LOW
0,0.13913627698973438,0.6077154966037775,0.4594024075559062,1.152491965755879,0.004416265254729123,-0.9967985752701991,MEDIUM
0,0.18116256703407993,0.045878486364141005,0.9393570011662823,1.533644516482991,0.5734396085921484,-1.197618596598625,HIGH
0,0.21821724921009092,0.4288727726801686,0.432625423788572,-0.4440146060483844,0.674528677847749,-1.3166716297649523,MEDIUM
0,1.173382595234731,-1.6132046379485436,-1.3305340887606358,-0.799644088116283,-0.00010337309743552516,0.4441395493120154,LOW
0,0.507744465410145,1.289926488671576,-1.3081183282211308,-0.7908818424378042,-0.00016605301150207687,0.7518547932520575,LOW
0,0.3807969352849183,0.5518838088589876,0.9532829861809274,-0.7623497306411336,-0.0002731140304363243,1.0207783152651166,MEDIUM
0,0.8367504616948482,-0.6053634858998487,-1.3390552550156736,-0.7783977918458064,-0.0002039432879046893,0.7161227334509145,MEDIUM
0,1.1686280997134604,-1.5962607057363678,-1.3333108910207223,-0.7216556271894552,-0.00021030247812723712,0.8250427199206802,HIGH
0,-2.500975317997616,-1.807279448874451,-1.3772515433937507,-0.7878355202818434,-0.0027473018943554293,1.8330183341457313,LOW
0,0.21975682597455595,0.430134571773999,0.5173317482154651,-0.5362991576885776,0.6857414270244855,-1.3087746982648216,MEDIUM
0,0.5006088229829571,-1.7879072539360406,-1.3512475424405708,-0.8027155811263796,-0.00014595296779363966,0.2630197561975919,LOW
0,0.2101324237349859,0.4213829373971181,-0.08336117317920168,0.5499810567294465,0.7652045757289881,-1.2033164489373407,HIGH
0,0.493885386484163,0.9958697169123177,-0.30571334409399054,-0.7098542821709859,-0.00024357987213175734,1.1443820644478628,HIGH
0,0.4248736486832455,0.6102185948962328,1.3074742743011698,-0.7056748957796759,-0.0002470283809879709,1.1827926080894964,HIGH
0,0.3553126124752788,0.5337240689675178,0.7760094753879665,-0.7826432388654263,-0.00027820356034235474,0.8270739407928438,LOW
0,-2.504180339321689,-1.8075252236637693,-1.377581455821125,-0.7348570055060755,-5.522284829732956,0.07357905073971131,LOW
0,-0.10621068927418942,0.6423850952877008,0.7801011983750967,1.99457647894679,0.4752089319990673,-1.1847409373027924,HIGH
0,-0.022049222042376262,0.6189786738698568,0.7476620597414032,2.121014355502571,0.4515482387739378,-1.1794417401755137,HIGH
0,-0.006833025043703636,0.6357307500892012,0.43796371847500315,0.921591894143161,0.4772657272033566,-1.1863299382907522,MEDIUM
0,1.1942294529378914,-1.683030057176538,-1.332757243173496,-0.7217145038917973,-0.00020991700583978512,0.8222657168931801,HIGH
0,0.20593798457861748,0.13051350548877524,0.3666957152891429,0.22650530202118563,0.5733212234244662,-1.2029192411290017,MEDIUM
0,0.013740661970615025,0.6428655294038699,0.44670214776161443,1.0236793143808072,0.4646082490774635,-1.1818087692755668,MEDIUM
0,-2.504180339321689,-1.8075252236637693,-1.377581455821125,-0.734852432865903,-5.5195112863536036,0.0735569384711489,LOW
0,0.30643520472595104,0.3270241128755713,0.6157865418236799,0.19760167990832453,0.0005640108906186233,0.27925465183290593,LOW
0,0.2196059062825558,0.43370532997136024,0.6352348502730243,-0.7755894422200547,0.006711586614896803,0.7929855572033235,LOW
0,0.5429085790073964,0.8972748052210764,-1.320342820468779,-0.7131285218515876,-0.00023245803704862684,1.0548801622298905,HIGH
0,0.22211915859092454,0.4312644455632601,0.6323472744365144,-0.6920765712512043,0.07548642425600137,1.1424171772411085,HIGH
0,0.5073982044364734,1.2855067452037514,-1.3079907082841113,-0.7908601203182075,-0.00016725295697129084,0.7525888644176746,LOW
0,0.404795901382692,0.5830917451299606,1.659382140150402,-0.785358900127833,-0.00022088246694792807,0.8419397450536836,LOW
0,0.22189402960121452,0.43108010508142913,0.6169213406809151,-0.5834464485565636,0.8247259388159226,-0.7602558443634486,HIGH
0,0.4680743649516634,0.774463595959277,0.41573687699074324,-0.7886914823318937,-0.00023405870873859192,0.8002169143056382,LOW
0,1.1055454402146898,-1.3690138582724518,-1.3346406637577457,-0.7800439039914634,-0.00015401174860535044,0.6507358182847474,MEDIUM
0,0.20601538703867708,0.1354862397045058,0.3662001803255462,0.22261419657665799,0.5740919718701385,-1.2031179693815708,MEDIUM
0,0.1934046657116261,0.3934487011513044,0.23408114163263333,1.1648627772679403,0.8204213984845518,-1.1890172900488216,HIGH
0,0.17613706007247626,0.09719621120696673,0.9059966739985218,1.6583926921385497,0.5441768438940248,-1.1887829736896758,HIGH
0,-2.504032233086331,-1.8073643700027342,-1.3773655361089718,-0.78768293060575,-0.002923655989068755,1.604617484048989,LOW
0,0.32804765403714403,0.508515789070621,0.7018923573543153,-0.6994265337958764,-0.0002583444278013151,1.1613549054852887,HIGH
0,0.13124225821182386,0.2888091486381397,0.6318268019599118,-0.3238033911956987,0.5092160103062772,-1.293816735124228,LOW
0,-2.5041803393479523,-1.8075252236922936,-1.3775814558594142,-0.7381224756782518,-6.212858227236545,0.7506548401951897,LOW
0,0.5090583498519138,1.283018594342397,-1.3110501022656,-0.7109119800793526,-0.00022963045486492606,1.119263390531093,HIGH
0,0.14327138034431355,0.1892038917707759,0.8792409457264421,1.7094187762965818,0.5232031654043392,-1.0855624037197389,HIGH
0,0.4200365364957022,0.31966579946107876,0.629934318332105,0.19124385583615294,0.003646537070830464,-0.7879433222944299,LOW
0,-2.5041803094008386,-1.8075251911676475,-1.3775814122004004,-0.7585401456640233,-3.0252344088748933,0.6516968306409321,MEDIUM
0,0.4063539622188307,0.5799147605159947,1.6469940519038684,-0.7044277114276,-0.00024446371822241063,1.1997305071868383,HIGH
0,0.13481224515820128,0.20449472603649294,0.8765649348295366,1.7168886144843665,0.5250940527644914,-1.1014614825810225,HIGH
0,0.15772681492745677,0.39972340547812285,0.4609588393101391,1.1597050048624462,-0.0002502875937456235,0.6063817517140383,MEDIUM
0,1.14455288425202,-1.5051662995062909,-1.333136284825205,-0.7802290196110665,-0.00014761780578492184,0.6416588746051629,MEDIUM
0,0.18089635100022225,0.03966684906463962,0.9395528073676752,1.5404065081274896,0.5719001486650855,-1.1974228625426677,HIGH
0,0.22184091173546186,0.43103663422619204,0.6130668700088034,-0.5665994343507329,0.7664181833572878,-0.9583043226484634,HIGH
0,-2.3971780676155428,-1.807585748258772,-1.3776627001835293,-0.7347541461496724,-0.00021626902800053998,0.07820432116852595,HIGH
0,-0.09382202577729849,0.6334700592426409,0.7811952649460978,1.990407719746214,0.4760088106697734,-1.1848281811178956,HIGH
0,-0.0019677419595553435,0.6349714348488072,0.43738661011175084,0.9141005412567541,0.4784491174599353,-1.1867005150954373,MEDIUM
0,0.20584123147018124,0.1297183795568834,0.36736613779288263,0.23166153680805662,0.5729271552128109,-1.2026398421761129,MEDIUM
0,-2.504182116572412,-1.8075271538815263,-1.3775840468225344,-0.7348261692277374,-0.0002152294145378843,0.0737908414404576,HIGH
0,0.22226006990724503,0.4321352924805331,0.6335246503810901,-0.752982255207515,-0.00025975272960413473,0.9706836618223429,MEDIUM
0,0.09890583907466569,0.6144967127776053,0.4575384103271034,1.151824307392102,0.023126700257224395,-1.116477052274485,MEDIUM
0,1.2077125766894479,-1.7691297087546354,-1.3327376211240154,-0.7217295390229057,-0.00021031265313723496,0.8215536938219616,HIGH
0,0.22568052867604124,0.4346051245329174,0.6352162159750032,-0.753188480114192,-0.0002597651393223262,0.9712857082742786,MEDIUM
0,0.5120460057342798,1.2587787683344207,-1.310437707719344,-0.7704481838417816,-0.00019040599117349017,0.9329903806692785,MEDIUM
0,0.1395409022072814,0.380818050198943,0.415823835152411,0.6695614864717377,0.5090997763441101,-1.1425280956810706,MEDIUM
0,0.0862051325863482,0.29747644045645116,0.8556075435677384,1.7707897610135497,0.5205460467489738,-1.1807872823761,HIGH
0,0.5060604299059,1.1970379315917927,-0.9778169454977989,-0.7106908643303516,-0.00023302210865065438,1.1256812061092816,HIGH
0,0.21312516690463323,0.24900237844816223,0.6319148053952274,-0.42275629330817965,0.1360313199712181,-1.348635696760055,LOW
0,0.508851847593094,1.2650691606004005,-1.217055820657868,-0.7702284718027775,-0.00019129111285316454,0.9396754476322016,MEDIUM
0,0.47197396937767794,0.7854529961469077,0.3617070845753067,-0.7085301721159294,-0.000251330050698718,1.1588059112118498,HIGH
0,0.4065377179333626,0.580949149202268,1.6556839297253185,-0.7640597460868471,-0.0002279849255627428,1.0242088902487563,MEDIUM
0,-2.504180339321689,-1.8075252236637693,-1.377581455821125,-0.7348524328965554,-3.9365032545369556,0.07355693805792189,MEDIUM
0,0.21959440164570612,0.43357377263587166,0.635230196995691,-0.7753833175987976,0.10179698555710695,0.7935846153879714,LOW
0,0.1453243099479767,0.29312634765791656,0.6327882145733187,-0.26540602817550635,0.5006963056692906,-1.2745387117057223,LOW
0,0.19208751658910458,0.33736623390822285,0.34879651594726585,1.212067005861134,0.6338221325592075,-1.1340757988454149,HIGH
0,0.21927857344528381,0.4226839398954613,0.6350826859880104,-0.7299564339197241,0.44485566903776796,-0.08180925250528542,LOW
0,1.0678222894144371,-1.2511136888724743,-1.334499913402329,-0.7992284739654592,-0.00012275134203487838,0.4671544531904765,LOW
0,0.20594066561916738,0.13060097484661415,0.36667825010824284,0.22636937466926538,0.5733110928213658,-1.2029260980356298,MEDIUM
0,1.1980854181656726,-1.6987051544496297,-1.3314941510771738,-0.7803937892352463,-0.00014332479020603918,0.6334098753344719,MEDIUM
0,-0.014061759698322086,0.6398158517727262,0.43819905906084056,0.9241045354904189,0.47691622707792475,-1.186220090839285,MEDIUM
0,0.403049599529763,0.5448348277623745,0.6901655533233153,2.1286586918283184,0.0023912037132542228,-0.36545636316784613,HIGH
0,0.19306893382406934,0.37333394518973534,0.2745544624941206,1.1763255658930283,0.6467803751310732,-1.1461654617243884,HIGH
0,0.4434521325896444,0.6561359227907321,0.9565054058045996,-0.7663314151457733,-0.00024067246374129828,0.9967351227497161,MEDIUM
0,0.19114535075580985,0.27051308135666313,0.6319157216821834,-0.40753495154350083,0.5007700971111754,-1.2714547311016455,LOW
0,0.21922034411917282,0.4315554683320431,0.61939624375499,2.131157186603619,-4.3294330546783625e-05,0.5380910782937538,HIGH
0,0.31557415642366027,0.31634056955128426,0.6322071629839654,0.1900155726137463,0.006443309315525194,-1.045303293321768,LOW
0,0.5051335102263281,1.2146829189940576,-1.0323719801288387,-0.7907191718329335,-0.0001737881787447854,0.7573017072993087,LOW
0,-2.5040969009118235,-1.8074354404858506,-1.377460936600066,-0.7757102000798634,-0.001917504806353511,1.1914864775833167,MEDIUM
0,0.3422537844156017,0.5234875541767291,0.7343775381917647,-0.7819878226258214,-0.0002744743531631027,0.8208970468386508,LOW
0,1.0452395646066883,-1.1822116646182412,-1.3351581782803152,-0.7991285195829765,-0.0001276194660648279,0.4724359616921227,LOW
0,0.4038611675235409,0.5817834806762958,1.6289125026745892,-0.7852997159308701,-0.00022468373378050185,0.8429028373264513,LOW
0,0.18073490618394517,0.027301334668054164,0.9481647280330991,1.5451647823249974,0.5709014253038179,-1.197343802574164,HIGH
0,0.45574952094227783,0.6990828993830108,0.7179384080893628,-0.7075805469174969,-0.0002511150482316903,1.1651789113116635,HIGH
0,0.20829865845834677,0.41969919417560764,-0.05868256434537498,0.6358825891801926,0.7500174836320671,-1.1962179366839858,HIGH
0,-2.504180339328498,-1.8075252236711647,-1.3775814558310522,-0.7359518453073806,-3.9930046377102912,0.1452260991453723,MEDIUM
0,0.4066390036393172,0.5803141203827725,1.6549884522907403,-0.7044485057192831,-0.0002440119526889573,1.1994185400728408,HIGH
0,0.205884298054826,0.1299056222486737,0.36705916819758033,0.22931337512745206,0.5734225712431741,-1.202769670402679,MEDIUM
0,1.1129601767789417,-1.3967278051949141,-1.3355931043933154,-0.7213799631284233,-0.00021503045933662107,0.8378611688859131,HIGH
0,0.4079067831631322,0.5578634810520265,0.47126556457358965,1.1546520860950897,0.002520706931665541,-0.4135336179736879,MEDIUM
0,0.5066224723347723,1.2085367461239394,-1.0213611528795257,-0.710732365350737,-0.00023245473333574786,1.124517707859305,HIGH
0,0.42028321880493186,0.3197057274905723,0.6299053009697659,0.19125886854182134,0.0036375735732219476,-0.784990905468854,LOW
0,0.1954397059105218,0.2847426196891798,0.40997982536565225,0.6085346726035508,0.09783444222404282,-1.2040751697754724,MEDIUM
0,0.39820075370656977,0.574293539334035,1.38954373895787,-0.7849172260034933,-0.0002509606351487981,0.8470792229814701,LOW
0,0.20601535838970336,0.13548545522464134,0.36620036001966383,0.22261562007135707,0.5740918975515368,-1.203117880819288,MEDIUM
0,1.2111608552286766,-1.7723476132043836,-1.3303612714886464,-0.7997184058177004,-0.00010256066156384215,0.4399249663799452,LOW
0,0.22210370620518124,0.4312518121054188,0.632110708589315,-0.6900713208582784,0.15651212981580095,1.133412942410105,HIGH
0,0.40525419255103884,0.5791481155504912,1.6046308640559512,-0.7639640836959666,-0.00023327118794166154,1.0256108620852302,MEDIUM
0,-0.006185513251992498,0.6355044276404839,0.4379348971142469,0.9212495557371507,0.47737171560725117,-1.186345760657366,MEDIUM
0,-0.9241578813186703,-1.8038522347217474,-1.372651069344372,-0.8032066143637517,-0.000578008024343833,0.33458374451542516,LOW
0,1.207409014662205,-1.7672017356597691,-1.3327347343069338,-0.721729050772927,-0.000210324951391425,0.8215768242147543,HIGH
0,0.4031748802692574,0.5451103945599519,0.690364563408901,2.128650863994069,0.0023994851539777214,-0.368309570990209,HIGH
0,0.1137213165465451,0.3708093916574954,0.4470942597482548,1.159602474755234,-0.00026312849538522894,0.6028038498222139,MEDIUM
0,1.2085907456702754,-1.7737223596146805,-1.3327477066565925,-0.7217314657454642,-0.00021025312192678739,0.8214624276628663,HIGH
0,-0.006140189934117553,0.6508607098595754,0.4434155976962028,0.983098809013207,0.46974842861674077,-1.1837787127264576,MEDIUM
0,-0.005735869627024766,0.6353877831777142,0.437909141265135,0.9209277727363964,0.4774571981029776,-1.1863608883422239,MEDIUM
0,0.49299662819875206,0.9839200030004169,-0.2660845208161189,-0.7691733516490692,-0.0002220072956965224,0.9659677752318881,MEDIUM
0,1.2086986427714739,-1.7740479545756052,-1.3327496360997362,-0.7217318873147954,-0.00021023886023778909,0.8214424609967906,HIGH
0,0.1808187121227416,0.03296716239331162,0.9423707965535629,1.5426531478622467,0.5708005448394112,-1.197378014114958,HIGH
0,1.2121152129011024,-1.7733739341505952,-1.3317389393754502,-0.78044840346057,-0.0001421664733090596,0.6306677254538098,MEDIUM
0,0.2148968102835956,0.4261498578949715,0.2688380967115017,-0.26315768930036365,0.6396983067809847,-1.2932941517474015,MEDIUM
0,-2.50418033926312,-1.80752522360016,-1.3775814557357398,-0.7408072022759642,-6.2735136103629845,1.2437933235155723,LOW
0,-2.504099518085103,-1.8074374461859148,-1.3774636289241184,-0.7757043586969831,-0.0019238347766116957,1.1835979473300486,MEDIUM
0,0.5089588284935583,1.2714886496240365,-1.2418608529035158,-0.7702356282153883,-0.0001912396194881143,0.9394575390677823,MEDIUM
0,0.2221265101842541,0.4312701776111089,0.6322737412694006,-0.6925518194898206,0.03341383425781277,1.140247123007076,HIGH
0,0.509159520269914,1.2835463015185677,-1.3094533374349981,-0.7702492654250429,-0.00019094976311178618,0.9390422198574825,MEDIUM
0,1.2107624563492858,-1.7741778635086018,-1.33281808295512,-0.7217466879662542,-0.00020979129041765937,0.8207420313374589,HIGH
0,0.2217558154626185,0.43177120484840364,0.6332927963576616,-0.7529284801550226,0.027375589942766326,0.9707540486945313,MEDIUM
0,0.4138131926994035,0.5630311009017366,0.47005918217705017,1.1544053144455928,0.002699886281840994,-0.4734982570059844,MEDIUM
0,-2.5041803559143094,-1.8075252416845082,-1.3775814800110173,-0.7348501964481587,-0.00018981422755850896,0.07355779653814205,HIGH
0,0.3909467170372657,0.5611574799559277,1.1215641013315982,-0.7033034580025951,-0.00026240320275651706,1.2001954868534275,HIGH
0,1.0017415476656335,-1.05549817754418,-1.3388473325841461,-0.7207604078591101,-0.000225349931220524,0.8636558019128109,HIGH
0,0.19978898629345979,0.21853839045206855,0.3949218288683474,0.4693402820636709,0.5401425118243864,-1.1884979642436002,MEDIUM
0,0.501774557865863,1.1490385464242718,-0.791769995281144,-0.7905111889037367,-0.00018238629695569887,0.7638512639663426,LOW
0,0.5095956811723578,1.2879373484918706,-1.3112404248669352,-0.7109518699386069,-0.00022894196534600686,1.1180709527952177,HIGH
0,0.508027859578126,1.28979050516772,-1.308211273104143,-0.7908992994207916,-0.00016585288710672607,0.7512654487445337,LOW
0,0.21490098615002307,0.42615328274924386,0.2690274608436137,-0.26337487586155583,0.6443375566296773,-1.2932027783524451,MEDIUM
0,0.21960557765326236,0.4337042337253097,0.6352346897444104,-0.7755885635354407,0.008424190559804404,0.7929939985151256,LOW
0,1.144862582246304,-1.509360944498941,-1.33433534864377,-0.7215429712230917,-0.00021231916580023445,0.8303476407405144,HIGH
0,0.3835969406956136,0.5412400453066066,0.47491882822736414,1.1554629582769473,0.0019681405702335216,-0.2247587585916451,MEDIUM
0,0.4378157097459933,0.6402820234131472,1.0627581723410624,-0.7660027876437985,-0.00023929576273115015,0.9998933924232958,MEDIUM
0,0.07305502295237269,0.6195374652434497,0.45574923308494697,1.143685783940749,0.44179995864962224,-1.1795637654654274,MEDIUM
0,-2.50409951805047,-1.8074374461483014,-1.3774636288736286,-0.7757043588067698,-0.0019238353221908407,1.183598096651783,MEDIUM
0,-0.009216064184327162,0.6368146432554381,0.4380458832286611,0.9224977889810756,0.47701497336028414,-1.1862892060798862,MEDIUM
0,0.21396762722568333,0.3971684946793067,0.29200939269249787,-0.22913173303407078,0.6317590713067308,-1.2531751476134336,MEDIUM
0,-2.504180339321689,-1.8075252236637693,-1.377581455821125,-0.7348532877305883,-5.520035615765174,0.07356187936493432,LOW
0,0.16605567723465714,0.3338285851886732,0.41214710895908085,0.6304135341086288,0.5144285565694449,-1.0833766743997555,MEDIUM
0,0.36319981441140786,0.31785855643827243,0.631205500341412,0.19059090664195474,0.004028370038445247,-0.9190920814877137,LOW
0,0.1792223506203147,0.04272079906218312,0.9445240475915442,1.5851880602945954,0.5616990455561252,-1.194603922577656,HIGH
0,-2.5041795074287716,-1.807524320170267,-1.3775802430289779,-0.7753224802741044,-0.003083114109556153,0.5110348918236528,MEDIUM
0,1.210516945989473,-1.7732355664253305,-1.3315532033516744,-0.7804137345270113,-0.00014309913488994564,0.6324069076017026,MEDIUM
0,-2.028946501678332,-1.807047624715719,-1.3769403574045633,-0.7797343674760016,-0.0012633330205950315,1.1754340176610079,MEDIUM
0,0.1929097540965796,0.36629342613934845,0.2889720483224375,1.1820361959734178,0.6404139991808504,-1.1387093064936644,HIGH
0,-0.1038105192444912,0.6393976196463382,0.7804127383965942,1.993371850567972,0.47549393437758664,-1.184761949185842,HIGH
0,1.1038947540612385,-1.3672768064468226,-1.3333032018437714,-0.7993813296083722,-0.0001154363154949847,0.45887571272045935,LOW
0,0.22226692912012028,0.4321402449134658,0.6335280412529801,-0.7529826688413597,-0.00025975274956346065,0.9706848699037753,MEDIUM
0,0.21959187161758245,0.43353466122546624,0.6352294805803248,-0.7752708408920156,0.12753506905393144,0.7937546894858813,LOW
0,0.8272679504665406,-0.5782242489343422,-1.3390002256127977,-0.7783194432631682,-0.00020536436381460088,0.7185630712224165,MEDIUM
0,-2.504180339321689,-1.8075252236637693,-1.377581455821125,-0.7348525746346358,-5.5195986469961245,0.07355750897448783,LOW
0,0.41827949208969223,0.3204032094621855,0.6294003685815472,0.19152359419627896,0.003475766425937797,-0.7331271948397569,LOW
0,0.3797003315116677,0.3253994202919742,0.6252518410764663,0.19375016403855855,0.0022181083385352774,-0.3195193341658836,LOW
0,1.1777774215135495,-1.626649390316256,-1.3330177374166456,-0.7216853938779751,-0.00020967229587556008,0.8236393439111973,HIGH
0,0.31955964546584775,0.5029253464645568,0.693015250280428,-0.7588020283954855,-0.00026279921138848856,0.9900183934930091,MEDIUM
0,0.4020943431034829,0.5793411892536467,1.547515594445389,-0.7851764733588386,-0.00023423541293914377,0.8447148177880353,LOW
0,0.5001025119770883,1.1191127734751876,-0.6887077074050403,-0.7904100974904927,-0.00018659684359652431,0.7668501214812901,LOW
0,-2.504180339321693,-1.8075252236637738,-1.377581455821131,-0.7348524284565071,-0.00023618112149238486,0.07355696289608203,HIGH
0,0.40153283143632384,0.5534669621734682,0.47228836851132033,1.1548648418684548,0.0023703817533826136,-0.36275065849422505,MEDIUM
0,0.509185208353208,1.2839770675081679,-1.3095202206653274,-0.7702511006744551,-0.0001908484557680512,0.9389863228738987,MEDIUM
0,0.406160943886156,0.5804212727847926,1.644545508271639,-0.7640335456072622,-0.00022916893426084474,1.0246014209684589,MEDIUM
0,0.2972906658420981,0.3262227297148852,0.6143284523882074,0.19801058994976573,0.0004255196848164026,0.3331106115816341,LOW
0,-0.10197547645422365,0.6376186913820415,0.7805733526141104,1.9927474175461157,0.47544170506406364,-1.1847741664013038,HIGH
0,0.2216430067144983,0.4308745305941264,0.5976425972864555,-0.5199509470777343,0.8703627132488468,-1.1900366774509155,HIGH
0,0.4031190218700226,0.5762319334415218,1.5079875771653717,-0.7637974512136271,-0.00024216790464779868,1.0275937233963703,MEDIUM
0,0.4114317799004781,0.32145347879729197,0.6286787209442021,0.19192551589633078,0.0032331247096784523,-0.6552258474403314,LOW
0,0.4723817723249187,0.7882237007901313,0.351614867798118,-0.7085539478951804,-0.0002512892127164144,1.1586383515374763,HIGH
0,0.21308117035695595,0.35808093300570826,0.31174690081305695,-0.17437415360499484,0.6273611227510065,-1.2256526598839235,MEDIUM
0,1.1030261282980875,-1.3634467564735242,-1.3359505584513576,-0.7213278035691051,-0.00021591761339046352,0.8401996995017784,HIGH
0,0.09093457657322043,0.35173086403040427,0.5744042878341941,2.1288908457063953,-0.0002629599233948245,0.610324452978611,HIGH
0,0.18088197423180408,0.0391522422464903,0.9395511151904189,1.5407811588569666,0.5717808154931088,-1.1974116943874475,HIGH
0,0.46518738424724265,0.7570739477245599,0.4828852824867394,-0.7885469317896748,-0.00023518750866392997,0.8019534032837478,LOW
0,-0.10939432321448171,0.6468913652102122,0.7794575416925771,1.9970620349985249,0.47481960763841624,-1.1847063393091966,HIGH
0,0.3280442775450777,0.5085132588047211,0.7018877181012115,-0.6994263217728689,-0.00025834422921990297,1.1613538309711078,HIGH
0,0.45303259957346564,0.698068818456431,0.7383558376941544,-0.787938694134363,-0.00023740576002614618,0.8087172725089009,LOW
0,-0.10307355694536731,0.6385998254089681,0.7804861157669405,1.993086907464549,0.4754813580464649,-1.1847674510528172,HIGH
0,1.202580894025249,-1.7325906864670335,-1.3327122030484528,-0.7217234744479251,-0.00021032150824219905,0.8218410252525479,HIGH
0,0.5096600002441136,1.2875611729607441,-1.311260939040551,-0.7109565757601198,-0.00022893946043242306,1.1179301525935754,HIGH
0,0.47998549961969805,0.8464081973707207,0.15324472548618714,-0.709000304119968,-0.00024992070699086266,1.155107470042471,HIGH
0,0.12867322130733372,0.2895872518303178,0.6320259275802361,-0.3138884229409539,0.5080041522170283,-1.291764482888797,LOW
0,-2.5040995178500367,-1.807437445930617,-1.377463628581423,-0.7757043594420047,-0.0019238350319627196,1.1835989607118345,MEDIUM
0,0.5091058987280409,1.2812491765182206,-1.298424433332543,-0.770245405144419,-0.00019114444313300414,0.9391597864691024,MEDIUM
0,0.5086799473286738,1.2565625471316895,-1.1911727858223513,-0.7702162296494539,-0.00019174281765323492,0.9400478551749415,MEDIUM
0,0.4205897469721715,0.3198179107068287,0.6298234099132896,0.19130120995364533,0.003612025943716519,-0.7766709418504155,LOW
0,0.5097003080535584,1.2871604532483256,-1.3112736960958138,-0.7109595207379669,-0.0002289428753887295,1.1178420442277754,HIGH
0,0.39488736890127063,0.5489129302762109,0.47330704043968325,1.1550866800567372,0.0022177547446930717,-0.3107383336268547,MEDIUM
0,0.38041720059960393,0.5552997429352046,0.9757095571894921,-0.7839094863719923,-0.00028008273745109126,0.8420680204331369,LOW
0,0.36787745202649813,0.5397370515893608,0.8290080289086417,-0.701884834563896,-0.000262423941718332,1.1810513827628646,HIGH
0,-2.5041803393252366,-1.807525223667623,-1.3775814558262978,-0.7356287669451326,-3.989436528735502,0.11132532115665981,MEDIUM
0,0.14850757414774726,0.38907785891191565,0.596120798429067,2.130305518488577,-0.0002411081295211807,0.6122838922708173,HIGH
0,-0.8996858601302187,-1.805057884308967,-1.3742694565800437,-0.7874265842681959,-0.00035699617498848783,0.3108738765920193,MEDIUM
0,0.5080904122274655,1.2386282561658162,-1.1321683860263416,-0.7701749962352386,-0.00019363680196847943,0.9412968531000568,MEDIUM
0,0.5073907782623953,1.285366509203449,-1.3077923825091224,-0.7908596483707762,-0.00016728708614526067,0.7526048235820865,LOW
0,0.5097418238727073,1.2883355947797428,-1.3097144235847515,-0.7702900967603267,-0.00018969702696198468,0.9377984868678882,MEDIUM
0,0.4011945455241164,0.5468839733650973,0.6916483068210114,2.1286007131349596,0.0024510166158869242,-0.3866811877490511,HIGH
0,0.5094663206935076,1.2876776182551204,-1.3096236189785686,-0.7702709570343086,-0.00018997350774554468,0.9383814760301767,MEDIUM
0,-2.504180339321689,-1.8075252236637693,-1.377581455821125,-0.7348887834100221,-3.941295100392289,0.0737698262218213,MEDIUM
0,-1.3996362321669653,-1.8067602914115475,-1.3765546594731048,-0.7852500029330266,-0.0006646983505560984,0.566148669133307,MEDIUM
0,0.21398233231138505,0.4245708590483296,0.09946209469987917,0.2915818633099435,0.8055689705968183,-1.2206702060142116,HIGH
0,-2.5041792007845776,-1.8075239871333688,-1.3775797959814517,-0.7872341754833759,-0.008125460523398421,0.5400885942099918,LOW
0,0.40659170446580584,0.5802478818416011,1.6539617034768948,-0.704445113610697,-0.00024406846655424056,1.1994696390231252,HIGH
0,0.20815774633023534,0.425115422818588,0.6159307296078773,2.1311167927718047,-9.711535848225764e-05,0.5596125610800498,HIGH
0,-0.10804204419358124,0.6448700548909474,0.779781233033201,1.995811648824406,0.47501514359976954,-1.1847224030071533,HIGH
0,1.1634246949941323,-1.5776954726772572,-1.3335281400423187,-0.721633423083761,-0.0002107624507507008,0.826090621601855,HIGH
0,-2.5041019767120574,-1.8074401164255967,-1.3774672132838388,-0.7756965176858177,-0.0019328100404507973,1.1728153655389777,MEDIUM
0,0.18448459738026965,0.12424188548101886,0.7878331979221518,1.447928620020037,0.5919403661144572,-1.1976303008849167,HIGH
0,-2.504180339321689,-1.8075252236637693,-1.377581455821125,-0.7348524286103226,-0.00025735742372722496,0.07355693718987515,HIGH
0,1.1382195816336975,-1.485274964922462,-1.3346100543706807,-0.7215095146692209,-0.00021286908172311541,0.8319092744716772,HIGH
0,0.20663136291043777,0.15233800822657684,0.36233578649940135,0.1920016147218502,0.5780923661458596,-1.204803062769584,MEDIUM
0,-2.5041803393218744,-1.8075252236639714,-1.3775814558213961,-0.7350229937802384,-3.9558330866626115,0.07595453667736923,MEDIUM
0,0.18087694098796758,0.03888501123163694,0.9395972701946428,1.5409163515483906,0.571717714427266,-1.1974079957648547,HIGH
0,-2.5033539722217943,-1.8074146280458516,-1.3774329993058516,-0.7757695332828616,-0.0018624181775115992,1.2651167292148495,MEDIUM
0,0.21195717553292676,0.317789999138145,0.32230524480155415,-0.1060059625334823,0.6176838255529961,-1.2190461958181047,MEDIUM
0,0.10648506767501954,0.4414003243156207,0.4211693489191182,0.7250956561647953,0.5051789332565592,-1.18624280867377,MEDIUM
0,-0.014061601910788882,0.6398157238912683,0.43819905304333745,0.9241044726659272,0.4769162254351513,-1.1862200934818425,MEDIUM
0,-0.005459493927041965,0.6353555297816422,0.4378850204805684,0.9206156092718685,0.47751675939955474,-1.1863758196647018,MEDIUM
0,-0.014056117123938727,0.6398112809379003,0.4381988439772126,0.9241022899657022,0.4769161684007137,-1.1862201852940737,MEDIUM
0,0.3853672915623236,0.3185242252872726,0.6307358987877706,0.19082760440852006,0.003885590861559637,-0.8706434437393701,LOW
0,0.4204960852677629,0.319932144526346,0.6297392735400242,0.19134460306726958,0.003585566361473914,-0.7681541971881882,LOW
0,0.09629579971190413,0.2780336632346484,0.8600726997277786,1.7597368120336463,0.5221361112851668,-1.1717428554481721,HIGH
0,0.2217466841245515,0.43176409979231245,0.6333948988377418,-0.7526979965759312,0.07610496130159078,0.9713974951834271,MEDIUM
0,0.2327315179343475,0.44622625284771494,0.47806528791703296,1.1593640680313493,-6.616619060689353e-05,0.5403444325642678,MEDIUM
0,0.4042920176606764,0.5778163264325766,1.5599611259295527,-0.7638882222749594,-0.00023749277957487276,1.02660453485828,MEDIUM
0,-0.023830960558183324,0.6533702459910943,0.439285201010543,0.9357215734601082,0.4755543290031096,-1.1858280051322478,MEDIUM
0,-0.08968011978317986,0.646194163073884,0.7696061422303343,2.0346497275711153,0.4679941003537297,-1.1831495327768442,HIGH
0,0.4013206800083299,0.5431301274501271,0.6889388919981814,2.128707357044584,0.0023394370684449964,-0.3477908640545493,HIGH
0,-2.504180339321689,-1.8075252236637693,-1.377581455821125,-0.7348524309537843,-3.9365029762225427,0.07355693634842221,MEDIUM
0,0.27939341536128626,0.3147777740338184,0.6326219624927182,0.1856908691295518,0.1636467856178641,-1.1762539180691416,LOW
0,-0.09482924995888599,0.6336931780641658,0.7810340879988001,1.9909824905383868,0.47581347597820356,-1.1848129855823226,HIGH
0,0.21490098615003117,0.4261532827492532,0.2690274608440084,-0.26337487586200786,0.6443375566367382,-1.2932027783523234,MEDIUM
0,-2.5041792056012286,-1.8075239923645863,-1.377579803003505,-0.7872339633254873,-0.015002948405486001,0.5398824090304551,LOW
0,1.2096509220704954,-1.7741481925894824,-1.3327782546026015,-0.7217381453084912,-0.000210034360731705,0.8211461745076433,HIGH
0,1.2040161509728295,-1.7469896639009568,-1.3301359362630518,-0.7996828651457323,-0.00010420160675967239,0.44194274844292863,LOW
0,0.13974841222626824,0.28856348996061054,0.6318032755498304,-0.32729892783406384,0.5098761046179825,-1.2943984218176008,LOW
0,0.4319206287126018,0.6320837885829826,1.1405519419582129,-0.7868576840794596,-0.00023379654823446478,0.8207703782429641,LOW
0,0.2221308635547885,0.43127335667265465,0.6322477339190993,-0.6926466925128699,0.0006670797148458803,1.1393750898109327,HIGH
0,0.41406018594983407,0.5969958225914197,1.4810542080719349,-0.7858892963830397,-0.00022598832223007245,0.8336775520558892,LOW
0,1.208792860696976,-1.7709623153363792,-1.3315088606769216,-0.7804049837734067,-0.00014362821208935308,0.6328468357106948,MEDIUM
0,1.1361843038409085,-1.479063026139885,-1.3320753877879807,-0.7995113805176983,-0.00010950515279792776,0.45164820548468104,LOW
0,0.1806705629938412,0.025122258219993667,0.9512475880155572,1.547049310368685,0.5703349370670208,-1.1973039342096665,HIGH
0,0.12894147695565022,0.2888884991180296,0.631840968397393,-0.32273246906980596,0.50927630149309,-1.2936225041908749,LOW
0,0.471184400488222,0.7810549265139024,0.38222253372724413,-0.7679013260774947,-0.00024087215469880882,0.9829821954598393,MEDIUM
0,-2.504180339321689,-1.8075252236637693,-1.377581455821125,-0.7348715776941772,-5.5308666277756435,0.07366729313466391,LOW
0,0.5200213332519055,1.1587308439163218,-1.3128404068964712,-0.7709776781965761,-0.00019276572053041722,0.9170179601475802,MEDIUM
0,0.40339597662692167,0.5811322709187925,1.6074705467199855,-0.7852673955793319,-0.0002272940357302649,0.8434135809556937,LOW
0,1.1459692991015173,-1.5134043263221202,-1.3342888218187654,-0.7215485161414805,-0.00021222814272987253,0.830088001269334,HIGH
0,0.2102919881054864,0.42152355153560306,-0.08541944205243754,0.5414920267638702,0.7666118423124745,-1.2038948809791807,HIGH
0,0.19548273682953451,0.28325648007433507,0.4098400000068399,0.6082466221154986,0.11088849963847242,-1.2050772321930825,MEDIUM
0,0.04861849521289418,0.6054251669646937,0.7367724354807407,2.1272684788302674,0.004353298899499717,-0.995258493484223,HIGH
0,0.40666477794526035,0.5811270556196051,1.6575320485408,-0.7640682788576567,-0.00022780540975512865,1.0240806030063498,MEDIUM
0,-0.11006439790640289,0.6480129556365808,0.7792397819914632,1.9979036359027602,0.4746590193214897,-1.184696377643924,HIGH
0,0.19354111385645512,0.40555951279814356,0.21146927477303448,1.1601647717780437,0.3075071809105388,-1.259558428623947,HIGH
0,0.13523050783374047,0.6083753425812718,0.4592370227602075,1.1524625691141248,0.004579939802832153,-1.006375062052047,MEDIUM
0,0.39993342714384617,0.5721405099620476,1.3820559379697561,-0.763561645012671,-0.0002524960569698789,1.02909804230292,MEDIUM
0,0.37713456936864004,0.5485294794122866,0.9103712464815431,-0.7621364611274136,-0.00027329612045140945,1.018141416822201,MEDIUM
0,0.3938779142267784,0.5482234389316344,0.47345750621565086,1.1551203720845,0.002194881761422406,-0.30291884754538356,MEDIUM
0,0.19381874952463468,0.2925899347721258,0.5880843665247608,0.20110973216280698,-0.00023579519929406027,0.5908071406658533,LOW
0,0.1808464640921155,0.03625988105325543,0.9405739539998578,1.541800069575198,0.5711761440246238,-1.1973887927599787,HIGH
0,1.1732204265311266,-1.6089555448756394,-1.3319317213546418,-0.7803498925606936,-0.0001432344946516402,0.6356083075721056,MEDIUM
0,0.12572269388929186,-1.794893939698546,-1.3606260245281903,-0.7857107846806529,-0.00017857535921825921,0.3545476789878905,MEDIUM
0,0.1929741822728886,0.36902462916580386,0.2833611993723339,1.179717388773627,0.6390182621490902,-1.1412742553521713,HIGH
0,0.1906282230191035,0.2921784835595322,0.44243047276706376,1.2625420607884439,0.6267342568352728,-1.1593266795292216,HIGH
0,-2.5041803393284416,-1.8075252236711037,-1.37758145583097,-0.7360024212468322,-5.938032820648939,0.19910682533702928,LOW
0,0.5089220401742672,1.2692027877826102,-1.2318727220657588,-0.7702332362452691,-0.00019123729045461506,0.9395303825908616,MEDIUM
0,0.12841705126764333,0.2893732734736193,0.6319627204529673,-0.3165358400127303,0.5084321571684634,-1.2923688526547892,LOW
0,0.6552933676496401,0.03604842326715747,-1.335245147731434,-0.717246901199079,-0.00024101887029162928,0.9508090962576632,HIGH
0,0.3657413111978943,0.5386797277819112,0.8173253472105987,-0.7614819326532631,-0.00027175365146824736,1.0102682493344357,MEDIUM
0,0.18088368753233625,0.03923257532591484,0.9395417669367295,1.540735753540603,0.5717997347328051,-1.1974129785962815,HIGH
0,-1.663175095906903,-1.8085559767082418,-1.3789650730744187,-0.7339263209699795,-0.00020664216045255417,0.14291035851778164,HIGH
0,0.11080828229295583,0.36482831276090255,0.5821208310804714,2.1294166509795254,-0.0002598732811519936,0.613072131586524,HIGH
0,0.4936198923215861,0.9923129786785863,-0.2948260542721379,-0.7098371494077164,-0.00024375886268785153,1.1446747042667946,HIGH
0,0.1793502489091822,0.04033104150688822,0.946211651768351,1.5820256333941511,0.5624520920711552,-1.1949171685972992,HIGH
0,0.40347711293680827,0.5548040457252279,0.4719811658518923,1.1547999757396332,0.0024157558736587334,-0.3781390382445159,MEDIUM
0,0.20601114718987465,0.1353544632806094,0.36622677862618197,0.22282489944980127,0.5741001979487368,-1.2031057763065856,MEDIUM
0,1.2086859961753715,-1.77401638242803,-1.332749359432048,-0.7217318264489315,-0.00021024092781569902,0.8214453437117157,HIGH
0,-2.502202707305952,-1.8075276347924991,-1.3775846923668023,-0.7348194401905009,-0.0002168664005451907,0.07400384321161321,HIGH
0,0.38843992497490143,0.5445197018695235,0.4742485979510252,1.15530174227126,0.002073444540865373,-0.261201570465231,MEDIUM
0,1.15488836837487,-1.5431370362322574,-1.332695422557803,-0.7802762661348936,-0.00014602769078222704,0.6392991684123831,MEDIUM
0,0.3928784408707905,0.5374434697366093,0.6849016549509477,2.128872306974091,0.002166480127667406,-0.2888179219396092,HIGH
0,0.37763475561961973,0.3182937603302572,0.6308982632496504,0.19074523330089355,0.003933686184753174,-0.8873162498765957,LOW
0,0.504574662812343,1.2032068813564074,-0.9887268975556915,-0.7906841414549204,-0.00017521671521677443,0.7584412375946412,LOW
0,-0.01857808013601004,0.6553025757897599,0.44121320002319675,0.9571901790241011,0.47296805334746783,-1.1850548120560105,MEDIUM
0,0.3672531341876855,0.5435538015113188,0.8420338048690954,-0.7832402605831379,-0.00028104445753383063,0.8339027255194579,LOW
0,0.15976744972269866,0.16108507803715197,0.88265297375594,1.6999626176616636,0.6925420755499648,-1.0990036556767637,HIGH
0,-0.10259164600939484,0.63814064763661,0.7805271707052835,1.9929272063058376,0.4754635982886266,-1.1847705942181626,HIGH
0,0.1893832628532261,0.2973544222639464,0.410619821140537,0.6125218018350368,0.898248155626427,-1.1656726656411285,MEDIUM
0,0.21942746746111105,0.4276421633016087,0.6351569778033765,-0.7499687669504999,0.40031179126101296,0.32438384680184695,LOW
0,0.2017927149903841,0.19104198493985253,0.3870737622273492,0.39749278230117147,0.550273491695063,-1.1911259081680352,MEDIUM
0,0.204640568478109,0.1490718743548339,0.37449659288779547,0.288424281522997,0.5654156273050823,-1.198477580078184,MEDIUM
0,0.1808682413311419,0.038309573739872906,0.9397493585684741,1.5411573683027997,0.5715842416283625,-1.197401883884152,HIGH
0,0.1742500291105408,0.13882491146404624,0.884657199507651,1.6940238807850714,0.08614865004841267,-1.2062095723825268,HIGH
0,0.3349324004886707,0.3169815167036558,0.6318141723747516,0.1902808839824837,0.004415196379219873,-0.987262177280193,LOW
0,0.17443952729227258,0.13128979243542166,0.8867508100213319,1.693198455248312,0.1379099103474438,-1.2102580597021222,HIGH
0,0.40657722043267464,0.5802275972859187,1.6536187911766531,-0.7044440708145997,-0.000244087523027495,1.1994853342013287,HIGH
0,0.303150903485235,0.32676649564039467,0.6152726614190444,0.19775084455986383,0.0005126563644364365,0.2991504062989764,LOW
0,0.21959355461628086,0.433560566192469,0.6352299503428349,-0.7753486487662811,0.11058469988683088,0.7936459015400901,LOW
0,0.21958661592428955,0.43345005612126153,0.6352280465106497,-0.7749597968603317,0.17520759263412145,0.7938325648418193,LOW
0,0.5065727592509507,1.2468842283891888,-1.1529807492279291,-0.790809194461838,-0.00016968368190549963,0.7543084888544545,LOW
0,-2.504180339321689,-1.8075252236637693,-1.377581455821125,-0.7348524315206658,-3.936503057438972,0.07355693679648044,MEDIUM
0,1.1909626445801513,-1.6696346321186408,-1.3327967090043615,-0.7217103081519577,-0.00020974086888827498,0.8224640820901161,HIGH
0,0.3787354718899254,0.5537238722679354,0.9532811565474826,-0.7838223348272569,-0.0002806932180177524,0.8410560934180763,LOW
0,0.21441106825969414,0.42575491311303415,0.2605371010631943,-0.25114564339292517,0.1210894081089595,-1.334971137832479,MEDIUM
0,0.5089340291376044,1.2761735424922356,-1.2721198468063535,-0.7109027609600191,-0.00022979814807348975,1.1195383970651838,HIGH
0,0.4036715604803556,0.5769729122850381,1.5320968192251965,-0.7638399450017672,-0.00024002717830011558,1.027158764371676,MEDIUM
0,0.0014056632747597077,0.6333268322493006,0.4369082382196514,0.9078394171544594,0.47934762154168964,-1.1870308157761134,MEDIUM
0,0.22211963355376488,0.4312648299765598,0.6323473153611682,-0.6921159576159229,0.07319842882990318,1.1423291435221112,HIGH
0,0.5078183940607892,1.2903551705732912,-1.3081432085169815,-0.7908864158797201,-0.00016592865594710574,0.7517003573285904,LOW
0,-0.014061139928041137,0.639815349490977,0.43819903542579014,0.9241042887337702,0.4769162206262867,-1.1862201012185163,MEDIUM
0,-0.009566570001763737,0.6521885716894044,0.44283394418521604,0.9761361451229561,0.4706205119099291,-1.1841410666783705,MEDIUM
0,0.1397482335902908,0.288563511678801,0.6318032747656864,-0.32729859129525635,0.5098760586374733,-1.294398369226614,LOW
0,0.1291231261089602,0.28887449063779347,0.6318383952797134,-0.3229210444112628,0.5092515648598269,-1.2936573586055842,LOW
0,0.4026732575670604,0.5748712432870078,1.4834904907500965,-0.7041299639153367,-0.0002519638420254593,1.2031655154024146,HIGH
0,-1.99443328359299,-1.8082870712952657,-1.3786041115706977,-0.7344247855713051,-0.00020730349469877635,0.10373223517934349,HIGH
0,0.12891400701776887,0.2888941008121251,0.6318420061662635,-0.32265713162969856,0.5092894819844515,-1.2936084812745443,LOW
0,0.17528735514873048,0.3183862967061931,0.4113719875538205,0.6222603956560139,0.4736609377575178,-1.076297138889142,MEDIUM
0,0.17488011857243718,0.28165388659846663,0.6319073256220421,-0.3893922429196049,0.5167423800581555,-1.2845615132034385,LOW
0,0.5073957684019389,1.285465164461004,-1.3079690023849675,-0.7908599654649315,-0.00016726415780908194,0.7525941008279301,LOW
0,-0.013208280243140053,0.6391704344220691,0.4381685744497811,0.9237864009435977,0.4769097775487283,-1.186233522263709,MEDIUM
0,0.46682299620368956,0.7667923930137028,0.44514420906652236,-0.7886288014715198,-0.0002345776333366208,0.8009765041751632,LOW
0,0.41366454078243026,0.32112103451399626,0.6289100956159381,0.19179632398928811,0.0033103480368845656,-0.6801372383865268,LOW
0,0.3300281818788675,0.5141966518576707,0.7107949189934801,-0.7813684551643427,-0.00027139102221939224,0.8162613432189397,LOW
0,0.40274445420298616,0.580229206157555,1.5770996198337615,-0.7852216912616602,-0.00023085680064987042,0.8440961798377322,LOW
0,0.12871585285049833,0.3807522042893056,0.4519538596146444,1.1596478612944623,-0.0002608266744846158,0.6049712716402398,MEDIUM
0,0.12898018594424618,0.2888839672970559,0.6318401337904788,-0.3227934617158259,0.5092671312405109,-1.2936338146382045,LOW
0,-0.5867472055535671,-1.8029634156655239,-1.371457975239201,-0.787471062335309,-0.0002647338547630011,0.275869139964681,MEDIUM
0,0.5086581899659518,1.2597007135706593,-1.2039077049866982,-0.7108830585465924,-0.00022989361700258515,1.1201261277463626,HIGH
0,0.22216523242490369,0.432066818892349,0.6334777682133458,-0.7529765361511997,-0.0002597524003066254,0.9706669583357036,MEDIUM
0,0.22219789995057065,0.4313217782282777,0.6322808852571099,-0.6926510794170442,-0.00025671715299036864,1.139384362939406,HIGH
0,0.1808066375040086,0.03163395043797664,0.9432853980368114,1.5430231829583718,0.5707647001635607,-1.197374621662589,HIGH
0,1.2105781477904767,-1.7723733224391378,-1.3303957819283347,-0.7997235500061899,-0.00010258293499706479,0.43963342497910796,LOW
0,0.15109909603780386,0.6056980607454312,0.4599007827400373,1.1525759430344973,0.004152827885805365,-0.9694506678053353,MEDIUM
0,0.4053670388041231,0.57852866364478,1.6041549529988792,-0.7043485884812747,-0.00024670544717966103,1.2008686203845556,HIGH
0,0.09561024908851135,0.4613681198783767,0.42289378633607855,0.7431628075138139,0.5030535092353785,-1.1914334211486535,MEDIUM
0,1.0216831040781222,-1.1123559876007945,-1.3383871599083117,-0.7208778369719611,-0.00022347985058299966,0.8591141615935317,HIGH
0,0.21430214543070197,0.4253173535407188,0.2611902292163706,-0.2501818749183286,0.2008199662713232,-1.3323243912895661,MEDIUM
0,0.2877488907770728,0.3152210699021002,0.6325753623741391,0.18838425454186486,0.059251385983287816,-1.1497593617889224,LOW
0,-2.5041799520237533,-1.8075248030313047,-1.3775808911908882,-0.7810350705414828,-3.105565973780625,0.592074867103935,LOW
0,-2.504180339321689,-1.8075252236637693,-1.377581455821125,-0.7348524318436004,-5.519510654943469,0.07355693738966329,LOW
0,0.221757664050406,0.43177255335434583,0.6332799034744621,-0.7529470219746526,0.012575309352372754,0.9706477168068912,MEDIUM
0,-2.1483936573500255,-1.8080329508752053,-1.3782629965000264,-0.7345787915865136,-0.00020984487766917696,0.09165852519366831,HIGH
0,0.21028985525207938,0.4215217873932699,-0.08546985798364343,0.5416173581133814,0.7665991101460142,-1.2038866895623386,HIGH
0,0.21339766266300064,0.2492966367922253,0.6320109307649029,-0.4243142628432264,0.14104300347610235,-1.36259517092169,LOW
0,1.1132821107048936,-1.3988188906350483,-1.3329644068659894,-0.7994198871402811,-0.00011363352930647585,0.4567526983320257,LOW
0,0.18103972024512552,0.043031133617957934,0.9398276324971397,1.5367423954265864,0.5727347742870466,-1.1975326918218465,HIGH
0,0.09767506681558613,0.5966339891714308,0.7296720160468027,2.12743803788494,0.0038689707341920706,-0.8985751681122522,HIGH
0,0.4572327145385587,0.7162310108282004,0.6536858168104044,-0.7881492122464421,-0.00023706868017509198,0.8064383257861093,LOW
0,0.2128535241873227,0.24928628879605125,0.6319115426731394,-0.42263590585024835,0.22389238972557496,-1.3469494421597636,LOW
0,0.40460687133712386,0.578248978501476,1.5744129631381836,-0.7639129398594836,-0.00023615152379963164,1.026296508915729,MEDIUM
0,0.18097629818901467,0.041548992107865335,0.9397974767589249,1.5383560641515956,0.5723684681494466,-1.1974853744467762,HIGH
0,0.5073712481102965,1.2227067846418493,-1.071970173754078,-0.7701244610559266,-0.00019528032892779658,0.9428099402990149,MEDIUM
0,-2.5027077216767273,-1.8075275812857252,-1.3775846205427162,-0.7348203909577501,-0.00021668335194955472,0.07396907226946754,HIGH
0,-2.503120790266843,-1.8075275281865595,-1.3775845492657772,-0.7348212814929733,-0.00021649855346222906,0.07393786360359718,HIGH
0,1.1879471264414172,-1.659132581228734,-1.3328362825688405,-0.7217058932053774,-0.00020961970146441325,0.8226726218714633,HIGH
0,1.2108022805924528,-1.7723657118001315,-1.330385565891143,-0.7997220345773647,-0.00010257152982069172,0.43971931181664603,LOW
0,0.2219816980155311,0.4311519241299932,0.624532564612147,-0.6300727069920057,0.7938122007491316,-0.1365739669597745,HIGH
0,0.26475188457882914,0.5870785818984042,0.46438123957397426,1.1533290975903898,0.0034703147226376892,-0.7517106963450729,MEDIUM
0,0.13199426320587598,0.2905916527953292,0.6323104793652461,-0.30119385692819206,0.5061857000472574,-1.2883013047894813,LOW
0,0.18172414405687062,0.28612369481281186,0.5838478611594313,0.2013517024153237,-0.000247355209076058,0.5933803530438508,LOW
0,0.4186406524936212,0.32034234662398714,0.6294427476751147,0.1915005876335855,0.0034898555070063176,-0.7376195108742951,LOW
0,1.2071659565775223,-1.7688040443063113,-1.3301586350090022,-0.7996860799719783,-0.00010409704412843444,0.44175977412263406,LOW
0,0.3203527287213313,0.31650442694206543,0.6321154127267272,0.19009362034496533,0.005511047080087859,-1.029667761537938,LOW
0,0.20599743542642945,0.13472122166630873,0.36631313561079243,0.22350814659432855,0.573949653991292,-1.2030689974532298,MEDIUM
0,0.3914290167404077,0.566427868465461,1.18336132354392,-0.7845072639506306,-0.00026880550499101504,0.847175370297208,LOW
0,0.21431960601377614,0.42568176317423073,0.26065307297204854,-0.250380925293377,0.08967673359097907,-1.3337291851517272,MEDIUM
0,0.22161156106554664,0.4308487722980582,0.5952524928992111,-0.5141264192168119,0.8678568209902744,-1.2098095386527912,HIGH
0,1.2085981741788512,-1.769885875160401,-1.3315067322811014,-0.7804046254602691,-0.00014364855621942058,0.6328648604683997,MEDIUM
0,0.1396007598298975,0.28857747572597797,0.6318027972778278,-0.32708242134189663,0.509843891401149,-1.2943644500279805,LOW
0,0.41502713507428124,0.3209147225766546,0.6290513155310269,0.19171727293849652,0.0033579822848690214,-0.6954429421941608,LOW
0,0.5069651032991918,1.2606738062719811,-1.1963433178430065,-0.7908336812513547,-0.00016807266336828534,0.7534826162401768,LOW
0,0.4163858385171687,0.32070565163429715,0.6291934314020919,0.19163785598457747,0.00340609268277139,-0.7108647820747384,LOW
0,0.2217428184611598,0.4317609282042844,0.6333657941455216,-0.7525558072825898,0.09407861836504004,0.9715932128703909,MEDIUM
0,0.4946781060059924,1.006666210552167,-0.33884892022799296,-0.709905663112015,-0.0002430311840663462,1.1434844149150014,HIGH
0,-0.10197749672801688,0.637620301030135,0.7805732103952515,1.9927479713265555,0.47544176963646795,-1.1847741553483122,HIGH
0,0.1932206735422652,0.38121020034260666,0.25853232872560866,1.171017965680816,0.6692207529761977,-1.156986974990157,HIGH
0,0.5078146608910762,1.2339685760843053,-1.1186788312945009,-0.7108207186605094,-0.00023121162080454389,1.121970182850815,HIGH
0,0.4140601859498381,0.5969958225914236,1.4810542080718414,-0.7858892963830397,-0.0002259883253142902,0.8336775520558859,LOW
0,0.5095748339722724,1.288425051708899,-1.3096602128784336,-0.7702785228963799,-0.0001897874967695946,0.9381510089148525,MEDIUM
0,0.3957932712475728,0.5664638574772012,1.2434311801072102,-0.7036261200225378,-0.0002598879722329137,1.2031067129346618,HIGH
0,0.1813084165981386,0.04922872414224481,0.9375548001751475,1.5300023064896604,0.5742969932238208,-1.1977106910723476,HIGH
0,-0.09437660038713304,0.6335541124111514,0.7810859309292243,1.9907948797310162,0.47589589075300165,-1.1848177641424475,HIGH
0,0.1809114059800712,0.040022529534532836,0.9396144612736513,1.5400189068842425,0.5719888129751725,-1.1974348771661623,HIGH
0,0.18995327370671486,0.2720431897374315,0.483985782153427,1.2844977134670934,0.6233169806336709,-1.1690653195034864,HIGH
0,0.3948643674819047,0.5702926710127239,1.278328073970185,-0.784709619738326,-0.00026122038327401723,0.8476215917831447,LOW
0,-2.504180339321713,-1.8075252236637958,-1.3775814558211603,-0.7349191133852554,-3.9449473706511906,0.07407876449537458,MEDIUM
0,0.2217588138968352,0.4317733849140306,0.6332770722181532,-0.7529517224107968,0.00325458434755544,0.970602249920838,MEDIUM
0,0.20893620842153593,0.5960843714607598,0.4622249099687085,1.1529591819640996,0.0037649035177376895,-0.8551272822386703,MEDIUM
0,0.2733548186803858,0.4706805309729178,0.48153962339194123,1.158676696827508,0.00023802619112972773,0.41870101291145095,MEDIUM
0,0.4066606699511292,0.5803444618560973,1.6554076715840416,-0.7044500531476752,-0.00024398916057790277,1.1993952092062563,HIGH
0,0.2125083628742439,0.3372130505734419,0.3173603280880404,-0.13928282320907281,0.6222496496042421,-1.2211482579767305,MEDIUM
0,-2.504180339321689,-1.8075252236637693,-1.377581455821125,-0.7348525295286059,-3.9365170681227264,0.07355721164958824,MEDIUM
0,0.18088457358693028,0.03927204202821499,0.9395381300580016,1.5407123801805054,0.571808997627936,-1.197413647738198,HIGH
0,-0.013499984395971573,0.6393816015005306,0.4381785861981482,0.92389086590828,0.47691132847996887,-1.186229100551232,MEDIUM
0,0.19148853900212542,0.27019425334441177,0.6319157639607401,-0.40780350304334617,0.48879326978719967,-1.2714543578511583,LOW
0,0.5073966654776718,1.2854806604242153,-1.3079817954177697,-0.7908600224918255,-0.00016726003050672596,0.7525921724419037,LOW
0,0.17972999640895437,0.03321485729050527,0.951118131060733,1.5724898292503773,0.5647081329167966,-1.1958168788672776,HIGH
0,-0.09111267237231409,0.6333180779806753,0.7822338955080913,1.9867660490187788,0.476662301326541,-1.1849305758540032,HIGH
0,0.002147789792664091,0.6327169505663562,0.4368032505131423,0.9064667347600437,0.47954476518463496,-1.1871054116773427,MEDIUM
0,0.20505621716168226,0.14174011794819683,0.3723277185657122,0.2705956680117307,0.5678444485858389,-1.1999335908389708,MEDIUM
0,0.21431975632429037,0.4256819122223815,0.26065265408975474,-0.2503820044404602,0.08959608921669684,-1.3337337538344674,MEDIUM
0,0.18079940719368473,0.030937720778160774,0.943842806861522,1.543243598578165,0.5707823187631237,-1.1973725629262928,HIGH
0,0.5290263502586476,1.0345076668163398,-1.3143194398524918,-0.7920915542737812,-0.00017409696366565817,0.7115346555334057,LOW
0,0.20924611568957624,0.2529601130421889,0.6319108668090847,-0.42055111921419214,0.8631872925119481,-1.3244954796604222,LOW
0,-2.5027029169988753,-1.8074059998896292,-1.3774214174183403,-0.7757938368590129,-0.0018439335184119595,1.2918893205589672,MEDIUM
0,-0.015201503917681578,0.6408530592578615,0.4382481270986001,0.9246178264092617,0.47692588735886676,-1.186198649518589,MEDIUM
0,0.19357356049470892,0.40649282301057427,0.20817185815094486,1.1599194774291814,0.09167496518347733,-1.261330924282602,HIGH
0,1.20857147037886,-1.7736533598438198,-1.332747417825676,-0.7217314036478475,-0.00021025520726270045,0.8214653688525695,HIGH
0,0.6728800286184274,-0.04686204739135585,-1.3349172711350858,-0.7765014734637308,-0.0002178260642150586,0.7669892617293487,MEDIUM
0,0.3853505262991409,0.5325391759082689,0.6814596471713658,2.1290161593934904,0.0020206938700410688,-0.2385541538785426,HIGH
0,0.40656164341307394,0.5809826456048992,1.6561330083180508,-0.7640613616855387,-0.0002279403265654072,1.0241846074541983,MEDIUM
0,0.21398992063147793,0.3985565961873568,0.290754926878404,-0.23048894112734686,0.6455475225956927,-1.2545165684443536,MEDIUM
0,1.1301474043398698,-1.4564544702962228,-1.3349342160337465,-0.721468504877803,-0.00021354756697069123,0.833810509022189,HIGH
0,0.08363352192431542,0.6171386201870805,0.4566371836779192,1.150168476905044,0.10356628604615581,-1.1665076862513142,MEDIUM
0,-0.022049222042101465,0.6189786738697515,0.7476620597413148,2.121014355502915,0.4515482371768497,-1.1794417401755721,HIGH
0,0.1144605001695197,0.24303851740461951,0.8681471345361413,1.7393548599047939,0.5240205742962036,-1.1449781469414337,HIGH
0,0.33027913294784106,0.5101903407566214,0.7050597279909366,-0.6995665493834893,-0.00025848041699254233,1.1620790279573971,HIGH
0,0.40499119642424036,0.5780048439679689,1.5864990642227252,-0.7043173790552897,-0.0002475342767019221,1.2012830798349452,HIGH
0,-2.5041803391747885,-1.8075252235042258,-1.3775814556069639,-0.7416643054775166,-6.270989258370246,1.3113508104395968,LOW
0,0.2176368403807015,0.4283969141213625,0.40222609682964144,-0.4110745609526114,0.6693661329225539,-1.3133985165218398,MEDIUM
0,0.2161946976576092,0.5948971632415081,0.46251001545693005,1.1530071351454703,0.003725882634381717,-0.8414899980925448,MEDIUM
0,0.2221233226400857,0.4312677556932201,0.6323130275019906,-0.692384345070353,0.053887904050381755,1.141327027413117,HIGH
0,0.15440045197669694,0.28667161611623015,0.6318610743064318,-0.3546264267176041,0.5133471620768097,-1.2956149451923986,LOW
0,0.5056081115400477,1.1879410498709682,-0.9438303836891981,-0.7106576342781914,-0.00023347851925415252,1.1265974448286733,HIGH
0,0.19012324238246764,0.2714292982436576,0.6319155716034963,-0.4066903142420127,0.532927998272547,-1.2715959163654313,LOW
0,-0.10217184294038795,0.637778066436256,0.7805592723003001,1.99280224236439,0.4754482446184611,-1.1847730736525093,HIGH
0,-0.012804228901686383,0.638891030666856,0.43815522713530103,0.9236471143483933,0.4769090590952122,-1.1862394361776882,MEDIUM
0,0.21425738982743328,0.42155106023808553,0.2660925640935336,-0.24828261617629202,0.7377179445060874,-1.3183834308412326,MEDIUM
0,-0.015042685378331542,0.6406932389019211,0.4382404975130889,0.9245378392893218,0.47692557006007086,-1.1862019677998192,MEDIUM
0,1.1606280828179818,-1.5685940850513111,-1.3310327060414364,-0.7996049090694157,-0.00010537775673748328,0.44636129083464954,LOW
0,0.39741510881639086,0.5683413437039609,1.2920782828888364,-0.7037390560680281,-0.00025857886411006484,1.2036810146429195,HIGH
0,0.5073976117809382,1.285496743158556,-1.3079890778637242,-0.7908600826465367,-0.00016725567897339001,0.7525901382933662,LOW
0,0.36767183591364677,0.5712587033901569,0.4681325832951618,1.1540218159400466,0.0029620901494199314,-0.5689560889376097,MEDIUM
0,0.5091414579686092,1.2830159242678767,-1.3077831974430185,-0.7702479717183004,-0.00019102107435142938,0.9390816213858446,MEDIUM
0,-2.5041801817409697,-1.8075250525201607,-1.3775812260888425,-0.7697120534261868,-1.8860774911422273,0.5341085829854323,MEDIUM
0,0.3812559116397264,0.5560947958644578,0.9875653467372353,-0.7839532070872808,-0.00027970766039097343,0.8425623307809349,LOW
0,0.4708016858921025,0.778547803217187,0.39152847721531137,-0.7678798055923952,-0.00024099319723924016,0.9831865055380808,MEDIUM
0,1.189903413451192,-1.6627910698853383,-1.331584300562137,-0.7803844059959881,-0.0001426137846237615,0.633880683293907,MEDIUM
0,0.1397484256558861,0.2885634883271224,0.6318032756088041,-0.3272989531461389,0.5098761080763854,-1.2943984257730918,LOW
0,0.4042807750935602,0.5823717023542042,1.6462870353226169,-0.7853274570770251,-0.00022248655399566408,0.8424533384631698,LOW
0,0.1379499772520185,0.2886488803161691,0.631804538275398,-0.32601791271409747,0.5095893723532556,-1.2941937649814552,LOW
0,0.18264793450272854,0.2773004368262389,0.6319132576454687,-0.39934696145950066,0.5174670172941853,-1.2773086501158042,LOW
0,0.12923032453243194,0.2898381472441808,0.632100534427002,-0.31077706047460746,0.5075910840699709,-1.291000288404941,LOW
0,0.508911423909989,1.2685590965483433,-1.2293236082844843,-0.7702325345373178,-0.00019123981740831048,0.939551750635921,MEDIUM
0,1.1556901517657046,-1.550379738057652,-1.3312512139189947,-0.7995866998791377,-0.00010620728951436323,0.4473944224778316,LOW
0,0.11486456297486151,0.36747981768073934,0.5836718753785963,2.129520101941253,-0.0002588877467509782,0.6134664763410086,HIGH
0,0.3156469762758642,0.5034801632259275,0.6928352767048822,-0.7806316234755086,-0.0002679766813900405,0.811880272108208,LOW
0,0.21375942218258817,0.2540462912749225,0.6322041527094218,-0.43250061094639763,0.5194456287492828,-1.3636865720673357,LOW
0,1.2079408418134607,-1.7722045172731953,-1.330169420609484,-0.7996877659571467,-0.00010396527028545368,0.441663842800143,LOW
0,0.36697852374709516,0.5389807880426304,0.8230948144131479,-0.7018303308833262,-0.0002623024259013215,1.1803939160096566,HIGH
0,-0.01961633647027986,0.6182098033655293,0.7470528214176265,2.1230495613908116,0.2950749208412753,-1.180417918945498,HIGH
0,-2.504180339321689,-1.8075252236637693,-1.377581455821125,-0.7348826917409659,-5.537243256950831,0.07376267289473877,LOW
0,-0.09403247401412196,0.6334809050113849,0.7811403909705047,1.9906010447700206,0.47596418386613565,-1.1848228838391277,HIGH
0,0.00125734474248708,0.6334356307960984,0.4369292264834394,0.9081139535547106,0.47930830524452533,-1.1870159851668491,MEDIUM
0,0.5071348967842888,1.2697673154084603,-1.2252161720185561,-0.7908443239569899,-0.00016764346140493583,0.7531230331589186,LOW
0,1.2099653882614292,-1.7741559146377917,-1.3327886201885473,-0.7217403870397163,-0.000209966141764063,0.821040087527368,HIGH
0,1.114842254695582,-1.4002669827473353,-1.3343049954123036,-0.7800890314948621,-0.00015241390009288969,0.6485543653202254,MEDIUM
0,0.21016694087963772,0.4214142317206554,-0.08285407014028189,0.5482263424082896,0.7656902006868226,-1.2034269008276155,HIGH
0,-0.01089087200041017,0.6526905100357506,0.44260652181404786,0.9734354693956628,0.470957621777151,-1.1842795101258095,MEDIUM
0,0.21732409862007251,0.5760323670800269,0.7134417949954832,2.127862821405347,0.003268426794463539,-0.687774563360621,HIGH
0,0.424730350448667,0.6163421833534228,1.276121439041155,-0.7864753051921144,-0.000231093798838626,0.8255555096320167,LOW
0,0.09778251952232508,0.6146858051375734,0.457477652554465,1.1517693738676764,0.02552938410562671,-1.120352789888541,MEDIUM
0,0.41371949044961287,0.5634973480824655,0.46995212347891246,1.1543832973729553,0.0027157229540506916,-0.47889900440694516,MEDIUM
0,0.5044306421665331,1.1649026535618494,-0.8595835652072437,-0.7105719216598917,-0.00023465643528261716,1.1288984002616753,HIGH
0,0.1905804229531435,0.2957043454781557,0.41056843532654674,0.6117138320340666,0.8998353475042672,-1.1747981844701585,MEDIUM
0,0.40433690838139874,0.5824502567529483,1.6483095235693708,-0.785331011239908,-0.00022222849905453485,0.8423953706248591,LOW
0,1.2125277719925356,-1.7733082829517695,-1.3316508133865128,-0.7804324484533091,-0.0001423197535301154,0.631467649476978,MEDIUM
0,0.3981984404198095,0.5474977871481331,0.6920932556833596,2.1285834551323544,0.0024678584629154406,-0.39304944071808684,HIGH
0,0.023747563027701524,0.6099238275581313,0.7404251809064407,2.1271327613268705,0.007164962423895235,-1.0588205566837579,HIGH
0,1.2113607815139529,-1.774198442507846,-1.3328457068933295,-0.7217525110300159,-0.00020965513457987166,0.8204667277091089,HIGH
0,0.12775436145708374,0.2176569028574349,0.873857961066938,1.724292750406835,0.5244938735904315,-1.116925538494142,HIGH
0,0.2102474706594367,0.4214860732922944,-0.08469332299072746,0.5440339611087135,0.7663770419301049,-1.2037217336655452,HIGH
0,0.18079366118025544,0.03045043292573226,0.9442832776961358,1.5434180622210165,0.5708135922342902,-1.1973707958437338,HIGH
0,0.5073807594977061,1.2850723747484185,-1.3069065170711287,-0.7908590108666355,-0.00016733286152971136,0.7526263816915609,LOW
0,-0.008604557975686074,0.6158191250095087,0.7451564087046112,2.125946878401657,0.08310527364589881,-1.160516069893701,HIGH
0,0.22011602503727004,0.4340747440416935,0.6354858290431593,-0.7756178929951804,-0.0002629434151291582,0.7930524347522495,LOW
0,0.5043396244942636,1.1984453187337452,-0.97080212685614,-0.7906694468007259,-0.00017581842729795738,0.7589150182680295,LOW
0,-2.504179786799734,-1.807524623586541,-1.3775806503156636,-0.7753146688331609,-0.006636020790357091,0.49690455978743747,MEDIUM
0,0.17410235687985737,0.3204046916071896,0.41146023624541656,0.6230958039762459,0.47033489730338707,-1.0758135881364501,MEDIUM
0,0.6428938943610852,0.10299953952705684,-1.3343475753643474,-0.716963163732594,-0.00024044846611044317,0.9569824783856986,HIGH
0,0.18088918602247117,0.03945501256404307,0.9395314667937574,1.5405917247184593,0.5718514528825988,-1.1974171869647785,HIGH
0,0.40473785913152954,0.5830106351762535,1.6587645346703317,-0.7853554633071429,-0.00022094909450601688,0.841995887939863,LOW
0,1.0393381477785584,-1.1638932342252395,-1.3379378414696192,-0.7209794620373513,-0.00022181463495747337,0.8550591632522182,HIGH
0,0.061734137600389406,0.34461010336285436,0.8449005681355974,1.7973871336772722,0.5156200782602625,-1.1915441089621963,HIGH
0,0.40465157900229765,0.5775351790060188,1.5706994369283318,-0.7042893099450978,-0.0002482529854780537,1.201633394360055,HIGH
0,0.03762917668213603,0.6332607038868602,0.45049006929286867,1.0725428919461275,0.45833472246445967,-1.1803568264055002,MEDIUM
0,-2.4325657566137413,-1.8075483532635896,-1.3776125035231375,-0.7347733292208284,-0.00021735090099956822,0.07679474496285722,HIGH
0,0.18100305036706515,0.042175292702900165,0.9398297802308718,1.537674082482619,0.5725233282148318,-1.1975055781052732,HIGH
0,-2.5029392803753603,-1.8073148909822934,-1.3772991186225279,-0.7877722018785557,-0.0028063577858460187,1.7498615995633693,LOW
0,0.22174649341349023,0.43176394389650236,0.6333944895464627,-0.7526916482575613,0.07685192141708354,0.9714077810077784,MEDIUM
0,1.2076973498158543,-1.7714970014575722,-1.330164864338261,-0.7996870060480175,-0.00010402698153846904,0.4417070773212988,LOW
0,0.2221193304477417,0.4312645847771878,0.63234769472779,-0.6920909506271383,0.07465761762581584,1.1423862916245573,HIGH
0,0.3354578537515738,0.5148276295782727,0.7146588290719343,-0.7597348911069649,-0.00026502273517755063,0.995126517013831,MEDIUM
0,0.3839973469466674,0.5587479690412165,1.0303595872433466,-0.7840977785134344,-0.00027803173396950955,0.8440978596371351,LOW
0,0.3994167724898976,0.5758221237349949,1.43538620760638,-0.7849960762076958,-0.00024634919471095443,0.8465712602577123,LOW
0,0.19427784560190448,0.29029758832805425,0.4103888539975671,0.6095005234167619,0.3961690469670649,-1.1961421004548183,MEDIUM
0,0.21350838431831395,0.37476042683672484,0.3061036580442898,-0.20082781299211194,0.6320160213553867,-1.2337532396104887,MEDIUM
0,0.21958892997855828,0.4334888508897,0.635228682450694,-0.7751085790034699,0.15503662475431873,0.7938619753690339,LOW
0,0.5095378512918574,1.2882253659450398,-1.309647890630096,-0.77027594900611,-0.00018983953299859616,0.9382294122958067,MEDIUM
0,0.5092592306872425,1.2851432359998705,-1.3095488363285825,-0.7702563694877691,-0.00019057320527754107,0.9388258378552993,MEDIUM
0,0.22263828980826528,0.43163988432187333,0.6324988138814639,-0.6926795884716642,-0.0002567182475928598,1.1394645628605695,HIGH
0,1.2092890804635026,-1.773092231830606,-1.3315155939840173,-0.780406251457321,-0.00014355000879515606,0.6327830722251694,MEDIUM
0,-0.005627191236269439,0.6353691413808311,0.43790114842688427,0.9208251602263253,0.47747964635337914,-1.1863657682586748,MEDIUM
0,0.21029155958840365,0.4215231971992449,-0.08543048885720371,0.5415172193082342,0.7666093853942504,-1.2038932288908273,HIGH
0,0.3167077423708845,0.5000769355795367,0.6888328591247722,-0.698711680821547,-0.0002578022874826556,1.158100069271229,HIGH
0,-2.5037633150606764,-1.8073395916424313,-1.3773322752158728,-0.7877279115698838,-0.0028584132737704284,1.6819927198297826,LOW
0,1.2086837525604333,-1.7740105217844395,-1.3327493125882015,-0.7217318161479933,-0.0002102412775120876,0.8214458315843403,HIGH
0,0.41881719846211973,0.32031189433933976,0.6294640984102134,0.19148906490708995,0.0034969182486257718,-0.7398706249614908,LOW
0,0.22157667539152343,0.43082019386463044,0.5925816426285908,-0.5079406522646905,0.8781567865976315,-1.2215253431474076,HIGH
0,0.19528983083526522,0.288250359038965,0.4102952694207903,0.6090772395343869,0.11886756518325578,-1.2003104599776722,MEDIUM
0,-2.5041803393217617,-1.8075252236638484,-1.3775814558212311,-0.7349589493155533,-3.9493904964937134,0.07464998351025531,MEDIUM
0,0.22211902283930024,0.4312643355239931,0.6323467699135853,-0.6920651066804572,0.07614422723187843,1.1424409137782447,HIGH
0,-0.1019753952566197,0.6376186267007001,0.7805733583289911,1.9927473952931825,0.47544170247003487,-1.1847741668454586,HIGH
0,0.12904231745372163,0.2888792861762797,0.6318392739294828,-0.3228564771045661,0.5092589684116016,-1.2936454614292376,LOW
0,0.2131590371467521,0.36101015852462376,0.3108829724164266,-0.1791819132099291,0.6281163360609204,-1.226686542700964,MEDIUM
0,0.40571147453027095,0.3222749357464611,0.628080402335542,0.19225616330158762,0.003038063360253597,-0.5920617766400482,LOW
0,-2.5041791925281576,-1.8075239781663233,-1.3775797839446609,-0.7872343657443014,-0.00516533201794237,0.5404611111209104,LOW
0,0.1289792366798528,0.2888840532084548,0.6318401495901751,-0.32279230530796305,0.5092672916219438,-1.2936336005562539,LOW
0,-2.50418211682201,-1.807527154152629,-1.3775840471864456,-0.7348261671082267,-0.00021523000332134416,0.07379089609505592,HIGH
0,0.5091338594369423,1.282707140282098,-1.3064099580421353,-0.7702474236274908,-0.00019105017884655747,0.9390983138381058,MEDIUM
0,0.1935723234938746,0.4064892630583277,0.20824918021073452,1.159924031935824,0.09639432288934024,-1.2613119525306944,HIGH
0,0.21482779269165928,0.4260932829470614,0.2661276371772941,-0.25998097889914656,0.5002371548689901,-1.2988975567276655,MEDIUM
0,-0.10411804603381525,0.6397586169159906,0.7803783974217672,1.9935049776341087,0.47548654441829236,-1.1847594444492615,HIGH
0,0.11531325541727006,0.24139900209204662,0.8685240009319463,1.738381437654069,0.5240741586033949,-1.143352139092747,HIGH
0,0.22263854406267514,0.4316400679794854,0.6324989397125628,-0.692679604930485,-0.00025671812838149756,1.139464609157754,HIGH
0,0.4017613274613565,0.5466959048757393,0.6915120104350934,2.1286060114366454,0.002445763802526387,-0.3847315148291283,HIGH
0,0.22151916552918763,0.4307730740871425,0.5881163477332949,-0.49795793780965636,0.897658975836868,-1.2317907463965116,HIGH
0,0.22172820531094387,0.43174890694552476,0.6331257999429916,-0.7517227868504199,0.16764260180818982,0.9704043846409505,MEDIUM
0,0.21321948761957385,0.2489088573256673,0.6319184769585502,-0.42282013817187464,0.08152780129075443,-1.3495829333189966,LOW
0,0.4186640608677317,0.3195420151491268,0.6300235582184553,0.19119755977670663,0.003673757981343373,-0.7970570941075584,LOW
0,0.21269085833375412,0.3437656954781285,0.3156566476934362,-0.15040767662170867,0.6238163273316363,-1.2221747012001922,MEDIUM
0,1.2067638053843754,-1.7576534069436158,-1.331491080179911,-0.780402169958282,-0.00014374394535530494,0.6329883994561388,MEDIUM
0,-2.5007802300932864,-1.8075277448311606,-1.3775848400756947,-0.7348172206619231,-0.0002172402520246845,0.0740906847808056,HIGH
0,-2.501623723787156,-1.8073949832216982,-1.3774066293448,-0.775824769105893,-0.0018231228864331473,1.3232002824454805,MEDIUM
0,0.22201770233592255,0.4311814558032156,0.6276480475967974,-0.6529699449349341,0.5980598800305903,0.22997519644057685,HIGH
0,0.40498207884781645,0.5833521121837858,1.6585763717992297,-0.7853698160179352,-0.00022088228153265596,0.8417616312748412,LOW
0,-2.504180339300966,-1.8075252236412627,-1.3775814557909136,-0.7408096646318775,-3.814792294097117,0.826794463010302,MEDIUM
0,-2.504094364207399,-1.8074346572437427,-1.3774598852257338,-0.7757124730229391,-0.0019150893819683207,1.1945250735833446,MEDIUM
0,0.21954516352710451,0.42996114719228035,0.5053136905280041,-0.5229642011153735,0.6848489331264764,-1.3143130030550445,MEDIUM
0,-2.498738632259339,-1.8075278444473222,-1.377584973794087,-0.7348146547957057,-0.0002175883001572164,0.07420050576104602,HIGH
0,0.22211867524460674,0.4312640535169079,0.6323450898200106,-0.6920353158634435,0.07784390227511223,1.1424989719089165,HIGH
0,0.13803753586437176,0.28864610731343165,0.6318043150683815,-0.32605772163852714,0.5096003873400305,-1.2942002616328923,LOW
0,0.42922477372881485,0.6258952220545716,1.191242869320432,-0.7867153288630729,-0.00023285131040210187,0.8225103483065742,LOW
0,1.2080583586528906,-1.7722072246454226,-1.3301728228263938,-0.799688339499384,-0.00010391865257426069,0.44163121579507214,LOW
0,0.4506895668545263,0.6801960811228832,0.8180754865450365,-0.766746761017547,-0.0002419192549569452,0.9930157024954755,MEDIUM
0,0.5075237606986892,1.287472694570146,-1.3080394555470514,-0.7908680624159758,-0.0001667191212686877,0.7523203586085421,LOW
0,-2.5041803438192622,-1.8075252285484467,-1.3775814623780047,-0.7348512712819649,-0.00018771927389990198,0.07355737469784901,HIGH
0,0.1791796055710533,0.04351663241931719,0.9439595187781916,1.586240494012902,0.5614480644573682,-1.1944988890912052,HIGH
0,-2.5041803393217696,-1.8075252236638573,-1.377581455821243,-0.7349765834921954,-5.587472477352395,0.07547170829682838,LOW
0,0.2221191838466831,0.43126446602865703,0.6323473550528187,-0.6920786937727706,0.07536438418745581,1.1424126974916016,HIGH
0,1.2094677046444302,-1.7741438660844453,-1.3327724469777316,-0.7217368834129185,-0.00021007400464853447,0.8212059030811674,HIGH
0,-0.002431374583613321,0.6350842061116244,0.43745260123369295,0.9149639282934783,0.4783253315210159,-1.186656337124552,MEDIUM
0,-0.006149841332010036,0.6354935848626887,0.4379331051329472,0.9212276557234523,0.47737812033491717,-1.1863467820661193,MEDIUM
0,0.37617772642688413,0.5266004940927002,0.6773364935205509,2.1291915378922552,0.001848846682144079,-0.1786165180493991,HIGH
0,0.21021216672321333,0.4214550539642384,-0.083255796285935,0.5459143682346462,0.7661901411004857,-1.2035842771072696,HIGH
0,0.3501069593672463,0.529593890601909,0.7566463866792112,-0.7823826053823617,-0.00027670306312135016,0.8244472474544511,LOW
0,0.0815011415832545,0.6175385958876332,0.4564926656742318,1.1496185478066394,0.1312117960656065,-1.1720243688532055,MEDIUM
0,-2.44247096133729,-1.8069336668716698,-1.3767873876510222,-0.7885095926787027,-0.0025013443863611405,2.103631775856772,LOW
0,0.507684458217956,1.2294240366660931,-1.0977484320341342,-0.770146525445909,-0.0001946087902430287,0.9421523109847967,MEDIUM
0,0.3911032815679883,0.5620686751708834,1.1289057804032727,-0.7629717441686776,-0.00026808001781769564,1.027385537093666,MEDIUM
0,0.1808160222898828,0.03265571241112364,0.9425710158391378,1.5427357712479368,0.570785145959314,-1.197377234436078,HIGH
0,0.2201685622727515,0.42966536086753404,0.4872275892923728,-0.30502790569018945,0.8806161564777618,-1.2628648399335656,HIGH
0,1.2034547076862956,-1.7335966883216787,-1.3314785891877512,-0.7803988636396857,-0.00014370193822792036,0.6331547465210806,MEDIUM
0,0.3325055783599958,0.5160624963587481,0.714760183739027,-0.781494465327343,-0.00027197006156356903,0.8171213303265028,LOW
0,1.1273060909869166,-1.4464282921818634,-1.3350459944236766,-0.7214539820493724,-0.00021378920794468454,0.8344801075213675,HIGH
0,0.5052421036271963,1.2169398246793783,-1.0410208948231787,-0.7907259896180913,-0.00017351049986214499,0.7570782420508397,LOW
0,-2.504179668583713,-1.8075244951957294,-1.3775804779720138,-0.7853784531410821,-1.742320471129404,0.5550629937908346,LOW
0,0.18151761968000138,0.054002585221244674,0.9311002838317493,1.524815499233484,0.5754689484120294,-1.1978324311107507,HIGH
0,0.18547068797817967,0.27526452924812334,0.6319144344488127,-0.4023636635895823,0.514690208471195,-1.2747977110368625,LOW
0,0.5976280187362317,0.4082771176465057,-1.3284176013600624,-0.7746827922045044,-0.00020989948059761294,0.8124044783984414,MEDIUM
0,0.4064270341739177,0.5807941802564245,1.653115937730243,-0.7640522083851905,-0.00022824864611082997,1.0243221003060607,MEDIUM
0,0.4032195296441664,0.5453034335918635,0.6905040496784492,2.128645385603129,0.002405259385447383,-0.37030847213054163,HIGH
0,0.4055304541243088,0.5795352846370259,1.6175241031898817,-0.7639858547507573,-0.00023199527620749785,1.0253019446262583,MEDIUM
0,0.447691433891856,0.6688395453562649,0.8753769855653121,-0.7070996248676289,-0.00025037234476584994,1.1687594046185683,HIGH
0,-0.09385774890319756,0.6334686392848249,0.7811828787604361,1.9904512804909382,0.4760007379184361,-1.184826972544689,HIGH
0,0.21960010695346108,0.4336582406621304,0.6352321959638184,-0.7755389614631951,0.04571645094802615,0.793203694867779,LOW
0,-0.005627086876600258,0.6353691263691413,0.4379011401298798,0.9208250531698224,0.4774796683505035,-1.1863657733644308,MEDIUM
0,0.1742485702644793,0.1388387237851535,0.8846538638978696,1.6940249751432461,0.08793616975481729,-1.206192018483129,HIGH
0,0.5076345886180935,1.288897046115894,-1.3080800707224167,-0.7908750094455328,-0.00016633440185166942,0.7520856002992387,LOW
0,0.4067075021566006,0.5804100479388579,1.6561920643348071,-0.7044533853191585,-0.00024394700904173107,1.199344933144624,HIGH
0,0.5002121779570213,1.0899822308892158,-0.6027371580735853,-0.7102749587615048,-0.00023863411083952784,1.13611126504558,HIGH
0,0.02314738288921421,0.6390577928386527,0.4482179494319596,1.0429733147548508,0.4621422929053379,-1.1810950179640094,MEDIUM
0,0.40227241825403254,0.5439237845473828,0.6895088632895963,2.128684642559346,0.002363612815289028,-0.3560209454944099,HIGH
0,0.21960655261330192,0.433706888577514,0.6352351672615901,-0.7755905992640042,0.003286091938700517,0.7929705476146803,LOW
0,0.3762238794943211,-1.7900269256685595,-1.354092854803372,-0.8030938940374835,-0.0001579362929219752,0.23994716424221682,LOW
0,-2.5041821165944405,-1.807527153905451,-1.3775840468546494,-0.7348261690406992,-0.00021522946262650568,0.07379084626318382,HIGH
0,0.2101778995073161,0.4214241705477049,-0.08276124304174,0.5476698532569236,0.7658396667860772,-1.2034627838287926,HIGH
0,0.5094101053172251,1.2871174953650426,-1.309604044768411,-0.7702670186994914,-0.00019010739078491486,0.938501445711498,MEDIUM
0,0.4127332921118311,0.5642552605250042,0.46977760585793193,1.1543475790107327,0.002740908977222558,-0.48768039422947257,MEDIUM
0,0.21028601348668333,0.42151860574083855,-0.08553242162959943,0.541842640481972,0.7665742403395827,-1.2038720543069543,HIGH
0,0.507025390130142,1.2636243577614081,-1.2052143313337857,-0.7908375149116316,-0.000167864112718061,0.7533531288131723,LOW
0,0.1808918404899152,0.03954355011806033,0.9395359408531502,1.540522898109507,0.5718716128458085,-1.197419266824906,HIGH
0,0.20601538809385458,0.1354862685688837,0.3662001737071889,0.222614144147639,0.5740919786779473,-1.2031179726401466,MEDIUM
0,0.21562824105484138,0.4267497458732107,0.30288831662471283,-0.301637589703233,0.651328155026727,-1.2991072195398912,MEDIUM
0,-2.4978782967077224,-1.807527874248838,-1.3775850137977443,-0.7348137021785429,-0.0002176968143368765,0.074243720348795,HIGH
0,-0.10470917776321922,0.6404779811721122,0.7803074841114062,1.9937795038642199,0.47544157043821084,-1.184754437122761,HIGH
0,0.15734497314159623,0.34883506237896467,0.4131439253384078,0.6411379958117862,0.5097547402009242,-1.1008169338609604,MEDIUM
0,-1.8772423626698158,-1.80843762876796,-1.378806210335236,-0.7342778392339825,-0.00020626225648605182,0.11531562424034682,HIGH
0,0.1287071025911003,0.21586221690918989,0.8742430260273145,1.7232505554196573,0.5245400030092429,-1.1147972790459526,HIGH
0,0.4045007466987587,0.577327755795238,1.5637525305303865,-0.7042769048186559,-0.00024856374002972753,1.2017809073187335,HIGH
0,0.5098132856130021,1.2876736328763818,-1.3097370942171442,-0.7702950300918858,-0.000189712498451667,0.9376482483510089,MEDIUM
0,0.11075484666981689,0.2501702115443357,0.8665036172294325,1.743571322819961,0.5237496468110028,-1.1516608645232405,HIGH
0,0.1742191869385747,0.13900829042848684,0.8846165387289306,1.6940387841265754,0.10855402184491192,-1.2059753557713229,HIGH
0,0.26691439194242406,0.31342391207627834,0.6326742139909236,0.1562661938576697,0.4487074342000334,-1.1795974617511455,LOW
0,1.2126469555536532,-1.773319285458805,-1.3316655824513681,-0.7804351872924334,-0.0001422591776045837,0.631330310280006,MEDIUM
0,0.19216392919582523,0.29351681505426935,0.4104990646420195,0.6106633043481896,0.8144239632800803,-1.1851787858976401,MEDIUM
0,-1.5889820563715051,-1.8069473344744402,-1.3768057341706912,-0.7837208663983276,-0.0008333809696740207,0.7322623815772905,MEDIUM
0,0.1935733542501285,0.40649239926914504,0.20818447803370088,1.1599202211793629,0.09232737660226288,-1.261328377423602,HIGH
0,0.4018464635385757,0.5790061007464019,1.5364724778782115,-0.7851593728601022,-0.00023547735939363686,0.8449331065715436,LOW
0,-2.504180339321689,-1.8075252236637693,-1.377581455821125,-0.7348525360250966,-5.519574883210266,0.07355730599266228,LOW
0,-0.08671087660989087,0.6310634773692594,0.783933248237381,1.9808501655427226,0.4777306044866093,-1.1851012232008726,HIGH
0,0.012386501761869048,0.615286020847091,0.43535345801919934,0.8876389223569103,0.48225652393356994,-1.1881791150021246,MEDIUM
0,0.270725690333076,0.32198653626687335,0.6094284297575445,0.19906080142332033,0.00011179726242981728,0.45705713714292445,LOW
0,0.5069780088390985,1.2144572126171422,-1.0402575243032786,-0.7700967268304821,-0.0001960974587507912,0.9436291799805796,MEDIUM
0,0.40645402262782254,0.5800550194796388,1.6502400544254543,-0.704435114545173,-0.0002442782945855372,1.1996198252236232,HIGH
0,0.19356700123153311,0.4064455930870313,0.20862667263768767,1.1599465944011276,0.11954309273076229,-1.2612013866104224,HIGH
0,-2.5041803393267563,-1.8075252236692732,-1.3775814558285129,-0.7357902667721515,-3.9926844558120744,0.1271158329542532,MEDIUM
0,0.4120342204156384,0.5888901152040846,1.5561044294498236,-0.7644190710067087,-0.00023005669996426843,1.018925700471051,MEDIUM
0,-2.503970468169347,-1.8073513652218647,-1.3773480793192168,-0.7877066557579562,-0.0028875499289276875,1.6464937382764677,LOW
0,0.4088242509054997,0.565215388342669,0.4695538339208654,1.1543024338449102,0.002771497092009789,-0.4988207639095322,MEDIUM
0,0.21029970002242365,0.4215299237972682,-0.08514017320242762,0.5410380986161405,0.766638890967098,-1.2039258610003167,HIGH
0,-2.496967169118122,-1.8075279005972942,-1.3775850491662338,-0.734812752002007,-0.000217794755844515,0.07428808385397018,HIGH
0,0.06749909209628711,0.33978904397292803,0.4315937782864888,1.1594154072958571,-0.00026542369852565055,0.5939377745731326,MEDIUM
0,-0.10197577803750733,0.6376189316293479,0.7805733313872372,1.9927475002006163,0.47544171469951046,-1.184774164751571,HIGH
0,-2.114918138273174,-1.8062189343560184,-1.3758279762328864,-0.7915098370444937,-0.0020744270995629453,1.7335343901707938,LOW
0,-0.020885956985051312,0.6185787348862358,0.747345145529505,2.1221768482082095,0.3611663267040285,-1.1800371134635945,HIGH
0,-0.16864766583711438,-1.7997497644883154,-1.367144174529421,-0.7291761400824617,-0.00021726997048194494,0.44755121223965977,HIGH
0,0.2036859633500457,0.16411584008461025,0.3790033112902494,0.32657179416811905,0.5601545010494533,-1.1954511791718188,MEDIUM
0,0.4097705266873244,0.584792469938405,1.6017580460131513,-0.7046656669451175,-0.0002444205089319161,1.1961865023073226,HIGH
0,0.4002496010698234,0.5423434822789396,0.688376064997557,2.1287299734455494,0.002315438364856624,-0.3396228006750033,HIGH
0,0.20592983701139578,0.13037486632444556,0.3667491618742588,0.2269206862812705,0.5733902154581455,-1.2028977033989228,MEDIUM
0,0.4135658668793608,0.5624009781883268,0.4702034536340281,1.1544351145764524,0.00267823769548024,-0.4662017324368161,MEDIUM
0,0.3129957294331978,0.5015221626210902,0.6902523300116153,-0.7804945918672986,-0.00026751860788969687,0.8111717130422516,LOW
0,0.4000272791418487,0.542186958529404,0.6882643080323417,2.1287344847741525,0.0023106639821949258,-0.3379966987023398,HIGH
0,1.2017922314517364,-1.7219618923801245,-1.331478854140176,-0.7803973176389517,-0.00014361625311443656,0.6332325071504763,MEDIUM
0,-2.504180339321689,-1.8075252236637693,-1.377581455821125,-0.7348524377788654,-5.519514320330213,0.07355694477021717,LOW
0,0.46579368298671003,0.7485308616539095,0.5077794407311971,-0.7675987657797751,-0.00024197646159272317,0.9857264889523004,MEDIUM
0,0.22159411935683748,0.43083448442465083,0.5939212043328305,-0.5110111025715626,0.8718126273565193,-1.2167259044202463,HIGH
0,-0.005626958327645053,0.6353691078866519,0.43790112990776986,0.9208249212722465,0.4774796954475744,-1.1863657796549532,MEDIUM
0,1.2117653215103739,-1.7733843155050255,-1.3317528746446008,-0.7804508636094786,-0.00014217191603645816,0.6305443897075715,MEDIUM
0,0.2618214218958212,0.45635253382508517,0.6330905939774641,2.130987067171366,0.00026968777260730453,0.4119971755721887,HIGH
0,0.5077818764943126,1.29017380975219,-1.3081309898246334,-0.7908841588337684,-0.00016598315680666696,0.7517765689905697,LOW
0,-0.13865037320733298,-1.7972812743803013,-1.3638306305905026,-0.8041508992662193,-0.00023835014702605463,0.1820897045414421,LOW
0,0.16376615550261517,0.3377261169324778,0.4123824210953516,0.6329422715396437,0.5072507856314632,-1.087418833542898,MEDIUM
0,-0.09415637025619521,0.6335022684292367,0.7811182041057683,1.9906796803540614,0.4759390699451795,-1.1848207836852527,HIGH
0,0.2221193771386508,0.43126462257908693,0.6323477316176065,-0.6920948317550534,0.07443289586444214,1.1423777290183281,HIGH
0,1.2098977655157863,-1.772253113398521,-1.3302344209665686,-0.7996985295630328,-0.00010319216487688051,0.44105213152191336,LOW
0,0.12897779634776624,0.2888841849867988,0.6318401738265157,-0.32279053151683507,0.5092675384947578,-1.2936332721544141,LOW
0,0.17326926075461294,0.14109446556357888,0.8843364686822612,1.694283175242215,0.3779483068417529,-1.2022182257091372,HIGH
0,0.221624040791725,0.4316635803696725,0.6279403428242122,-0.7321409331092341,0.5941065213589943,0.5506190015034604,MEDIUM
0,0.1657798845337763,0.15213799494069177,0.8834273765012522,1.697258051902759,0.8798902933374134,-1.1490058524622278,HIGH
0,0.5073982044364775,1.2855067452038305,-1.3079907082841113,-0.7908601203182075,-0.0001672529569712697,0.7525888644176647,LOW
0,0.36767766340360447,0.5520769818096617,0.6954206838364658,2.1284558003443914,0.002592901207282007,-0.44056182019718326,HIGH
0,1.1238148042498024,-1.4341922525339237,-1.3351817622122593,-0.7214360750131183,-0.00021408809240850557,0.8353029843530353,HIGH
0,0.3143779668670234,0.3162987298074146,0.6322292779933728,0.18999357863262745,0.006761915828276372,-1.0493630306008106,LOW
0,0.41329547337587325,0.5620413482387677,0.47028583432967297,1.1544521509797747,0.0026658043251861535,-0.4620370390793623,MEDIUM
0,0.21960710798989933,0.43370758995244274,0.635235440367603,-0.7755909627042723,-0.0002533373664370816,0.7929636523257082,LOW
0,0.40346522932881185,0.5812289594486564,1.6107087086356486,-0.7852722501582381,-0.0002269062498428288,0.8433381166744414,LOW
0,0.5883788551658519,0.4715164756594166,-1.3259617349060853,-0.7945118987829782,-0.0001903043305912955,0.6344520575289971,LOW
0,0.43762869048999087,0.6466014137175948,1.0333930451338926,-0.7871552205103524,-0.0002354932144984551,0.8172858467944567,LOW
0,0.20600006920253314,0.1348662913353017,0.36629648827304717,0.2233765938966238,0.5739854230938064,-1.203075960928782,MEDIUM
0,0.19357314803494294,0.40649190797717033,0.2081971961556234,1.1599209704709808,0.09306245445513059,-1.2613254767147775,HIGH
0,0.21402556960157543,0.4009107285118884,0.2885557047171545,-0.23270874862861865,0.6607105088126528,-1.2571470380177034,MEDIUM
0,0.1370625276830969,0.2003726677639906,0.8773433737213301,1.7147268986479829,0.5240860043726638,-1.0968423003537906,HIGH
0,-0.09258620858058651,0.6334804810528156,0.7816682884456257,1.9887465612208293,0.4763069396155025,-1.1848745997525614,HIGH
0,0.13812323626454653,0.2886433414776772,0.63180410306387,-0.3260975313445625,0.5096113966678217,-1.294206749158448,LOW
0,0.22011525938721527,0.4340741916625688,0.6354854523028939,-0.7756178524803811,-0.0002629435103686849,0.7930523011870385,LOW
0,0.8698150848824693,-0.6991157119184106,-1.3404029954170127,-0.7198730374232818,-0.0002363236277085402,0.8924883902047236,HIGH
0,0.1767710162720398,0.08633304256432818,0.9134862077437779,1.6436402441147642,0.547682134380916,-1.1895708693884384,HIGH
0,-2.504180339321689,-1.8075252236637693,-1.377581455821125,-0.7348553518628327,-3.93691394955269,0.07356904513632959,MEDIUM
0,0.22180632015433874,0.43100831570352816,0.6105163131600341,-0.5576286775020837,0.8029251432088444,-1.0199273778436642,HIGH
0,0.5300981498814754,1.037339786670083,-1.317189602369444,-0.7123552453395525,-0.00023122202519470944,1.0768452702471112,HIGH
0,0.507397768020156,1.2854993829565506,-1.3079897038705888,-0.7908600925779451,-0.00016725496031125004,0.7525898024604292,LOW
0,0.3131812574876878,0.31625649868415434,0.6322510073335549,0.1899703299501507,0.007123922253444994,-1.0534823915208487,LOW
0,0.11554808551663327,0.24750472737891147,0.5587683049642235,0.20257998645540087,-0.0002645032276472177,0.5867963423762396,LOW
0,0.21029966482872559,0.42152989472443986,-0.0851417911661545,0.5410401710832434,0.7666386286395039,-1.203925709865807,HIGH
0,1.0413977572885873,-1.167479305720301,-1.3366467965535458,-0.7797172156551548,-0.00016577401794022422,0.6659737302051644,MEDIUM
0,0.3904264945503273,0.5358431715791027,0.6837749193461959,2.128919124862798,0.0021185117583781294,-0.2723430533149675,HIGH
0,0.5090441573323685,1.282683096770476,-1.3102836579587618,-0.7109109080048979,-0.00022966126665094122,1.1192953800176852,HIGH
0,-2.504180339330438,-1.8075252236732717,-1.3775814558338806,-0.7361134022370175,-3.9916831881433046,0.16540706321055315,MEDIUM
0,0.40467454534486347,0.5829221754950152,1.6577509457177302,-0.7853516911655771,-0.0002210625591729192,0.8420575278536927,LOW
0,0.3310354197513173,0.49804352951535796,0.658305802330296,2.1300281445268476,0.0011000793228666283,0.09179907128514374,HIGH
0,0.48863887776239373,0.9314718762772709,-0.10729732481022197,-0.7689076999897385,-0.000227884571154022,0.9706325608445442,MEDIUM
0,-0.002457046029332998,0.6146652562147704,0.7442382735740928,2.1264772833215897,0.04565442024001757,-1.1417363236572078,HIGH
0,0.5091177084185027,1.281919362142863,-1.3023016429598449,-0.770246255555414,-0.00019110767335742842,0.9391338875737144,MEDIUM
0,0.5304586298300711,1.0361986121057871,-1.315710431670474,-0.7716218666556176,-0.00019561706350823435,0.8979195267195188,MEDIUM
0,-2.4666496613246287,-1.8070362113935357,-1.376925036887612,-0.7882893309683897,-0.0025488222513980817,2.089906578654871,LOW
0,-2.3601326548423716,-1.8076407186987882,-1.3777364890019426,-0.734732867615569,-0.00021515323091463032,0.07980045882448229,HIGH
0,0.15494697722516296,0.3530539264077608,0.41346515308538057,0.6445829111994146,0.5092330704019008,-1.1063749370128209,MEDIUM
0,-2.504180339321689,-1.8075252236637693,-1.377581455821125,-0.734852757111567,-3.936549479055078,0.07355831844318576,MEDIUM
0,-2.50299205304292,-1.8073161356738234,-1.3773007894171816,-0.7877699757452618,-0.002808730128870946,1.7466451788875201,LOW
0,-2.50024316519295,-1.8075277760748185,-1.3775848820151917,-0.7348164931060639,-0.00021734759408884252,0.07412082633792352,HIGH
0,0.5091619988051143,1.2835901304570165,-1.3095027506460337,-0.7702494426300867,-0.00019093988432505055,0.939036822749324,MEDIUM
0,-0.0928562193100801,0.6474585161630027,0.770661691553733,2.0306420603483795,0.4687437597540881,-1.1834135759716036,HIGH
0,0.21644600467401318,0.42742041914305196,0.3421756625507499,-0.34536657407417826,0.6587534096397087,-1.3053741171931887,MEDIUM
0,0.1714883298694012,0.3247225484761076,0.41166144694577983,0.6252160153355196,0.5346059395342772,-1.0765205025753737,MEDIUM
0,-0.0908552058836417,0.6332660710392839,0.7823329003605226,1.986420019372021,0.4767242885092233,-1.184940422074786,HIGH
0,0.5093664047249635,1.2866109030732504,-1.3095884717008919,-0.7702639464466801,-0.0001902273292538576,0.9385950328429833,MEDIUM
0,1.2026254393691962,-1.727719717949532,-1.3314782025372591,-0.7803980907938365,-0.00014366359016423547,0.6331936217406886,MEDIUM
0,-2.504180339321689,-1.8075252236637693,-1.377581455821125,-0.7348628802372827,-5.525780933457483,0.07360942367622765,LOW
0,0.2803092665566367,0.4672643362769423,0.6393910779394518,2.1307946017267985,0.0004530270055298579,0.33932643556198405,HIGH
0,0.2195729095476535,0.43314532597170935,0.6352238603502648,-0.7737488724444581,0.28408698666563875,0.7897423255862664,LOW
0,0.4046242599840657,0.5828519235656685,1.6567326784318686,-0.7853486756817728,-0.0002211809768399982,0.8421068112386438,LOW
0,0.5084601989629045,1.2514563689860274,-1.1788600286493722,-0.7108682664878638,-0.00023022984586640536,1.1205662610124847,HIGH
0,0.5091722760424133,1.284820892328344,-1.3110949911242706,-0.7109205516553602,-0.0002293975323520647,1.1190074833910122,HIGH
0,-0.05585893574054721,0.572308871792463,0.7960093722936585,1.9392443846424698,0.48530055724541254,-1.1864792160158157,HIGH
0,-2.1104938607421246,-1.8062115046557645,-1.3758180030763545,-0.7915541265542126,-0.002068533777172835,1.7277594161355774,LOW
0,0.17830627839547272,0.05942777763875971,0.932568677562373,1.6073858034137347,0.5563841464217968,-1.1924215426411806,HIGH
0,0.21027773282230539,0.4215117215192029,-0.08555259050501043,0.5423251664659581,0.7665208083196134,-1.2038404834087293,HIGH
0,0.31915909360046385,0.3164639486848523,0.632138790066236,0.1900753695183506,0.005700779574565846,-1.03348620224175,LOW
0,0.12895013580348544,0.28888722518081644,0.6318407334864067,-0.3227496124415621,0.5092735649762189,-1.2936256872958125,LOW
0,0.4945904172922546,1.0317254860155407,-0.4058241877042397,-0.7900877294450335,-0.00019955234573339114,0.7755719741470517,LOW
0,0.5087435357477709,1.25940921315863,-1.1997374488413899,-0.7702207527527448,-0.00019154056797474682,0.9399103297557834,MEDIUM
0,0.18081938412920748,0.033045940714961634,0.9423212147585194,1.542632490803514,0.5708050566913354,-1.19737821300762,HIGH
0,0.42169145224895604,0.6042022983011065,1.3684682340185603,-0.7054671857754528,-0.0002465010188751892,1.1853160900198232,HIGH
0,1.1891645313510537,-1.660274195357595,-1.3315940184106299,-0.7803833956258108,-0.0001425711486819238,0.6339313116051293,MEDIUM
0,0.13272452054086317,0.2887754503639069,0.6318212124503831,-0.32426132477546676,0.509239764641418,-1.2938973047254994,LOW
0,-0.004955850725102743,0.6353565910815143,0.43781320030785026,0.9196776027816408,0.47765089765319746,-1.1864213203021678,MEDIUM
0,-2.504097985530139,-1.8074360120358532,-1.3774617038123962,-0.7757085383360454,-0.0019192879785416247,1.1892540008672523,MEDIUM
0,0.2217591425480918,0.4317736222151289,0.6332770428240655,-0.7529520463311129,-0.0001580963701546081,0.970595467115797,MEDIUM
0,1.1468662452197023,-1.5166873564300323,-1.3342509463047159,-0.7215530032309253,-0.0002121544676466976,0.8298777342583931,HIGH
0,-2.504180339321689,-1.8075252236637693,-1.377581455821125,-0.7348524334607887,-5.519511653759753,0.07355693914014876,LOW
0,-2.504180339321689,-1.8075252236637693,-1.377581455821125,-0.7348524525407363,-3.936506066917075,0.07355696781111525,MEDIUM
0,-2.504032232977398,-1.807364369884425,-1.377365535950161,-0.7876829308230487,-0.002923653307676476,1.604617878435993,LOW
0,-0.013436114745413692,0.6393346165897882,0.43817636300836804,0.9238676684542702,0.47691092172091853,-1.186230081452922,MEDIUM
0,0.22212025504328184,0.4312653309218446,0.6323443426934392,-0.692165871306369,0.07018009429668495,1.1421992628111086,HIGH
0,1.208526092691823,-1.7734804687600372,-1.3327467683760004,-0.7217312654192435,-0.00021025982881796046,0.8214719159798347,HIGH
0,0.5094536333620485,1.2875606353233033,-1.3096192433000027,-0.7702700694544771,-0.0001900016192562597,0.9384085134516618,MEDIUM
0,0.1481483800493033,0.6061950345387556,0.4597787936054067,1.1525557597437524,0.0041973259384160645,-0.9759605110783062,MEDIUM
0,0.17374148805100445,0.32101502798793274,0.4114876280110933,0.6233622417618863,0.482160174420756,-1.0757571018079524,MEDIUM
0,0.407109720744428,0.580969322469129,1.6535060541279067,-0.7044815946532642,-0.00024391276993875193,1.1989163811094008,HIGH
0,0.1942398655439995,0.40707049771089854,0.178317344523046,1.1522092745644896,0.6271971811068932,-1.1917204140621305,HIGH
0,0.22174664521914186,0.4317640679991374,0.633394856168379,-0.7526967060856348,0.07625491330410772,0.9713995847695709,MEDIUM
0,0.21235894165037256,0.24981281033392155,0.6319095412789955,-0.42241660971002126,0.35253536678462694,-1.3439914116978138,LOW
0,0.20601472309922694,0.13546768452437305,0.36620434469896085,0.22264718612774742,0.5740988132039841,-1.2031159554283253,MEDIUM
0,-0.3312406280126113,-1.7994542609505755,-1.366747509396663,-0.8042946324874236,-0.0002887123240724798,0.18231106603553354,LOW
0,0.3389054449410389,0.517445556600028,0.7210414231756365,-0.7599358210674476,-0.00026564463095110575,0.996439230074248,MEDIUM
0,-0.10279216448390577,0.6383257272948125,0.780510695771841,1.9929913122036265,0.4754712005074195,-1.1847693287127714,HIGH
0,0.18085489231204424,0.037146664294477764,0.9401798883594912,1.5415458573207532,0.5713376002298276,-1.1973934034623508,HIGH
0,-2.4742014768346867,-1.8075292322239687,-1.3775868366570898,-0.7347961845898275,-0.00021831633702222838,0.07522333991101157,HIGH
0,0.6216964152727891,-1.7856406421236057,-1.3482049870709583,-0.8022971408103154,-0.00013614122587921377,0.2885294868310155,LOW
0,0.4203113491831619,0.31971136256862176,0.6299012021077952,0.19126098940708988,0.003636302761572821,-0.7845739216736024,LOW
0,-2.504180339321689,-1.8075252236637693,-1.377581455821125,-0.7348525200185109,-5.519565026237212,0.07355722871224549,LOW
0,0.1137213165465532,0.37080939165750415,0.4470942597482614,1.159602474755234,-0.00026312853125670617,0.6028038498222149,MEDIUM
0,0.14841164385264127,0.18017691309077505,0.8805356008203973,1.7058094195810911,0.52097897676916,-1.0787514953353434,HIGH
0,0.3871141529250286,0.5579723518365438,1.0493528333048991,-0.7627256434714427,-0.00027110055202915484,1.0251002896261259,MEDIUM
0,0.1293052317104925,0.2888657987159711,0.6318368095560944,-0.3230381126218905,0.5092401526647817,-1.2936788413181302,LOW
0,-2.5041227420680148,-1.8074626690448055,-1.3774974864838176,-0.7756284092270712,-0.002027315645849809,1.0709063951356936,MEDIUM
0,0.5058783437318979,1.1920254351431474,-0.9553610710697327,-0.7700194537234408,-0.00019837107974211856,0.9458675363030429,MEDIUM
0,-2.504180339324093,-1.807525223666381,-1.3775814558246309,-0.7355047484389666,-5.803658624744935,0.11646524930593345,LOW
0,0.2222673357326766,0.4321405384926199,0.6335282422634214,-0.7529826933614597,-0.00025975273062288845,0.9706849415184815,MEDIUM
0,-2.4952699356816557,-1.8073534177672244,-1.377350834525411,-0.7759415671548843,-0.0017641275962115518,1.4158206761948628,MEDIUM
0,0.16919145107083283,0.407078214246785,0.464274857573294,1.1597093264214233,-0.00024141545673421843,0.6047965248099351,MEDIUM
0,0.5091356045324256,1.2827818901037575,-1.3067592555173901,-0.770247549694523,-0.00019104357790551986,0.939094474405406,MEDIUM
0,0.5092748105413972,1.285374171854398,-1.3095547287971057,-0.7702574747323473,-0.00019051877534674713,0.9387921713078079,MEDIUM
0,0.1935011073137303,0.4024241972782952,0.21814891717685483,1.1610867216354637,0.7379423252382513,-1.250436051255212,HIGH
0,-2.5037611568705707,-1.8075274159838448,-1.3775843986519973,-0.734823057400213,-0.0002160891829014983,0.07387963769888035,HIGH
0,-0.06150294392716072,0.6347180559018373,0.7602516610590836,2.07055742279127,0.4612035189493319,-1.180906746488334,HIGH
0,0.18080748996800944,0.03172174321921555,0.9432198324359043,1.5429971351220475,0.5707644595336246,-1.197374857733924,HIGH
0,-2.504180339327738,-1.8075252236703396,-1.3775814558299446,-0.735933024387073,-5.921590538878793,0.18543351540543634,LOW
0,0.8434996297842211,-0.6275691052566925,-1.3377374093367922,-0.7980240077006223,-0.00017429360084026885,0.5230623143576232,LOW
0,0.4026762361648261,0.5801353976688358,1.5739547865177166,-0.7852169228491129,-0.00023121970710822235,0.8441641968827457,LOW
0,0.2222670365276562,0.43214032246299744,0.6335280943503011,-0.752982675318393,-0.00025975275072327464,0.9706848888209467,MEDIUM
0,-0.10902430482511975,0.6463140818304174,0.7795576544390455,1.9966752104272694,0.4748921428825285,-1.1847110855659089,HIGH
0,0.35772594215229614,0.5321248113066451,0.7762186621821142,-0.7610229693386923,-0.0002698560685740532,1.0053916842365123,MEDIUM
0,0.2976589355759873,0.3156631846372365,0.6324844112530902,0.1894327456646901,0.021148788934480637,-1.111355368778351,LOW
0,0.38633317793807453,0.556455597490194,1.032402308315673,-0.7030105351607029,-0.00026343415395069805,1.1964838478971487,HIGH
0,0.05590610863057811,0.6041093877926419,0.7357047081559097,2.1272953292837755,0.004192667449418113,-0.9793545401065294,HIGH
0,-2.500762646588995,-1.8073876778716875,-1.3773968231081168,-0.7758452539622906,-0.00181077832520402,1.342285102485881,MEDIUM
0,1.2093536834225491,-1.7732069752857553,-1.3315172209173973,-0.7804065781268995,-0.00014352915420169413,0.6327666428045648,MEDIUM
0,-2.503979021694603,-1.8073521500757925,-1.3773491328571537,-0.7877052328020596,-0.002889602892302829,1.6440490976227269,LOW
0,0.21431716559052466,0.42567250614393964,0.26066913582839113,-0.2503624339763929,0.10044142482614797,-1.3336151757838568,MEDIUM
0,-2.4986693079619893,-1.807249614705937,-1.3772114959056396,-0.7878889350984112,-0.0027077331249738693,1.8913575059487548,LOW
0,0.4432527518851528,0.6630448916225482,0.92732572815567,-0.7874440551484669,-0.00023669470141118472,0.81405784595143,LOW
0,0.2221199058906383,0.43126504981659247,0.6323462661060238,-0.6921380534362268,0.07188209591847235,1.1422743930831185,HIGH
0,-2.4964394022233196,-1.8072259873067777,-1.3771797799894925,-0.7879314513634018,-0.0026812777207008607,1.9307725877795183,LOW
0,0.0002201225938864696,0.6340906368628522,0.43707607897877737,0.9100357184840442,0.47903261382194795,-1.1869130298718082,MEDIUM
0,0.04160700195649655,0.3833961810392238,0.8362346994805477,1.819618000912347,0.5108579164791881,-1.1933541526186717,HIGH
0,0.21426107827051208,0.42195382360174905,0.26561694118573886,-0.24852586796552176,0.6936030224691746,-1.3202994576667186,MEDIUM
0,-0.01283908096322599,0.6389145911800653,0.4381563580785753,0.923658918094987,0.4769090498579998,-1.1862389341668793,MEDIUM
0,0.33584523236804537,0.5097131367504647,0.4800238450612772,1.1570071352462774,0.0010595809439164809,0.10200068544907767,MEDIUM
0,-2.5011726266245295,-1.8073910367745671,-1.377401331885463,-0.7758358362937385,-0.0018163230235804125,1.3336711734949889,MEDIUM
0,0.22175790547528454,0.431772728234445,0.6332789599893425,-0.7529484501893182,0.010631105843475503,0.9706368143016532,MEDIUM
0,-2.5041803393221334,-1.8075252236642523,-1.3775814558217732,-0.7351248435408343,-5.657785975754126,0.08167542640170056,LOW
0,1.207926314468758,-1.770416830549172,-1.332739783025964,-0.721729915970383,-0.00021030219521017948,0.8215358369644541,HIGH
0,-2.504180314488586,-1.807525196693295,-1.3775814196176774,-0.7580147888078616,-5.74243628599956,0.8977112159465165,LOW
0,-0.09643604088692535,0.6343532193692365,0.7809061107477052,1.9914599899177448,0.4755921303066508,-1.1848015127023743,HIGH
0,0.21029976337278644,0.4215299761297675,-0.08513725329231038,0.5410343680641702,0.7666394652756434,-1.2039261330923385,HIGH
0,-0.013792964515449178,0.4904694556101456,0.8130061801988545,1.8847207005329596,0.4965745114577561,-1.189545733366216,HIGH
0,0.5090169059176518,1.275298065789275,-1.2618884589548334,-0.7702393643241213,-0.0001912527409609458,0.9393437560352955,MEDIUM
0,-2.504182116523704,-1.8075271538286262,-1.3775840467515248,-0.7348261696412103,-0.00021522931075825268,0.07379083077927502,HIGH
0,-2.3179677593886283,-1.8065961929777958,-1.3763343841846691,-0.7895875685240572,-0.002336791851108329,1.9886139268694203,LOW
0,0.19598830544565102,0.2699410880932452,0.40819798095089527,0.5997699835792066,0.5212085065305594,-1.1860717796362736,MEDIUM
0,0.3301923645046832,0.5108583578139003,0.7062840411311098,-0.7594270025596981,-0.00026417407934633164,0.9932787530462565,MEDIUM
0,0.18737805822581077,0.1991853548505663,0.6338612140831619,1.3636629768450608,0.6087152132153699,-1.1900454195365497,HIGH
0,-2.470851108189299,-1.8070568909991553,-1.376952795873414,-0.7882480548147804,-0.0025594469658606588,2.0825872339567533,LOW
0,-2.5040296603691186,-1.8073617913285465,-1.37736207466094,-0.7876876612977787,-0.0029160886059054324,1.6131566874460261,LOW
0,0.2221185722297809,0.43126396987786925,0.6323445095035062,-0.6920263648585306,0.07835185707133908,1.1425153812164552,HIGH
0,0.21436916779032095,0.42572134955232394,0.26055599325039275,-0.2507675826138054,0.10545635646679001,-1.3347106077444117,MEDIUM
0,0.5056749873542835,1.2260465864631904,-1.0760376920371968,-0.7907531716582453,-0.000172394556924268,0.7561817630803647,LOW
0,0.11143802791632604,0.24885465927765957,0.8668071927133211,1.7427960884270448,0.5238044198072866,-1.150480617817363,HIGH
0,0.18190624480669104,0.06279018840046452,0.9132293682746154,1.5152708793403828,0.5775970071308328,-1.1980794807930863,HIGH
0,0.40458567943385904,0.5827980226638033,1.6558397298379322,-0.7853463490040179,-0.00022128739543998474,0.8421448384954903,LOW
0,0.2221309725628152,0.43127343541143076,0.6322477696736869,-0.6926467466232732,-0.0002567169745753161,1.1393721735903866,HIGH
0,0.45447544733352024,0.6938611549476623,0.7433028468348514,-0.7075050603698938,-0.00025101940669451493,1.1657137986864068,HIGH
0,-2.5041803393385282,-1.8075252236820583,-1.377581455845675,-0.7366878433003134,-3.9796449627427855,0.2501408115369658,MEDIUM
0,0.014067452545592947,0.6116707793903216,0.741837753671193,2.127017970468542,0.011928267169343068,-1.0882175018428788,HIGH
0,1.1947122504912733,-1.6852676712682482,-1.332752124149268,-0.7217150799907339,-0.00020994500120584064,0.8222384656642614,HIGH
0,0.37718419337557835,0.5478378237266596,0.9082689365128453,-0.7024487211178486,-0.0002634840566088018,1.1885108157919198,HIGH
0,0.21960708433439308,0.4337075721091327,0.6352354287302185,-0.775590960855431,-0.00011378489431630468,0.7929636785343129,LOW
0,1.152259654342195,-1.537694246834608,-1.3314013627650036,-0.7995737188878068,-0.00010677981255377211,0.44813020778149676,LOW
0,0.08258223122669232,0.5993203618884176,0.7318323487937507,2.127386833246819,0.0039521986818842406,-0.9265571524592343,HIGH
0,0.4145959883457454,0.59290562189667,1.505687150846377,-0.7645830990769539,-0.0002310947065391613,1.0166507813823924,MEDIUM
0,0.20601538318177998,0.13548613418113703,0.36620020451707624,0.222614388216305,0.5740919497434646,-1.2031179574446258,MEDIUM
0,0.5090495889804063,1.2828413921754949,-1.310746265219273,-0.7109113185228231,-0.00022964951663584476,1.1192831311109712,HIGH
0,0.1365061374414099,0.28868924930248524,0.6318087521085698,-0.3254476424636088,0.5094382792527269,-1.294099654371251,LOW
0,0.4201656805545616,0.6075452213403122,1.3630833646767617,-0.7862276086169558,-0.00022909279799546782,0.828863029521254,LOW
0,0.5072419359731752,1.276532215708868,-1.25663698270584,-0.7908505074747029,-0.0001676307300765375,0.7529139627308605,LOW
0,-0.1029846103685666,0.638511316511028,0.7804940803942707,1.9930559389247267,0.4754782734926294,-1.18476805796723,HIGH
0,0.19823255227955683,0.41058498851540737,0.11245523329894024,1.0302714077340334,0.6772274906941896,-1.1876100269664158,HIGH
0,0.5527202247882972,0.785889173859119,-1.319861246579169,-0.7932124227980794,-0.00018151534427935363,0.6751990466837418,LOW
0,1.2078758190016494,-1.7721021137578368,-1.330167742926131,-0.799687482987198,-0.00010398840128096884,0.4416799414332521,LOW
0,0.49991687859338774,1.0851063976754574,-0.5867110393700568,-0.7102546705230487,-0.00023889438660450014,1.1365650506218452,HIGH
0,1.1642453823460543,-1.580673194971243,-1.3334924720871744,-0.7216371170160406,-0.000210689639653972,0.8259162517804842,HIGH
0,0.2217465823353272,0.43176401659980795,0.633394735787593,-0.7526946153278549,0.076499765687243,0.9714029706431561,MEDIUM
0,0.5063941748202999,1.2421939865498095,-1.136683457596316,-0.7907981102735603,-0.00017032610935243699,0.7546813504121399,LOW
0,1.2107648160657354,-1.7732419204402552,-1.3315617325767148,-0.7804154088648169,-0.00014300727455926802,0.6323227925884961,MEDIUM
0,0.5091551736792592,1.283453488447675,-1.3092606885541733,-0.77024895482984,-0.00019096704807760963,0.9390516795536945,MEDIUM
0,-0.09478327373631848,0.6336776113974364,0.7810387837242055,1.990965354857248,0.47582144248212715,-1.1848134151776133,HIGH
0,0.509156521503717,1.2834854682704866,-1.3093347553905437,-0.7702490511233342,-0.00019096169505306755,0.939048746782042,MEDIUM
0,0.40649410619348625,0.5801111799715071,1.6514229741866722,-0.704438046482539,-0.00024421104393754,1.1995758635210447,HIGH
0,0.2195777058908485,0.4332661534303193,0.6352254121100525,-0.7742330422897877,0.24760296943178306,0.7921539984521258,LOW
0,-0.01975030367090826,0.6555983474163032,0.44097477597274143,0.954467749453719,0.47330138995011345,-1.1851705677163797,MEDIUM
0,0.222119386475102,0.43126463013686406,0.6323477334156032,-0.6920956065468413,0.07438796824408637,1.1423760071249534,HIGH
0,-2.5041821181554247,-1.8075271556036454,-1.3775840491341975,-0.7348261557635821,-0.0002152334642301073,0.07379118876856569,HIGH
0,0.033768309024054574,0.6347895699455341,0.44989644992370476,1.0647020220881322,0.4593515104709286,-1.180494308067738,MEDIUM
0,0.21305395796857582,0.4238045438457038,0.050113523485121984,0.36083630169495295,0.7951201735950054,-1.215693978139671,HIGH
0,0.214314848820031,0.42565142455210536,0.2607031868272217,-0.250342626507447,0.11227606673038465,-1.3334868043884867,MEDIUM
0,0.4065920066174212,0.5810251563902732,1.6566402995837217,-0.7640634057550715,-0.00022789072406070878,1.0241538784411495,MEDIUM
0,0.18079895719056877,0.03089740473127477,0.943877456063603,1.5432572853443869,0.5707842717938886,-1.197372429681333,HIGH
0,0.19534651149102805,0.287976098722773,0.41027559186536294,0.6090383582672275,0.08280098275385428,-1.2007149063375875,MEDIUM
0,0.18099834317357869,0.04206521299697762,0.9398260680882352,1.5377939376563374,0.5724961492457541,-1.1975020491722157,HIGH
0,1.1433091440626717,-1.5006420386781145,-1.3331879759670051,-0.7802232709639924,-0.00014781094076934771,0.641945024159356,MEDIUM
0,0.2212037421977983,0.43051457045596353,0.5639544967309102,-0.4483439329338963,0.8936489472227422,-1.2667268281475212,HIGH
0,1.2110440459730778,-1.774186892168636,-1.332830202453446,-0.7217492520694432,-0.00020972809567584963,0.8206207893518587,HIGH
0,0.38300635687014445,0.531017522069403,0.6803984159483729,2.129060994794582,0.0019761702319949542,-0.2230973053388243,HIGH
0,1.2092861631193512,-1.773084524700944,-1.3315155337081654,-0.7804062393669003,-0.00014355077904671854,0.6327836803115429,MEDIUM
0,-2.504180339321689,-1.8075252236637693,-1.377581455821125,-0.734852548414781,-3.9365197632440103,0.07355728906067664,MEDIUM
0,0.1882380516212779,0.41338543563449387,0.6096001903922905,2.130955382797528,-0.00017016665980985402,0.5882112310872868,HIGH
0,0.23825673167874284,0.44954354446756395,0.4787946809436697,1.1592939020515924,-3.541584183669509e-05,0.5280966011380084,MEDIUM
0,-0.0056274770554578715,0.6353691825271758,0.4379011711433295,0.9208254533321941,0.4774795861130223,-1.1863657542799737,MEDIUM
0,-0.06675549854078945,-1.7984556831301166,-1.365407082115315,-0.7287304297538694,-0.00021690897804136,0.4717814776943155,HIGH
0,0.3617833824329967,0.5354125376597179,0.7951489551046227,-0.7612554508682333,-0.00027084512386232873,1.0077784156265006,MEDIUM
0,-0.09382202577687013,0.6334700592426666,0.7811952649462628,1.990407719745635,0.47600881067206624,-1.184828181117912,HIGH
0,0.49096393988306336,0.9586163462299704,-0.1893891781606618,-0.7690485009248419,-0.00022488546288994718,0.9682429155416831,MEDIUM
0,-0.013125392372939453,0.6391119508530562,0.4381657913747727,0.9237573608508061,0.47690948760261875,-1.1862347535040294,MEDIUM
0,0.40661058680316614,0.580274325351604,1.6543891542640512,-0.7044464701556846,-0.0002440448311725259,1.199449211750739,HIGH
0,0.4142478639760573,0.3210330598469426,0.6289704923868354,0.19176252018683418,0.003330680494897837,-0.6866766093065488,LOW
0,0.23825673167873074,0.4495435444675552,0.47879468094366384,1.1592939020515924,-3.541441129222654e-05,0.5280966011380424,MEDIUM
0,0.17425478396530672,0.13874987724081783,0.8846764129798409,1.6940179984855726,0.07744803022340638,-1.2063030130994,HIGH
0,0.9419351710840191,-0.8926751939956906,-1.3372430621017686,-0.7986200444941302,-0.0001516147899292048,0.497518849338087,LOW
0,0.20600660824411227,0.13517907803449947,0.36625528965217796,0.22305067156633293,0.5740626067965132,-1.2030934288351316,MEDIUM
0,0.11598577407174959,0.3723148853221831,0.4478336317789455,1.1596098020954515,-0.0002628370879989947,0.6031568061418908,MEDIUM
0,-0.09729507921674951,0.634764872512187,0.7808516668330622,1.9916679878524493,0.47551453861257975,-1.1847967850408267,HIGH
0,-2.5040322322230275,-1.8073643690651267,-1.377365534850387,-0.7876829323278504,-0.0029236376737480215,1.604620609568376,LOW
0,-2.504182045273153,-1.807527180081745,-1.3775840819920397,-0.7348259626506937,-0.00021529234352420998,0.07379620589132227,HIGH
0,-0.09785737898604992,0.6493975524810197,0.7723298923598373,2.024312976658459,0.46992121303349355,-1.1838045961922912,HIGH
0,1.2081681184938993,-1.7717757968142651,-1.3327423849151565,-0.7217303909154312,-0.00021028802228723157,0.8215133386549399,HIGH
0,0.4061998744007118,0.5796985331910038,1.6413366684240038,-0.7044160511759318,-0.0002447849239708931,1.1999037823051302,HIGH
0,-0.5917336703639078,-1.8017637020081674,-1.3698475560178056,-0.8041560925317169,-0.0003847280736549103,0.21439467838024287,LOW
0,0.5092479816114931,1.2858567716431082,-1.3111229333172494,-0.7109262098224957,-0.00022926297912416682,1.118838432833257,HIGH
0,1.2079419305320682,-1.7722046562889564,-1.3301694519151928,-0.7996877712393854,-0.00010396483867516191,0.44166354229324745,LOW
0,0.4174360988839294,0.5975530968530608,1.4502299821576747,-0.7647632783424251,-0.000232214927883024,1.0142238069686633,MEDIUM
0,0.41369526579368243,0.5626310268197858,0.47015080902129525,1.154424228529863,0.0026861655563684946,-0.468865432996225,MEDIUM
0,0.13977570792362976,0.28856016756425096,0.6318033954204734,-0.327350388679457,0.5098831331255136,-1.2944064385914067,LOW
0,1.2111750294092125,-1.7723094053241637,-1.330309983663141,-0.7997105681244605,-0.0001026630217629897,0.44036920476590513,LOW
0,-0.08808800761087687,0.6321296323024699,0.7834001811037079,1.9827011182332943,0.4773851144225337,-1.185047355167114,HIGH
0,0.2886041938452485,0.31526187535017464,0.6325692306183216,0.18852674842407852,0.05384270248551382,-1.1465579837741868,LOW
0,0.20939895289386348,0.42071349129310043,-0.07811670029488241,0.5858445705893792,0.7590455185063956,-1.2004697530196062,HIGH
0,-2.504032832718845,-1.8074297674455286,-1.3774533214719709,-0.7757265550843621,-0.0019007123002779424,1.2129637129535036,MEDIUM
0,0.39970455745218586,0.5761894022288421,1.4466448144579944,-0.7850149849850852,-0.0002451880661054235,0.8464252577925889,LOW
0,0.3195596454658518,0.5029253464645611,0.6930152502804346,-0.7588020283954855,-0.0002627992100023074,0.9900183934930102,MEDIUM
0,0.157631677828944,0.6045996432246992,0.4601691418597975,1.152619981769878,0.004078812938343629,-0.9554653912799785,MEDIUM
0,0.1808852745556517,0.03930226888704024,0.939535814593458,1.5406939381561242,0.5718160722335535,-1.1974141795346773,HIGH
0,0.20417583122862293,0.578234538574621,0.7151472405993718,2.1278142220573817,0.003331679355950243,-0.7103587662804469,HIGH
0,0.18080321396362148,0.03129315788233804,0.943549273269049,1.5431276662085165,0.5707696801008587,-1.1973736629545606,HIGH
0,0.22175012127828803,0.43176686711990536,0.633365989662366,-0.7528038337271205,0.06243974077044893,0.9711859184618001,MEDIUM
0,0.18080748811442932,0.03172155110478022,0.9432199749104947,1.542997191773241,0.5707644596140782,-1.1973748572213017,HIGH
0,0.35895626015279125,0.5331166119283521,0.781649466340092,-0.761093505538888,-0.0002701582578663779,1.0060999564310689,MEDIUM
0,-0.01406150140727727,0.6398156424384832,0.43819904921054775,0.9241044326505069,0.4769162243889973,-1.1862200951649946,MEDIUM
0,0.19520780919571099,0.2884919572371135,0.41030961599079846,0.6091147526735969,0.15033292537847492,-1.1999297395995467,MEDIUM
0,0.007289148142670075,0.6128930572731623,0.7428211233077263,2.1268786928259713,0.019454735261774977,-1.1099957038098631,HIGH
0,1.2083309885864162,-1.7722132319462138,-1.3301808866444587,-0.7996896945871104,-0.00010381063104510999,0.44155414382947505,LOW
0,1.2087530077721222,-1.774127492216961,-1.3327510653148977,-0.7217322019112551,-0.00021022815339480136,0.8214275614648994,HIGH
0,0.22185341172804468,0.43104686457717933,0.6139620672249021,-0.5700838960175829,0.7672870566671638,-0.9248494228032542,HIGH
0,0.5078643453650102,1.2333948476848056,-1.1128059089623403,-0.7701591639510645,-0.00019419986574363256,0.9417734416770016,MEDIUM
0,0.20460073311966448,0.4163063567851841,0.0052495794890400575,0.792172356854387,0.721381874906631,-1.1877060212863204,HIGH
0,0.5091780623821132,1.2849051494092327,-1.3110971639970006,-0.7109209851885945,-0.00022938661593972228,1.1189945338741865,HIGH
0,0.19370515750232253,0.29123319646106965,0.4104227422954249,0.6097740298701305,0.5246283685830646,-1.1936388233083848,MEDIUM
0,0.2102997618871857,0.42152997490255345,-0.08513732187512335,0.5410344555475012,0.7666394501034669,-1.2039261272991497,HIGH
0,1.0856124375957374,-1.3074461290882267,-1.3339307429387182,-0.7993048149037351,-0.00011907322932427542,0.4630479736126256,LOW
0,0.2908743113804254,0.3254488272665119,0.6132348318101289,0.19828177620029103,0.0003387192491584303,0.36711895507001924,LOW
0,0.4023376442304875,0.5796719636297846,1.5584837139516163,-0.7851933350241346,-0.00023299176037494188,0.8444910928890378,LOW
0,0.21011860678257024,0.421370422183554,-0.08354279539277522,0.5506843603404936,0.7650378936829217,-1.2032706910715325,HIGH
0,0.18079006629413533,0.030175336654543868,0.9445555375788941,1.5435268506413817,0.5708388736115574,-1.1973696066837125,HIGH
0,0.2671513542280928,0.4638535094309306,0.6551139007493249,-0.6955498937269505,-0.0002569009194700304,1.1476017004038361,HIGH
0,0.2850528894813273,0.31508816678556406,0.6325928929921731,0.18782355643051474,0.08076247241071093,-1.1594845816191344,LOW
0,-0.023445210065360572,0.6556715538269927,0.43999798506671606,0.9435115440953078,0.4746283054975167,-1.1855824969901132,MEDIUM
0,-2.5040715350472804,-1.807431984832401,-1.3774562979509153,-0.7757201905532173,-0.0019070872346345904,1.2047127953610046,MEDIUM
0,-2.504180339321689,-1.8075252236637693,-1.377581455821125,-0.7348524859731022,-5.519544049424825,0.0735570827707399,LOW
0,0.22328402151180968,0.5750392132794809,0.7126749633642142,2.12788500720636,0.0032399751740895336,-0.6775819814898629,HIGH
0,0.39660566352788346,0.5723473506078541,1.3338302510727829,-0.7848164592932664,-0.0002562733096680115,0.8474801357563942,LOW
0,0.19454877759031536,0.289827662357742,0.41037069299589535,0.6093826510280325,0.331731092273054,-1.1972655512327066,MEDIUM
0,1.007538198847592,-1.072516967385494,-1.3360976984296005,-0.798953502198735,-0.00013612871625531955,0.4814149109958899,LOW
0,0.2217586754403047,0.43177328491921907,0.6332771886366254,-0.7529514433216647,0.0042759039972263815,0.9706067824730173,MEDIUM
0,1.15990790106163,-1.5659491385810902,-1.3310645688174663,-0.799602305106516,-0.00010549929859152913,0.446509071002825,LOW
0,-2.5040995180780308,-1.807437446178234,-1.3774636289138085,-0.775704358719414,-0.001923835004367207,1.1835979778350723,MEDIUM
0,-0.10266084770549845,0.6382035948709391,0.780521576497183,1.9929489765600916,0.47546622630179713,-1.1847701639344241,HIGH
0,0.21958446312648877,0.4334107213948662,0.6352274388004612,-0.7748059615429291,0.19330913559436275,0.7936850667860688,LOW
0,0.3389592319899334,0.5209623257340827,0.7269613938928076,-0.781821499533345,-0.00027359063002819215,0.8195503211785966,LOW
0,0.3467722853967739,0.5269845399810436,0.7463004798539575,-0.7822152382130122,-0.000275741596221627,0.822879801712395,LOW
0,0.21321585605754492,0.24891156873381476,0.6319180440937925,-0.4228144557438337,0.08714420967544459,-1.349493320708702,LOW
0,0.5071391393562064,1.2178192985660468,-1.0531659827002233,-0.7701080901939211,-0.00019576400693633545,0.9432945344003664,MEDIUM
0,0.3716472273354057,0.5436911672982659,0.8592027201751269,-0.7618202321632751,-0.0002727877825539425,1.0142449065464185,MEDIUM
0,0.27937621365240695,0.32369956098234315,0.6111467749043952,0.19874187470611698,0.00019991999699690496,0.4220087798536263,LOW
0,-0.018900585752643993,0.6453848710406981,0.43849392458795894,0.9272276288770556,0.47651272078472884,-1.1860973103527328,MEDIUM
0,0.5089391183440497,1.2765240700804288,-1.2742615123203846,-0.710903115914542,-0.0002297971340924263,1.1195278094080563,HIGH
0,0.405643824018408,0.5789167384386283,1.6171063198311793,-0.7043715160135334,-0.0002460711627573151,1.2005496458886074,HIGH
0,0.2102991781347925,0.4215294926762931,-0.08516385628226845,0.5410688309328693,0.766637063796418,-1.2039236393076858,HIGH
0,0.18369582946419064,0.3053564243940145,0.41087716730864393,0.6164147194804859,0.7607059471648842,-1.1159829184964583,MEDIUM
0,-2.5035560592465016,-1.8073318113446408,-1.3773218314395324,-0.7877418942556764,-0.0028407143073140993,1.704306074961574,LOW
0,0.17425083693506704,0.1388164783422083,0.8846592642371026,1.694023214651259,0.0850419958484531,-1.2062203029434122,HIGH
0,0.47594314383280834,0.8300074365476062,0.2181420351372461,-0.7890888267524234,-0.0002284391216552794,0.7949297005877628,LOW
0,0.3911359069695644,0.5363058851267134,0.6841003501050142,2.1289055746870296,0.002132341684294887,-0.27709942545803135,HIGH
0,0.22196948541389894,0.43114190751448944,0.6233951697656709,-0.6222835628845245,0.8407801199719427,-0.24249013593982538,HIGH
0,0.0006644291220287581,0.6338315562242277,0.43701315400696134,0.9092121027047746,0.4791510275534632,-1.1869569662546573,MEDIUM
0,0.4816552880186664,0.8796736746794787,0.05861947378773756,-0.7893837130806723,-0.00022207787508748923,0.7902720413991695,LOW
0,0.12897960345550957,0.2888840199273168,0.6318401434694584,-0.3227927532872832,0.5092672294392115,-1.2936336834907507,LOW
0,0.7970985696153764,-0.4907505462292841,-1.3400329440938483,-0.7192458355306557,-0.0002402990951787602,0.9082452733073099,HIGH
0,0.5069353132668755,1.2150364108642941,-1.0462355206157814,-0.7107555459014077,-0.0002321394793620967,1.123858450979105,HIGH
0,0.40376814465684435,0.5771034078645217,1.5363794360565235,-0.7638474213152121,-0.00023964188183561445,1.027077102806353,MEDIUM
0,1.1973100588426002,-1.6986554547182653,-1.3327292875891632,-0.7217180206553973,-0.00021009407368964477,0.8220993092081361,HIGH
0,0.4028540622684332,0.5461099862743007,0.6910875067681119,2.1286225455401078,0.0024290260336335555,-0.3786618411666733,HIGH
0,-0.05099268439841391,0.6304526070681059,0.756811699319682,2.08403617850184,0.4586383201328792,-1.1803094103562324,HIGH
0,0.5073913863653732,1.2853803577466971,-1.3078233981389566,-0.7908596869977107,-0.00016728429691543738,0.7526035173775576,LOW
0,-2.504179220871927,-1.8075240089496258,-1.3775798252662061,-0.7872319515952808,-0.05327100104747015,0.5393648744165905,LOW
0,0.13065919601552936,0.2122013962794834,0.8750147877949891,1.7211504752670415,0.5246839778401093,-1.1104547124265791,HIGH
0,-0.2500486381445447,-1.7997445818939808,-1.36713721774479,-0.7868762155527663,-0.00021036600685867308,0.29482692068379407,MEDIUM
0,1.2037858250672,-1.7412756745340172,-1.332714136235395,-0.7217247158343225,-0.0002103470393075569,0.8217822111254771,HIGH
0,0.2102997550161619,0.4215299692265355,-0.08513763900928684,0.5410348601663238,0.7666393809980664,-1.20392609773067,HIGH
0,0.2217590771806115,0.4317735750201419,0.6332770210456489,-0.75295202795977,0.000616250074382346,0.9705961144067983,MEDIUM
0,-2.504032233229218,-1.8073643701579196,-1.3773655363172825,-0.787682930320722,-0.002923660308054675,1.6046169667355366,LOW
0,0.4003524111739561,0.5770262367404521,1.4727249008479746,-0.7850579976663841,-0.00024244583722813595,0.8460484918578663,LOW
0,0.40667085668176045,0.5803587274747622,1.6555928868351306,-0.7044507793819532,-0.00024397915000460863,1.1993842557147285,HIGH
0,-2.5030089016983523,-1.8075275436139284,-1.3775845699744949,-0.7348210272271684,-0.00021655266741676545,0.07394663888834896,HIGH
0,0.3786454605225185,0.318323986130642,0.6308769477433837,0.19075600984130323,0.003927349535552098,-0.8851253511611372,LOW
0,0.1268414810248905,0.4040599238445208,0.4178884088050101,0.6910731680662711,0.5081544454295188,-1.1655501164910977,MEDIUM
0,0.20103176557369357,0.2609140706794125,0.6319152179897053,-0.41471560493955706,0.7370946521114737,-1.2872398823091646,LOW
0,-2.500155391002516,-1.8072679567519279,-1.377236117100241,-0.7878560687433491,-0.002731138215469043,1.8566780571447798,LOW
0,0.3958816031700029,0.539409520113257,0.6862907592830935,2.1288149798040865,0.0022259239499212444,-0.3091519565734579,HIGH
0,0.4132654331394423,0.5639609636931289,0.46984544947524315,1.1543614371760111,0.0027312285105177557,-0.4842702602073101,MEDIUM
0,0.3771345693686441,0.5485294794122904,0.9103712464816079,-0.7621364611274136,-0.0002732961240332701,1.0181414168222054,MEDIUM
0,0.39362029352505745,0.5688657242813778,1.2418254529634827,-0.7846351335392902,-0.0002642797793466978,0.8475598474432839,LOW
0,0.28690008393521865,0.3151799648625019,0.6325811678276991,0.18822759067905653,0.0652314568114465,-1.1528886832856822,LOW
0,0.4041244378146108,0.5768134089018703,1.546629609658448,-0.7042461369351802,-0.000249317807883499,1.2021266159954962,HIGH
0,0.40642016434674616,0.5800075703753265,1.649185794581652,-0.704432623368322,-0.0002443384468149972,1.1996571232391742,HIGH
0,0.12900423614943193,0.2888819791140299,0.6318397683400241,-0.32282022459356735,0.5092635343171279,-1.2936387655566735,LOW
0,0.4205783462766791,0.31980517494490873,0.6298327450397633,0.19129638915093528,0.0036149511223616004,-0.7776177215494386,LOW
0,0.17951985789949818,0.03714837127132279,0.9484346643813251,1.5777967389213323,0.5634558241274729,-1.1953269918367277,HIGH
0,-2.504179778589003,-1.8075246146691168,-1.3775806383454814,-0.7753150103911576,-0.003130009699681783,0.49736273902076356,MEDIUM
0,0.1397478477107477,0.2885635585304468,0.6318032730740838,-0.3272978652943014,0.5098759594457218,-1.2943982557716216,LOW
0,0.3941389239695233,0.32379235869014805,0.626843652117325,0.19292302779189585,0.0026586807801966088,-0.46770795048578373,LOW
0,0.15051215909065457,0.36094737032791635,0.41410285938075864,0.651388322429433,0.5093568249748416,-1.1170271096277278,MEDIUM
0,-2.5041791857027462,-1.807523970753452,-1.3775797739940947,-0.7872344955659735,-0.004981808921373529,0.5407711382368743,LOW
0,0.21955103623594524,0.43243079444047217,0.6352156848358657,-0.7708186639032983,0.4361278322545559,0.759038771674448,LOW
0,0.5090765498483104,1.2793726210083878,-1.2868372163650268,-0.7702433377820715,-0.00019121119264491667,0.939222746322859,MEDIUM
0,0.3836064857627926,0.5538006472789705,0.9890598781733373,-0.702841267719339,-0.00026365504036299345,1.1941196200770308,HIGH
0,0.19234497807551645,0.29326144291415107,0.41049078494934865,0.6105486465243187,0.7883780345350154,-1.186312286336862,MEDIUM
0,0.1289767402699239,0.28888428274469535,0.6318401918069781,-0.3227892156609691,0.5092677223189672,-1.293633028515028,LOW
0,0.3106530211516028,0.49560683417380375,0.6832750402874543,-0.6983281812635537,-0.0002575919787482367,1.1565754355516913,HIGH
0,0.2217463175159237,0.43176380001657794,0.6333938410216077,-0.7526857410466595,0.07756948916669985,0.9714173747848439,MEDIUM
0,0.4207245545770733,0.6032466467921658,1.3865887827009196,-0.7649695652566776,-0.00023347715477596898,1.0115476085864579,MEDIUM
0,0.4066001472500437,0.5810365543125844,1.6567636709090583,-0.7640639526537196,-0.00022787879576933545,1.0241456558190831,MEDIUM
0,0.4044671033529088,0.578056530364367,1.567972823512313,-0.7639019502092356,-0.00023675164259468858,1.0264354424291613,MEDIUM
0,0.18086514148116814,0.038069170452784594,0.9398275261541555,1.5412456506241388,0.5715303646046019,-1.197399805441832,HIGH
0,0.40742144979895417,0.3220340073169658,0.6282601594888215,0.19215737573041308,0.003096050779458878,-0.61084892081359,LOW
0,1.2103230673044858,-1.7722669012015544,-1.330252928835417,-0.7997015233249968,-0.00010302263175733601,0.4408821979613567,LOW
0,0.24915375898762349,0.3109323976989173,0.6327528192720806,0.09648331360025332,0.45461804170674514,-1.1790795966288397,LOW
0,1.206532061267497,-1.7648663857519558,-1.3301524441904056,-0.7996852649257391,-0.00010414816185079505,0.44180615935306067,LOW
0,-0.09469404904398429,0.6336482134423481,0.7810481996656745,1.990931081836446,0.47583716660943604,-1.18481427846138,HIGH
0,-0.09055416364216642,0.6465438025776248,0.7698965832635853,2.0335465857444435,0.4682007227956355,-1.1832230752148438,HIGH
0,0.493619892321578,0.9923129786785116,-0.29482605427190817,-0.7098371494077128,-0.00024375885980611393,1.1446747042668013,HIGH
0,0.07523614871844048,0.6188861165498406,0.4559946707119295,1.1464355466086122,0.29374968064347984,-1.1805326230084694,MEDIUM
0,0.4058857126743718,0.580034680050298,1.6334800300488854,-0.7640132655718687,-0.00023035338709550017,1.0249023441715237,MEDIUM
0,0.2143197563243141,0.42568191222239904,0.2606526540896899,-0.250382004440632,0.08961804032909433,-1.333733753835124,MEDIUM
0,0.21960642225132715,0.433706638298388,0.6352351032252488,-0.7755904263005892,0.003944127653138163,0.792973264958628,LOW
0,0.034768566060054726,0.6079305079469357,0.7388075030969161,2.1272074486803363,0.00515558193347897,-1.028575801058125,HIGH
0,0.21839014164912898,0.42820376350711303,0.3638571907197859,-0.09414331873355009,0.8580488653995006,-1.2500228883701443,HIGH
0,0.5083509418349609,1.2453688943476913,-1.1557573154515741,-0.7701931792359268,-0.00019287500914123683,0.9407472411793125,MEDIUM
0,-0.0025966959593316024,0.6351190170054385,0.4374761497599022,0.9152719656404896,0.4782811911837242,-1.1866406589433596,MEDIUM
0,0.22175915144471142,0.43177362863841345,0.6332770468347004,-0.7529520471466472,-0.00022633458722336042,0.9705954427542769,MEDIUM
0,1.20746217233846,-1.7704140753989221,-1.330161913974403,-0.7996865487423381,-0.00010406271711179653,0.4417330984517299,LOW
0,0.3881357866755819,0.5589998181788737,1.0680840246278893,-0.7627878399876146,-0.00027049116227914296,1.0257344971757245,MEDIUM
0,0.25286214489310266,0.588969231742552,0.4639299488274854,1.1532499858205834,0.0035319117093820566,-0.7734493505317064,MEDIUM
0,0.22174605267809303,0.4317635832458598,0.6333926019725665,-0.7526767469233202,0.07869613072485167,0.9714319571031322,MEDIUM
0,1.1723094930372877,-1.605904365502444,-1.331962510449434,-0.7803470510500413,-0.00014335476009312076,0.6357506200159592,MEDIUM
0,0.19534062163204916,0.28802461228783033,0.41027948683538806,0.6090449878021252,0.08959823177513387,-1.200643901109572,MEDIUM
0,0.18558610418631954,0.4118036022927519,0.6087401222835883,2.1309244765492372,-0.0001775704810165818,0.591006477560813,HIGH
0,1.2084408958824682,-1.7722157087183616,-1.3301842113056808,-0.7996902514674189,-0.00010376713597420871,0.44152247665813305,LOW
0,0.3924099507955178,0.5675083911187365,1.2086988513546686,-0.7845640356516729,-0.00026689951581513786,0.8473852621516115,LOW
0,0.20600413375142326,0.13506888717458151,0.36627085976653423,0.2231738998610277,0.5740356640052042,-1.2030867864294166,MEDIUM
0,0.19251872822915334,0.351678483679269,0.3191169681435451,1.1963341048155811,0.6365477574885364,-1.1315478604678946,HIGH
0,0.31586975201034306,0.5001933862136034,0.6892783180330565,-0.7585842112717625,-0.00026242122331191696,0.9890128561681266,MEDIUM
0,0.18547528321636156,0.5999520413487642,0.46129420101584434,1.1528043489086688,0.0038931693008999197,-0.8998278315447493,MEDIUM
0,0.40209631151701997,0.543764485871498,0.6893942891845015,2.128689193168,0.0023587669045096074,-0.35437000888114156,HIGH
0,0.4202821353517373,0.6024521016974372,1.3951075739089593,-0.7649420028969505,-0.00023330830677143141,1.0118966480816705,MEDIUM
0,0.3785417211488764,0.528126971720826,0.6783914966373145,2.129146368716683,0.00189251307265742,-0.19392229576501085,HIGH
0,-2.501645148046466,-1.8072899078043472,-1.377265582795267,-0.7878168359996044,-0.002763173069372564,1.810121163544429,LOW
0,0.40875435494233364,0.5584551633406158,0.47112564986611694,1.1546235881058617,0.0025411767295191188,-0.42040285800482385,MEDIUM
0,0.22213068725903903,0.4312732293223284,0.632247752572504,-0.6926462609576317,0.002621884721125238,1.1393833203765484,HIGH
0,0.21623603532288632,0.42724822161252507,0.3319292978405558,-0.33403878561034145,0.6569081377349318,-1.3038069253026678,MEDIUM
0,-2.50418033934912,-1.8075252236935617,-1.3775814558611164,-0.7373789759957861,-3.9556506179279287,0.3672072148333661,MEDIUM
0,-2.504182119782959,-1.807527157409002,-1.377584051557593,-0.7348261416454589,-0.00021523779485782936,0.07379155331331513,HIGH
0,0.5080008035774881,1.2900436488232239,-1.3082026311676904,-0.7908976403073086,-0.00016584547169734123,0.7513214464515381,LOW
0,0.2581180370294944,0.31894548247080173,0.6067102458476787,0.19949063561070438,3.66075320413453e-06,0.5002322734738955,LOW
0,0.3950741109519124,0.5656488656378988,1.2232134924935587,-0.7035769417819338,-0.0002603835756109896,1.2027753624297797,HIGH
0,1.0329415784588312,-1.142575542157238,-1.3368677845651638,-0.779671856896483,-0.00016740381295249232,0.6680029772737612,MEDIUM
0,0.19287066088768967,0.36469490495076556,0.2922552854302664,1.1834539677285039,0.6410909167668111,-1.1373584744484884,HIGH
0,0.5090805744702969,1.279641574989968,-1.2885277271126003,-0.7702436165963578,-0.00019120416301344082,0.9392142552791788,MEDIUM
0,0.4062603521590463,0.5797834372344135,1.6436394948531403,-0.7044206670197461,-0.000244654835816785,1.1998353548147223,HIGH
0,0.18981356126561263,0.2967607622761622,0.41060135738449877,0.6122309122926951,0.9010205506084732,-1.169095134713077,MEDIUM
0,0.4023230868339123,0.31902339538047053,0.6303858045024702,0.19100767617641137,0.0037819968691123517,-0.8346281104323856,LOW
0,0.21002980799708526,0.4212899783766101,-0.08424355276444384,0.5551898385260227,0.7643472897927373,-1.2029427689474945,HIGH
0,0.5073963776990089,1.285475722842199,-1.3079783243854157,-0.7908600041977458,-0.00016726135469005097,0.7525927910625422,LOW
0,0.1798548258001212,0.03091706262024727,0.9526300133565747,1.5692940003450577,0.5654569134969819,-1.1960928134752773,HIGH
0,0.01960117514512531,0.6106726271962767,0.7410314918280844,2.127091774930971,0.00865238538244315,-1.0711131919756494,HIGH
0,0.4057772790202607,0.5798822030671994,1.628744173874382,-0.7640050151144965,-0.0002308491364878764,1.0250236440007165,MEDIUM
0,0.12532120374726144,0.3742796222313539,0.5876323012738115,2.1297805145087034,-0.0002556344911259812,0.6141509538891431,HIGH
0,0.4561389345651537,0.7007360926981409,0.7101101953947225,-0.7076035664314556,-0.00025114252152452456,1.1650181273403482,HIGH
0,0.3658053599019495,0.537998053130012,0.815650044126485,-0.7017591667086915,-0.0002621426934221883,1.1795489110402348,HIGH
0,0.21014551232923698,0.4213947981907343,-0.0831700785603097,0.5493151246935594,0.7653815694939684,-1.2033585909984625,HIGH
0,0.202303472101363,0.4142239042785465,0.04429973257462147,0.8851677607916447,0.7044035690707786,-1.1860740124619522,HIGH
0,0.5463242582781217,0.8647491104802169,-1.3195708575895069,-0.7725100543413238,-0.00019946493151918354,0.8721456167560468,MEDIUM
0,0.1745697413856238,0.12654073377514607,0.8882113726496241,1.6922567793261223,0.20820126219673082,-1.2065169191540903,HIGH
0,0.3267905012582702,0.31671851080534924,0.6319852787684289,0.190182354682715,0.004821878880364141,-1.0100337596831819,LOW
0,0.4068448874546638,0.5813794333940197,1.6570661962862776,-0.7640802122507715,-0.00022778343796427982,1.023901225939383,MEDIUM
0,0.07246045136746648,0.5039584633770781,0.42649048714903365,0.7819473954029303,0.49776064109708024,-1.1944873263597002,MEDIUM
0,0.5070806640047597,1.2666170066653317,-1.2144433461258475,-0.7908410106617606,-0.00016772087021996854,0.7532350157332376,LOW
0,0.47632341237858034,0.8330755954069833,0.20797617114591518,-0.789108274084223,-0.0002280738689550045,0.7946420659182404,LOW
0,1.2078881994463402,-1.772132277095734,-1.3301680201027903,-0.7996875297219321,-0.00010398458620379392,0.44167728255412675,LOW
0,0.19598830544566617,0.2699410880930828,0.4081979809508541,0.5997699835787962,0.5211976745644953,-1.1860717796362785,MEDIUM
0,1.1556739360414992,-1.54915518746833,-1.333870767872203,-0.721596616231877,-0.0002114285688409672,0.8278272294602583,HIGH
0,1.1976785137836976,-1.703619491910383,-1.3301400967047883,-0.7996778381447686,-0.00010381719527143926,0.4422286942660825,LOW
0,0.1796041923123154,0.03556531825203945,0.9495254229560517,1.5756768178742409,0.5639572128116177,-1.195526648076211,HIGH
0,0.22010490147590842,0.43406671893742316,0.6354803556747968,-0.7756173043854249,-0.00026294343793852113,0.7930504942796595,LOW
0,0.1809936390354553,0.041955153404373516,0.9398215057255064,1.5379137756419585,0.5724689605725506,-1.1974985114505945,HIGH
0,0.2199391792745343,0.4339471590313773,0.6353988146664413,-0.7756085350249504,-0.0002629421077845926,0.7930215839839687,LOW
0,0.18086957408741589,0.03840721433353239,0.9397197293199545,1.5411198017524879,0.5716064858325152,-1.197402794752541,HIGH
0,0.18841541107891688,0.2986932324106123,0.4106615470260712,0.6131779435830864,0.8856521764864025,-1.1575255086926928,MEDIUM
0,0.18080598119730737,0.031567136922889136,0.9433359264966711,1.5430432286166182,0.5707651614399324,-1.1973744393777666,HIGH
0,1.2011192541952695,-1.7224117593500472,-1.3327128324881108,-0.7217219914044197,-0.0002102748495850794,0.8219112803489942,HIGH
0,0.5091631016821656,1.2836088466902447,-1.309510646733105,-0.7702495214838713,-0.00019093548962415018,0.9390344211036391,MEDIUM
0,0.205591101439433,0.13199875950699838,0.3691280279757042,0.24517398670601762,0.5712326668585054,-1.2018209564895692,MEDIUM
0,0.21161284521588666,0.30589948472917877,0.3252954644900317,-0.08546011524526494,0.6149008254202464,-1.2180750290841598,MEDIUM
0,0.5221509884275504,1.1329198568971008,-1.313452684301783,-0.7711138935315532,-0.00019336747431740456,0.9129461924378295,MEDIUM
0,1.1453503878560394,-1.5122854195374402,-1.3316969246055097,-0.799547156312504,-0.00010793742246240216,0.4496327575370865,LOW
0,0.11143802791611589,0.2488546592780683,0.8668071927132268,1.742796088427284,0.5238044199526909,-1.1504806178177343,HIGH
0,0.19275338238222986,0.36012574921577456,0.30166289588571865,1.1877293679391157,0.6381602576700681,-1.1342801650616692,HIGH
0,-2.488273969091331,-1.807159180958345,-1.3770901034012766,-0.7880533169369945,-0.0026225746212604943,2.0144304799227917,LOW
0,0.22211793381291053,0.4312634509975887,0.632340273991025,-0.691969620523907,0.0815381741068665,1.1426078203997876,HIGH
0,0.5090494802611367,1.2775245573752507,-1.2752558768082807,-0.7702415009787114,-0.00019124273303448272,0.9392786848014518,MEDIUM
0,0.41599926621637384,0.3207655616281863,0.6291527420064758,0.19166055565696,0.003392316277986911,-0.7064522748967941,LOW
0,1.2112850197395282,-1.7723294051122023,-1.3303368301051095,-0.7997147042089681,-0.00010258546148940148,0.4401347579468324,LOW
0,0.4054358427764588,0.5786249746552051,1.6073885551720073,-0.704354301802019,-0.0002465496302770831,1.2007901857788483,HIGH
0,-2.5039704305996078,-1.8075273615520506,-1.377584325586223,-0.7348238882307602,-0.00021587795399868586,0.07385426505860666,HIGH
0,0.08315197460097673,0.3503311736252003,0.43689675585710397,1.1594844249406402,-0.0002649486613992695,0.597076465179798,MEDIUM
0,0.20601522262880917,0.13548171774029738,0.3662012115456907,0.2226223656785268,0.574092979204574,-1.2031174639380304,MEDIUM
0,-0.012212521746378886,0.6531825229298998,0.442377471045125,0.970728477037787,0.47129479700012183,-1.184416371059566,MEDIUM
0,0.1957549190394376,0.27481962055539483,0.408956339040975,0.6052753574870073,0.2481466622550361,-1.199426427701415,MEDIUM
0,0.22090955884081057,0.4302733665762071,0.5417647413675478,-0.40569781446685294,0.8902037482965971,-1.2684276986333758,HIGH
0,-2.5040995180831547,-1.807437446183799,-1.3774636289212785,-0.7757043587031577,-0.00192383485291087,1.1835979557294405,MEDIUM
0,0.2221193678016106,0.4312646150204188,0.632347727947728,-0.6920940564854355,0.07447782836687003,1.1423794477215166,HIGH
0,0.35902774407189414,0.5324403323655525,0.7801333271296346,-0.7013466329969296,-0.0002612231569255919,1.1750825597184396,HIGH
0,0.560782922011311,0.7232014949507216,-1.3225673979587291,-0.77322195813141,-0.00020259479604184565,0.8520183298211325,MEDIUM
0,-2.5041803393314765,-1.8075252236743995,-1.3775814558353943,-0.7361941551494452,-3.9906284501385976,0.17619276883384388,MEDIUM
0,0.22124325986331694,0.4313519347801993,0.6047171634854488,-0.6609795040159204,0.6158129930056434,-0.7159480906442065,MEDIUM
0,0.4746974944531082,0.8203323231685925,0.25077258914779416,-0.7890253985865221,-0.00022955556295563547,0.7958377797092258,LOW
0,0.5317799839445629,1.0036013665845267,-1.315034165541707,-0.7922336785421706,-0.00017505288937039165,0.7068720773004399,LOW
0,0.35586193099815555,0.529899756262164,0.7668892004055351,-0.7011530233190848,-0.00026081837598919953,1.1732149231545612,HIGH
0,0.5090429262728947,1.2826433667856891,-1.3101499173846287,-0.7109108147970707,-0.00022966391907312773,1.1192981610415598,HIGH
0,1.2087262740392062,-1.7741035061635408,-1.3327503200139308,-0.7217320378416494,-0.00021023373933622572,0.82143533186365,HIGH
0,0.2166559740251279,0.4275926166735662,0.35242202724616883,-0.3566943611860055,0.6605986807323445,-1.3069413074829312,MEDIUM
0,0.5090451096460467,1.2827129224865164,-1.3103798142084855,-0.7109109800610717,-0.0002296592114816279,1.119293230070858,HIGH
0,0.2143187118250554,0.42567989495401526,0.2606565753374706,-0.25037440798369076,0.09272349433414054,-1.333692255000251,MEDIUM
0,-0.02128978408310831,0.6187089110698472,0.7474482916740288,2.121824517584464,0.38883806519070846,-1.1798325607563518,HIGH
0,0.22123238654197622,0.4305380507180393,0.566132468939779,-0.4526312827627468,0.8951564584825901,-1.2654038085588024,HIGH
0,0.08331931178756714,0.3030355664697175,0.8543357860058008,1.773930792210093,0.5200342209080092,-1.1827765542733188,HIGH
0,0.19525304803511087,0.288366668350488,0.4103024199128104,0.6090948978022621,0.1339227371746154,-1.2001309011760966,MEDIUM
0,0.19186325282839303,0.3302136606747304,0.36364587727244546,1.2201242452247352,0.6326399275558876,-1.137434265538157,HIGH
0,1.2020188589544805,-1.7324716486178628,-1.3301306669667494,-0.7996812527022047,-0.00010414175383567122,0.4420345111874579,LOW
0,1.2108831896654335,-1.7722903059532733,-1.3302843458838176,-0.7997065422141045,-0.00010279264057006718,0.4405974767882784,LOW
0,0.5070811444771425,1.218093984973858,-1.0579858375902331,-0.7107663639268812,-0.00023199234035959742,1.1235484887951674,HIGH
0,0.5073834668684563,1.2851614266367843,-1.307215296488035,-0.7908591834680473,-0.00016732053671427965,0.7526205448683005,LOW
0,0.31435679655781984,0.49907538255546496,0.6878300821682376,-0.7584947959961309,-0.000262277397220761,0.988613882217042,MEDIUM
0,0.4204594254327484,0.3197484314972764,0.6298742086373241,0.19127495531191446,0.0036279089691798392,-0.7818287289171821,LOW
0,0.21028736652093968,0.4215197269787222,-0.08551445134115443,0.5417633783470303,0.7665831517351959,-1.2038771995885609,HIGH
0,0.10115833527145908,0.6141181076733377,0.45765812575583026,1.1519195929100374,0.01911391807385891,-1.1087249089223368,MEDIUM
0,0.21020223897040882,0.4214461594595242,-0.0829846674345529,0.5464273613401214,0.7661088552832832,-1.2035475682070944,HIGH
0,-0.007579933099516393,0.6514228791105714,0.4431721672435704,0.9801754224011648,0.4701150775426268,-1.183931496516483,MEDIUM
0,0.21370189313281163,0.3832021635052007,0.3020403261032485,-0.2128186280067394,0.6351308746578879,-1.2400844815689753,MEDIUM
0,0.534478895297763,0.9736921759412492,-1.3157215635414665,-0.79237079937853,-0.00017596105336884852,0.7023841941704083,LOW
0,0.19873101755425707,0.23292574578951084,0.3988298084972025,0.5063453217126037,0.5348543034359645,-1.1875979049945538,MEDIUM
0,-2.504180339321689,-1.8075252236637693,-1.377581455821125,-0.7348943287569301,-3.9419825593310094,0.07381786299264619,MEDIUM
0,0.19348935342200907,0.4013073072459085,0.22018531635761285,1.1614952366495672,0.8498249329145345,-1.2437104081063592,HIGH
0,0.1223072730012931,0.6105592076643941,0.45867478242854404,1.1523468103318641,0.005873769582959374,-1.0410915900782114,MEDIUM
0,0.5090522597832878,1.2829056932091492,-1.3108971180727111,-0.7109115201251548,-0.00022964371918146866,1.1192771155446803,HIGH
0,0.39696079755589153,0.5727747362756819,1.3457865409676584,-0.7848386258157991,-0.0002551636505206843,0.8474166641162489,LOW
0,1.147341424087603,-1.5195797289253257,-1.3316127081685365,-0.7995548538393471,-0.000107602317085255,0.44919782351656046,LOW
0,0.34947724023080035,0.5185685549317838,0.47884408050427335,1.1565786675680307,0.0012956399950216858,0.014840854499526369,MEDIUM
0,0.23910942580756245,0.5724265628237086,0.710668995169601,2.1279447398542644,0.0031652659121117897,-0.6507308355017581,HIGH
0,0.2218747783776646,0.4310643500963314,0.6154951749913221,-0.5766253972178805,0.7892659371701289,-0.849473026732812,HIGH
0,0.507584044704162,1.2882900002087025,-1.3080618209020172,-0.7908718484967958,-0.00016649842478111922,0.7521924042189553,LOW
0,-0.004184939609841589,0.6353267285705371,0.43770285404280035,0.9182359128134423,0.47785699438609064,-1.1864920800974932,MEDIUM
0,-2.504180339321689,-1.8075252236637693,-1.377581455821125,-0.7348526892810383,-5.519669125384408,0.07355819287349435,LOW
0,0.1934917301729709,0.40153693195953233,0.21977567601536646,1.1614082705573592,0.8296054253418572,-1.2452501868743158,HIGH
0,1.004574192363482,-1.0641038598230668,-1.3361640168100468,-0.7989393306280524,-0.0001368105772245154,0.4821282487041419,LOW
0,0.33102953629666954,0.5066207399697374,0.4803659768026156,1.1571537889881889,0.0009815534300243864,0.13113957261630205,MEDIUM
0,1.2015197087326033,-1.7251527882579902,-1.332712343603853,-0.7217223972852551,-0.0002102891824162998,0.8218920539839006,HIGH
0,0.008374863894488055,0.2963392705711463,0.5411150398683565,2.1264797205491077,-0.00026692479193847506,0.5943795584241537,HIGH
0,0.19305018873728605,0.37244824523015924,0.2763571470322521,1.1769955166132113,0.6471107870898274,-1.1450642810420055,HIGH
0,1.2092982162273438,-1.77311558472347,-1.331515789831968,-0.7804062907580958,-0.00014354750375510284,0.6327810956045484,MEDIUM
0,0.05332416578481786,0.6045752706774044,0.7360826214963795,2.127286021336217,0.004239530015450399,-0.9848855978446195,HIGH
0,0.40636894989808475,0.580712835107251,1.6514948035089625,-0.7640482052456259,-0.00022841991475902655,1.02438214985479,MEDIUM
0,0.5070401511109214,1.2643977986753627,-1.207558692550671,-0.7908384540300607,-0.00016782036962185995,0.7533214019006474,LOW
0,0.42033791614810356,0.31971699512704554,0.6298971040358716,0.19126310986997253,0.0036350311317222377,-0.7841570431989349,LOW
0,0.22224110219814502,0.43212159757974794,0.6335152736895758,-0.7529811113885182,-0.0002597526654646415,0.9706803211169429,MEDIUM
0,0.22011589458641415,0.4340746499277816,0.6354857648544525,-0.775617886092295,-0.00026294351487025463,0.7930524119955171,LOW
0,0.12900033370517056,0.2888822817179267,0.6318398239387314,-0.32281615113195655,0.5092640683986662,-1.2936380124362923,LOW
0,0.5060350360575855,1.2338438211030007,-1.105856061243109,-0.7907757291127981,-0.00017142402709562546,0.7554312239423895,LOW
0,0.4201400635976825,0.31968092679944504,0.6299233297631728,0.19124954057121699,0.0036431497559733504,-0.7868251956170557,LOW
0,0.3725839308319168,0.5437672553971062,0.8645983322797249,-0.7021698881454634,-0.0002630234121695199,1.1846856489696178,HIGH
0,0.34156729572807454,0.5187470766011374,0.7250992361843572,-0.7002712586803815,-0.00025932818290919573,1.1662445843595401,HIGH
0,-0.0038301030766412607,0.6499493435327175,0.44380395002137335,0.9877892696512793,0.4691588160305863,-1.1835331393229298,MEDIUM
0,-2.5041797823191816,-1.80752461872035,-1.377580643783599,-0.7753148885990025,-0.0036354697786297276,0.4971520877932233,MEDIUM
0,0.5089542081883518,1.277564486655356,-1.2807169810462888,-0.7109041808006613,-0.00022979164313951573,1.1194960467961461,HIGH
0,0.12224101136153277,0.412494803336127,0.4186352721958395,0.6988110461404419,0.507623508611715,-1.1717878119949365,MEDIUM
0,0.4187512616439325,0.6049935926061698,1.390239766643336,-0.7861499374282503,-0.00022842870439069185,0.8299390117128648,LOW
0,0.22322553888317093,0.30665335116782955,0.5975396975320694,0.2004615140144636,-0.00017573807754303348,0.5704851514329415,LOW
0,-2.50409951793948,-1.807437446027758,-1.3774636287118192,-0.7757043591585376,-0.0019238352238166462,1.1835985751326035,MEDIUM
0,0.17317100681691505,0.14126882647031447,0.8843189537997536,1.694309909774405,0.4010756645803756,-1.2018228914550388,HIGH
0,1.0045741923635105,-1.0641038598231458,-1.3361640168100468,-0.7989393306280524,-0.0001368105839373483,0.4821282487041343,LOW
0,0.503567252693723,1.1476409676244248,-0.7948970501688821,-0.7698596969737678,-0.00020312575501887434,0.9502838359234282,MEDIUM
0,0.5094386001566463,1.2876742239515844,-1.3111890534040278,-0.7109403311652884,-0.00022901934734875505,1.1184161860407968,HIGH
0,0.35913051827284315,0.3270587736584135,0.6228724753337068,0.19490685402330793,0.001654156616988033,-0.12392780931441329,LOW
0,-0.0945267369257399,0.6335963358404272,0.7810671290081772,1.9908625292407107,0.47586758281969205,-1.1848160217110741,HIGH
0,0.011611787134075739,0.6437287471581309,0.4463555345918919,1.0193139402323668,0.4651645664779936,-1.1819940619042144,MEDIUM
0,0.19501315003441305,0.2889417276131476,0.4103325760453169,0.6091936030972409,0.21084026243380408,-1.1991336736465166,MEDIUM
0,-0.09303107903133838,0.6334902089268766,0.7814978689454275,1.989344529802292,0.4761997697084541,-1.1848578324146637,HIGH
0,0.17024687036231798,0.2834048210303947,0.6319012916969701,-0.38234843379812755,0.5160326641406995,-1.288390031668772,LOW
0,0.22171983909197612,0.43174203692278496,0.6329254221760504,-0.7510263571698823,0.2090711570388132,0.9665669956083616,MEDIUM
0,0.045336166197977784,0.6302164886923061,0.45167006526711273,1.0881743077542991,0.4563050357359313,-1.1800999553640277,MEDIUM
0,0.39495478018796404,0.5388015934216341,0.6858606364914585,2.1288326812665304,0.002207484601187553,-0.30285372617391554,HIGH
0,-2.5041789264902414,-1.8075272186967979,-1.377584133826428,-0.7348256370163384,-0.00021538990981369465,0.07380481609071919,HIGH
0,0.47220642036804555,0.8020476745219276,0.3143320041008461,-0.7888992480846293,-0.00023152991636553427,0.7975638224751453,LOW
0,0.131419503685827,0.5906947157292733,0.7249295035555686,2.1275540411917095,0.0036938534082692803,-0.8377206514002347,HIGH
0,-2.5041803391320574,-1.8075252234578167,-1.3775814555446675,-0.7423257360920593,-3.760910916428144,0.9043982958028618,MEDIUM
0,0.22114644669865208,0.4304676017640235,0.5596125721056915,-0.4398747931761487,0.8917171246620285,-1.2684584163354198,HIGH
0,0.21953322164866518,0.43168766709959916,0.6352079782027351,-0.7676633148165635,0.5342568196188353,0.7068985485856968,LOW
0,0.2196066829966948,0.4337071063793776,0.6352352313434498,-0.775590741806024,0.0025591612684374957,0.7929681328708836,LOW
0,-2.496332267395311,-1.8075279164357387,-1.3775850704267534,-0.7348121199425863,-0.00021785441195386608,0.07431827761626808,HIGH
0,-0.018522491190585667,0.6448881901980833,0.43846335250492763,0.9269010420546031,0.47656545783204096,-1.1861092757452592,MEDIUM
0,0.17425387711945028,0.13877410072232263,0.884669999894343,1.694019888761882,0.07942159982946437,-1.2062742213240358,HIGH
0,0.3955495540476599,0.566185927087953,1.236445357665947,-0.703609366134882,-0.0002600642111824851,1.2030017648888727,HIGH
0,-2.5041798253865224,-1.8075246654944739,-1.3775807065702044,-0.7834577578492559,-2.4595393607247047,0.5718862184645567,LOW
0,0.41090713662202905,0.3215306418603316,0.628624206165718,0.1919558571532563,0.0032150982077249484,-0.6493944515265864,LOW
0,-0.10369116419443479,0.6392611661811644,0.780425519091744,1.9933222687257721,0.4754942752486825,-1.1847628939889645,HIGH
0,0.4031849469560097,0.5456619612771854,0.6907632688052269,2.1286352220592817,0.0024159070868059545,-0.3740215352298872,HIGH
0,0.5285171212666298,-1.7884980085231166,-1.3520405337817307,-0.7841113266521171,-0.00015969600777149202,0.44081223240934675,MEDIUM
0,0.40475420945297536,0.5830334817051012,1.6589711751935787,-0.7853564333885408,-0.00022092663273503652,0.8419800389026146,LOW
0,-0.006030156230065044,0.6354588751760962,0.43792685108869456,0.9211506367270339,0.47740006186634953,-1.186350383469073,MEDIUM
0,0.1395919039056549,0.288578156345171,0.6318027768780593,-0.3270719113200229,0.5098421303554278,-1.2943627944524736,LOW
0,-2.504030113023106,-1.8073621798965889,-1.3773625962499378,-0.787686949209684,-0.002917207685140907,1.61187733514122,LOW
0,0.40663278239658257,0.5810822502166254,1.6572005304968522,-0.7640661405629322,-0.0002278369596066893,1.0241127577045848,MEDIUM
0,-0.09204222827788294,0.6334454005669703,0.7818768894528552,1.9880153997938546,0.4764378662417176,-1.1848951880610301,HIGH
0,-2.504179172385545,-1.8075239562900467,-1.37757975457934,-0.7872347429374248,-0.0049519130636015,0.5413736414122855,LOW
0,0.1396438355394593,0.19569203980715183,0.8781779115838363,1.7123970075275128,0.5262538018532312,-1.091848106952091,HIGH
0,0.2066313629104504,0.15233800822694937,0.36233578649931225,0.1920016147211699,0.5780936572847439,-1.2048030627696222,MEDIUM
0,-0.014061390102029088,0.6398155522332019,0.43819904496590245,0.9241043883352346,0.47691622323035465,-1.1862200970290113,MEDIUM
0,1.2121861960818177,-1.7732889510196965,-1.3316248634318664,-0.7804275681911433,-0.000142464986822215,0.631712429228199,MEDIUM
0,0.20998957378453337,0.4212534714544296,-0.08433656009854203,0.5572153219760724,0.7640559927867779,-1.2027872811827565,HIGH
0,0.40174491481605745,0.5788693783300046,1.5319869535855237,-0.7851523904035347,-0.00023597891656840987,0.8450197341139417,LOW
0,0.4045907535300152,0.5828051118694811,1.6559623331961866,-0.7853466556952737,-0.00022127266832402297,0.8421398259555799,LOW
0,0.1748507620249614,0.11898630110508744,0.8913653451582347,1.6881205416290745,0.536226362673171,-1.187645320415636,HIGH
0,0.21246053634837073,0.335506932982707,0.31779964558013196,-0.1363761233137962,0.6218450264746612,-1.220917188785742,MEDIUM
0,0.13859027396341406,0.28862716626988677,0.631803097634409,-0.3263326469974302,0.5096754972079934,-1.2942448788517587,LOW
0,0.5057651507799793,1.2279727725795613,-1.083440751245766,-0.7907588282538093,-0.000172157548283842,0.7559940997753947,LOW
0,0.20598455242180097,0.13387253823968182,0.36639506044895864,0.2241540716554459,0.5737516143307216,-1.203035498573938,MEDIUM
0,0.2218617703672956,0.43184771880943346,0.633327766884391,-0.7529582358208021,-0.0002597513370262241,0.9706135078978065,MEDIUM
0,0.1809005316881459,0.03976567973838991,0.9395705998323467,1.5402988022464594,0.571924786415217,-1.1974262101639184,HIGH
0,0.41725952296242946,0.31946978349080785,0.6300746175278974,0.19117080992128127,0.00368915517931581,-0.8023301391609652,LOW
0,-2.504180339321689,-1.8075252236637693,-1.377581455821125,-0.734854685063357,-3.9368209439207957,0.0735666093595109,MEDIUM
0,-2.5040995180879637,-1.807437446189022,-1.3774636289282893,-0.7757043586879133,-0.0019238346468047765,1.1835979349957388,MEDIUM
0,1.2097648724008092,-1.773217779679647,-1.331529327556847,-0.7804090024780986,-0.00014337721564671555,0.6326447367265645,MEDIUM
0,0.4123749242596737,0.5611482831019561,0.47049176118432007,1.1544945791217245,0.002634795433585929,-0.45168592529378204,MEDIUM
0,-2.50418211652861,-1.8075271538339548,-1.3775840467586775,-0.7348261695996131,-0.0002152293232513652,0.07379083185172874,HIGH
0,1.1986290992769983,-1.7063572941859437,-1.3327211654279405,-0.7217194291718942,-0.00021016421750595925,0.8220326259594933,HIGH
0,0.22190306062755497,0.43108749697826976,0.6176182256318029,-0.5870393943406333,0.8420261157934379,-0.711825917513805,HIGH
0,0.3716949826348979,0.32613003780850425,0.624341594747558,0.19420397446189122,0.0019895773619073875,-0.24130818854115788,LOW
0,0.1796881619536819,0.03399402011684352,0.950594382604142,1.5735531231543467,0.564458020063712,-1.1957215405605426,HIGH
0,0.10692783194930416,0.25754265782533253,0.8648011182930059,1.7478959866412052,0.5234073357779617,-1.1578937355110934,HIGH
0,0.4047296945839103,0.5829992272044923,1.6586524007167254,-0.7853549782995822,-0.00022096138211778898,0.8420038124365954,LOW
0,0.3654800525340161,0.31792775893874015,0.6311566444801833,0.19061534723560328,0.004012575592246787,-0.9139996591515318,LOW
0,1.2036286837302048,-1.744152819894072,-1.3301344129735395,-0.7996825426979441,-0.00010419577429074079,0.44196110049869974,LOW
0,0.19420384139069358,0.4070389984557058,0.17906690928157706,1.153163937221751,0.5601174148283861,-1.1946829653262232,HIGH
0,0.193284369865959,0.3850001289229979,0.25083759956963914,1.1688895616882353,0.5974698394249642,-1.1627692794395474,HIGH
0,0.17367050347438998,0.28216637556233504,0.6319059596963001,-0.38762562000706186,0.5168282955257985,-1.2856171378025476,LOW
0,-2.5040538787416615,-1.8075273320405099,-1.3775842859718097,-0.7348243217884987,-0.00021576252379189897,0.07384150344451598,HIGH
0,-2.504180339321689,-1.8075252236637693,-1.377581455821125,-0.7348524361990835,-5.519513344824363,0.07355694254333076,LOW
0,0.20593785971397383,0.13051055884312332,0.3666965299342545,0.22651164007783503,0.5733219194550544,-1.2029189182236562,MEDIUM
0,-2.504032233287823,-1.8073643702215685,-1.3773655364027209,-0.7876829302038009,-0.0029236626904858734,1.6046167545395766,LOW
0,0.005309069562078477,0.6284885783205861,0.43635621428029564,0.9006372493518022,0.480381822733223,-1.1874301494865607,MEDIUM
0,1.2112789097841152,-1.7741952754274692,-1.3328414556062969,-0.7217516197823624,-0.00020967423814201872,0.8205088560941931,HIGH
0,0.5073979242613984,1.2855020207740695,-1.3079902136972794,-0.7908601025093718,-0.00016725424206525164,0.7525894666270064,LOW
0,-0.09435957012582331,0.633549629464285,0.7810881995383261,1.9907867455620787,0.475899161237362,-1.1848179751636536,HIGH
0,0.5044817542805716,1.1658837473171137,-0.8631199113719822,-0.7105756179537946,-0.00023460575093877225,1.1288010221215683,HIGH
0,-2.5040724610487457,-1.8074080603646878,-1.3774241832688572,-0.7876004827614328,-0.003085740966210094,1.441073391355063,LOW
0,0.41375893182977597,0.5634138299259245,0.46997132311954937,1.154387239131775,0.002712901581174856,-0.477931452758418,MEDIUM
0,0.41367148432699824,0.5625829138886647,0.4701618194430991,1.1544265045941287,0.002684509486041386,-0.46830834077739814,MEDIUM
0,0.4150705544387998,0.31939312380619456,0.6301281039630511,0.19114261316117098,0.0037051843707756587,-0.8078946187816979,LOW
0,0.22211922415247318,0.4312644986848447,0.6323474728792305,-0.6920820744077294,0.07516981605815731,1.14240550669521,HIGH
0,-2.503929898424432,-1.8075273736269595,-1.3775843417948117,-0.7348237061319574,-0.0002159253630895184,0.07385972321661381,HIGH
0,0.20592737231057523,0.13034082334160765,0.3667654520978913,0.22704711481755074,0.5734134849745445,-1.2028910777173947,MEDIUM
0,0.18089635100023033,0.039666849064845904,0.9395528073677105,1.5404065081272655,0.5719001486651298,-1.1974228625426748,HIGH
0,0.41337017166904555,0.5638850789750387,0.4698629184967619,1.154365012673514,0.0027287105784280026,-0.4833910787748244,MEDIUM
0,-0.021527438053481784,-1.796920152495171,-1.363345883566482,-0.7862102032147644,-0.0001887001393428657,0.3280946157767251,MEDIUM
0,0.20595506779445497,0.13150081013014606,0.3665848578421436,0.22564129040657802,0.573356284721209,-1.2029618625963547,MEDIUM
0,-0.014079716725695168,0.6398304294068533,0.438199745001851,0.9241116970266227,0.47691641472504026,-1.186219789631674,MEDIUM
0,1.2015916922926138,-1.7206008349958715,-1.3314791641269326,-0.78039713140062,-0.00014360365084041383,0.6332418730011936,MEDIUM
0,0.5080450852670242,1.2375473329783966,-1.1282304746054816,-0.7701718265209545,-0.0001937556216309166,0.9413924299332468,MEDIUM
0,-2.5040507886404213,-1.807430669230926,-1.377454531971267,-0.7757239703983319,-0.0019032773068185023,1.2096293931776734,MEDIUM
0,0.184591010292674,0.30406927428923836,0.41083405530387096,0.615796239406377,0.7890959399863744,-1.12348166303604,MEDIUM
0,1.1650807767067788,-1.583688142632811,-1.333456565346777,-0.721640813563527,-0.000210615324980778,0.8257417670231527,HIGH
0,-0.10197537440556842,0.6376186100910817,0.7805733597965239,1.9927473895788166,0.47544170180392337,-1.1847741669595142,HIGH
0,0.22062757322038307,0.5941743299661916,0.46268348106952445,1.1530364375192477,0.0037021522123519787,-0.833193089326154,MEDIUM
0,0.14579761044094544,0.6065912931047162,0.4596812109083843,1.1525394910099314,0.004240008189270811,-0.9812471460036593,MEDIUM
0,0.40438450657379504,0.577943092827963,1.5641853959186793,-0.7638954685346085,-0.00023710273393942022,1.026515902784657,MEDIUM
0,0.17338192018464588,0.3216176853386221,0.41151500662077456,0.6236363621714024,0.4963385599440036,-1.0757466113456935,MEDIUM
0,0.15422397963801102,0.27051527145656257,0.5737084703168306,0.20187486413173045,-0.00025973014330453567,0.5930053564990546,LOW
0,-2.504019495894324,-1.8073577118790263,-1.3773565986676646,-0.7876951186865964,-0.002904586609497741,1.6264265682507413,LOW
0,0.2126039734562272,0.3406372439784361,0.31647376664580185,-0.145104604387432,0.6230652819015978,-1.2216541950104223,MEDIUM
0,0.21029974187040681,0.42152995836708285,-0.08513824544289142,0.5410356342893998,0.7666392539544222,-1.203926041066037,HIGH
0,0.4050942191137415,0.5559178802059326,0.4717225388688919,1.154746042799802,0.0024537850126461324,-0.3909971120043024,MEDIUM
0,-1.8143984496363466,-1.8070249084935002,-1.3769098645943212,-0.7816649201183558,-0.0010539376105269276,0.9579699902403296,MEDIUM
0,0.4056706154809839,0.579732223039009,1.6239535197000026,-0.7639967880434576,-0.0002313431900824472,1.0251437765599392,MEDIUM
0,0.5097936195733184,1.287899345177292,-1.3097308742655518,-0.7702936732641035,-0.00018970666919159059,0.9376895671317261,MEDIUM
0,0.4068200911453436,0.5813446672143429,1.6573984934920938,-0.7640785777884742,-0.00022777460968771276,1.0239257801675066,MEDIUM
0,-0.10456577413343811,0.6403013103158358,0.7803252206656942,1.9937108813566953,0.4754562888275235,-1.184755668777833,HIGH
0,-2.5041821165222613,-1.8075271538270594,-1.3775840467494216,-0.7348261696535635,-0.0002152293083096466,0.07379083046069637,HIGH
0,0.0722737869947577,0.3243101557375114,0.8494905652616341,1.7859230374892732,0.5178886199925405,-1.1884257886083691,HIGH
0,-2.4898476283613813,-1.807528045693236,-1.3775852439337872,-0.7348065733210659,-0.0002182155077931075,0.07460454916781746,HIGH
0,-0.01580384614739773,0.6415057247154791,0.4382797645517125,0.9249504072679078,0.47691705762189807,-1.186184968397521,MEDIUM
0,-0.09382202577715301,0.6334700592426491,0.7811952649461509,1.9904077197460197,0.4760088106698151,-1.1848281811179011,HIGH
0,0.5080123534479104,1.2386119921595249,-1.135756421015739,-0.7108352957475628,-0.00023095988919058294,1.1215416868322259,HIGH
0,0.20594041995797593,0.13059097573360354,0.3666798486743954,0.22638181925365938,0.57331168246121,-1.2029254748631215,MEDIUM
0,0.40692700601204246,0.5807176230970897,1.6568273556177304,-0.7044688146169797,-0.0002438827114664861,1.199111863552635,HIGH
0,-0.005454737809428217,0.6353555193839315,0.4378844318427335,0.920607925771919,0.477517905585697,-1.1863761902745338,MEDIUM
0,0.1747460301550659,0.12121840649346285,0.8901888003951197,1.6901421116047746,0.3707558783348766,-1.192707411529921,HIGH
0,1.0535255887164596,-1.2038270080476665,-1.3363112817705625,-0.779781244988353,-0.00016346554735573342,0.6630708191191794,MEDIUM
0,0.21062381007722647,0.25161894062439777,0.6319097140234721,-0.42147075703978526,0.7063398177818343,-1.3330048282075773,LOW
0,0.5393928199715078,0.9371862280768509,-1.3179700128358223,-0.7721377504276898,-0.00019784047468048737,0.88285348862296,MEDIUM
0,1.2059791900910717,-1.7572791179608518,-1.332723709239798,-0.7217271419975435,-0.00021035577232566505,0.8216672581451718,HIGH
0,-0.0821246251509958,0.6431387544120498,0.7670935665565763,2.044212666126698,0.4661958596299727,-1.18250121504735,HIGH
0,0.3725283761024698,0.5444546157797941,0.8664974407030201,-0.7618708376917971,-0.00027291629112271697,1.0148595443509418,MEDIUM
0,0.4037682901757427,0.3225438535507826,0.6278752267393604,0.19236835148988396,0.00297273076744545,-0.5708353556063515,LOW
0,-2.504179784709419,-1.8075246213163136,-1.3775806472682552,-0.7753147879079013,-0.004684730001639326,0.4970186999909228,MEDIUM
0,0.17751889361197082,0.07334040594939623,0.9226369092887367,1.6260775556298326,0.5518974451461766,-1.1908112948653335,HIGH
0,-0.014212802648332069,0.6169428659654116,0.7460484886347474,2.1250179131952582,0.15019785678749328,-1.1745120970755254,HIGH
0,0.5070325158693636,1.2170722396313647,-1.054056682766457,-0.7107627560112657,-0.00023204145127377702,1.1236520254123343,HIGH
0,0.21976241801416535,0.4338196361316584,0.6353118480102159,-0.7755991813691444,-0.00026294068290258726,0.7929907468439398,LOW
0,0.21335333146492136,0.36850016214874826,0.30847334608676047,-0.19120973877451078,0.6301166567261391,-1.2300448135783102,MEDIUM
0,0.9033540555190163,-0.7892134455484399,-1.3402596203332036,-0.720121568162665,-0.00023388676420738614,0.8853147341120201,HIGH
0,0.5095301917674809,1.288012430185911,-1.3112192497044406,-0.7109470676913494,-0.00022896069447942858,1.1182146406399847,HIGH
0,0.4031206248618469,0.5807490832308477,1.5945826866901556,-0.7852480612680207,-0.00022882035504445919,0.8437088164003678,LOW
0,0.823321534854274,-0.5690912206951481,-1.3402860983648501,-0.719489652558813,-0.00023912642933719653,0.9024596671243328,HIGH
0,0.21946505782847575,0.4289010576837907,0.6351755054249791,-0.7553921886346662,0.452888403423386,0.4448760035543729,LOW
0,0.2220323834850639,0.4311934829196704,0.6287341040382175,-0.6617072331630565,0.5154964835863954,0.4105734160527671,HIGH
0,0.4065565939154514,0.5801987091065586,1.6531089571744326,-0.7044425823131291,-0.00024411599326792582,1.1995077257032614,HIGH
0,-0.005786326982051054,0.635398145446584,0.43791250656946956,0.9209706294963468,0.47744705271141713,-1.1863588583703606,MEDIUM
0,0.41347039407016456,0.3211502075235083,0.6288899992755611,0.19180756699009457,0.003303597363283041,-0.6779641776543722,LOW
0,0.19332479772076983,0.38752238568638503,0.24556195360364502,1.1676534505259502,0.6305285096091446,-1.1659082641593972,HIGH
0,-1.5265283392283953,-1.8069024114122771,-1.3767454323125374,-0.7842582098092761,-0.0007750655288661633,0.6739103983191259,MEDIUM
0,0.40681629284573784,0.5805624395485536,1.6572428191599373,-0.7044610670024841,-0.00024388915717776853,1.1992289070022508,HIGH
0,-2.5041803393221413,-1.8075252236642607,-1.3775814558217845,-0.7351210146229775,-3.9643021112505377,0.07890181862625874,MEDIUM
0,-2.5039352093458827,-1.8074262508546326,-1.3774486010242726,-0.7757365962733496,-0.0018910480725093629,1.2257036917703155,MEDIUM
0,0.22258346042934626,0.4316002790462644,0.6324716790290126,-0.6926760391543422,-0.0002567181778188713,1.139454578653774,HIGH
0,-0.09701693435382205,0.6346282384722123,0.7808687397396642,1.9916025420570291,0.4755368630034532,-1.184798256569531,HIGH
0,0.1576761703437322,0.3948120824523879,0.5993561932616629,2.1304887194045543,-0.0002313531346697129,0.6097073362397103,HIGH
0,0.19330901327857627,0.38651218433540874,0.24766110365969976,1.1681419610267638,0.6002132712573591,-1.1645077604107947,HIGH
0,0.39657800391548453,0.5398675681271319,0.6866152172605678,2.128801658860435,0.002239847740552711,-0.31390310145410555,HIGH
0,0.32660125251217936,0.507433869502053,0.699993940554662,-0.6993356210548778,-0.0002582633953357328,1.1609064154112125,HIGH
0,0.20909950675739195,0.22440566286271604,0.3453239310875131,0.05965955046285948,0.5950964989562865,-1.2116540335662576,MEDIUM
0,0.38947077897393384,0.5643239577449122,1.1368849480141991,-0.7843961836580353,-0.0002720561326669396,0.8465843987467851,LOW
0,-2.5041802382971268,-1.8075251139440769,-1.377581308540396,-0.7666178877538375,-2.3026789845315023,0.5596269894391735,MEDIUM
0,0.1787702669373026,0.051054395932460354,0.938575870632976,1.5962249572598421,0.5590605444344705,-1.193500108919491,HIGH
0,-0.10609388371488027,0.6521820738723633,0.7752066671613641,2.013382368865773,0.4719287106700306,-1.1843459238046785,HIGH
0,0.21028886026953866,0.4215209639275105,-0.08548950288040875,0.5416757686623563,0.76659282837055,-1.2038828895186968,HIGH
0,1.2103703236693228,-1.7732319388290403,-1.331548333897403,-0.780412774841012,-0.0001431533970603053,0.6324551284065664,MEDIUM
0,0.04732066296957758,0.37238133996164247,0.8386807511631632,1.8132420809045418,0.5122559551109664,-1.1932522411885504,HIGH
0,0.19275921923615041,0.29266646646468786,0.41047130544461924,0.6102953216113398,0.7162360196630143,-1.1888067146917494,MEDIUM
0,-2.5041803393239075,-1.8075252236661787,-1.377581455824359,-0.7354600819327062,-3.983925011190786,0.09753898301114765,MEDIUM
0,-2.503749089620731,-1.8074216580012261,-1.3774424358703115,-0.7757496472185403,-0.0018791663408966003,1.2417553847333294,MEDIUM
0,-0.10494590469918867,0.6518604733597846,0.7747795601868762,2.0150086277895722,0.47163269757781534,-1.1842795892555502,HIGH
0,0.4276225602834867,0.6157237850342394,1.2551049862142247,-0.7058525401922928,-0.00024747334749022513,1.1807230215496274,HIGH
0,0.2300606648301947,0.4446209311839551,0.4776836405359728,1.1593954029107563,-7.994375287048121e-05,0.5458115681447182,MEDIUM
0,0.18076758675180868,0.028820235160867354,0.9461574163653621,1.5442000659144317,0.5709962248744505,-1.1973606133519363,HIGH
0,0.4048127697448494,0.5831153214587392,1.6594972780386974,-0.7853598954801012,-0.00022086998841434638,0.8419234896172958,LOW
0,0.4261082147830792,0.6191596838279588,1.2500259712847719,-0.7865493239533985,-0.0002316552856909695,0.8245983942997565,LOW
0,0.2048129164618316,0.1461048222866265,0.3736195397016273,0.28116523728593606,0.5664080527595826,-1.1990745386665003,MEDIUM
0,0.18071223788902954,0.02642407537168281,0.949369797451491,1.545829964462876,0.5706793974131809,-1.197330319497269,HIGH
0,0.21419549484262249,0.4146159325295812,0.2736852104340056,-0.24338027898512585,0.8493268260118212,-1.2840761850404314,MEDIUM
0,1.1618188535387752,-1.5718315564807164,-1.333598718748316,-0.7216260428259449,-0.00021090390035623295,0.826439004415559,HIGH
0,1.2087393652240266,-1.774119747091205,-1.3327506780812257,-0.7217321166579873,-0.00021023105574582553,0.8214315990747101,HIGH
0,1.141306800722091,-1.4964281958717471,-1.3344833361696955,-0.721525098041757,-0.00021261266317325938,0.8311830010172129,HIGH
0,0.12894296996295215,0.28888826415272106,0.63184092504694,-0.3227356307972123,0.5092757871903099,-1.2936230914862856,LOW
0,0.32588380603553113,0.49485774024201945,0.6562714733262521,2.130117077529411,0.0010250802885344418,0.11976572428064329,HIGH
0,0.20600812138359226,0.1352414312995017,0.36624577885346915,0.22297537297997572,0.5740773315722683,-1.2030975145151896,MEDIUM
0,1.1392614667345642,-1.4859964206089975,-1.3333543374509411,-0.7802044896984689,-0.00014844371215657219,0.6428782447028034,MEDIUM
0,0.1806645534980165,0.024964642795883292,0.9514855368854624,1.5472248340808195,0.570301407495719,-1.1973000131251443,HIGH
0,1.207861876509653,-1.7720652967183237,-1.3301674551554503,-0.7996874345043098,-0.00010399235529284067,0.44168269979543906,LOW
0,0.13424117692757767,0.2587262134924285,0.5660633059169432,0.20224246410474256,-0.00026311895948350427,0.5902103821996612,LOW
0,0.13954229873821455,0.2885817732131418,0.6318026757887663,-0.32701613011637554,0.5098324464894005,-1.2943539979544834,LOW
0,0.19354980885402073,0.4059832032943735,0.21032297805820457,1.1600652934071798,0.22967528047682526,-1.260368694205735,HIGH
0,-2.488353910404056,-1.807528084983252,-1.3775852966742028,-0.7348054518938426,-0.00021825766233119902,0.07466666088494024,HIGH
0,0.40607416068375185,0.5795218958076899,1.6362687857397635,-0.7044062914903085,-0.00024506674519487255,1.2000476790929047,HIGH
0,0.39564967172224164,0.5392572406583969,0.6861829654818905,2.1288194115905603,0.0022213001169792703,-0.30757344519278124,HIGH
0,0.35481733373324975,0.5298015771874373,0.7646504006930844,-0.760855973953647,-0.00026914261299105163,1.0037884103644028,MEDIUM
0,0.40710972074442403,0.5809693224691251,1.6535060541279951,-0.7044815946532642,-0.0002439127698112814,1.198916381109405,HIGH
0,1.204178812158038,-1.744142783294532,-1.3327152600748484,-0.7217251295500615,-0.0002103524789669775,0.8217626093255425,HIGH
0,0.48212001287512685,0.8656012354714995,0.09531015815410027,-0.7685236352376013,-0.00023455596733332367,0.9761790521385726,MEDIUM
0,0.509206705450014,1.2843267541124048,-1.3095286373080433,-0.7702526338139614,-0.00019076585029312385,0.938939625739451,MEDIUM
0,0.4061730486175689,0.556662312067044,0.47154839577362384,1.1547100524085698,0.0024793178473964715,-0.3996094309126925,MEDIUM
0,0.5042585282298764,1.1616403956164412,-0.8479345891455504,-0.7105595290411202,-0.00023482663066189908,1.1292208076033041,HIGH
0,0.5088825091607823,1.266839020437136,-1.2229900300615122,-0.7702305896969663,-0.000191256380167101,0.9396109693146713,MEDIUM
0,0.38868211749154097,0.5634922735967848,1.1193738883261026,-0.7843520996249547,-0.00027322583411978565,0.8462987973465144,LOW
0,0.5074912452842583,1.2869948141186536,-1.3080271150813307,-0.7908660130036842,-0.00016684844522692769,0.7523896331792576,LOW
0,0.21959655829527983,0.43360749083718564,0.6352308754052836,-0.7754576403274018,0.07938170265059462,0.7934261377326708,LOW
0,-2.2617214237119505,-1.8078209162956815,-1.3779783747818592,-0.7346685807594827,-0.00021245065732340606,0.08470353571246227,HIGH
0,0.41733836667274593,0.602515475730945,1.417472613619614,-0.7860719174454109,-0.00022773638192589513,0.8310381208163949,LOW
0,-2.5041803393611706,-1.8075252237066497,-1.3775814558786847,-0.7386705539309636,-3.9006670392574843,0.5823896093131598,MEDIUM
0,0.20601538771474992,0.1354862581985871,0.3662001760850721,0.2226141629845862,0.574091976194682,-1.2031179714743077,MEDIUM
0,0.5546298947975903,0.7791368276878895,-1.3228760797520696,-0.7137683429838698,-0.0002334937923452408,1.0371372519713553,HIGH
0,0.21426692913150305,0.4225744887451576,0.26486122429846903,-0.24888260960102085,0.6206304937700795,-1.3229156939993254,MEDIUM
0,-2.504180339321689,-1.8075252236637693,-1.377581455821125,-0.7348524322710173,-5.5195109189359615,0.07355693783060317,LOW
0,0.16399643390531393,0.2850328915550356,0.6318891456790431,-0.37187892826636987,0.5151920321455803,-1.2923917278108292,LOW
0,0.21029976324565983,0.42152997602475256,-0.08513725916124218,0.5410343755502455,0.7666394639758594,-1.2039261326446935,HIGH
0,1.0304214729182675,-1.1377013359798696,-1.3381700728937598,-0.720928422840628,-0.00022265568758862605,0.8571112702708275,HIGH
0,0.5092884252943827,1.2855714418667665,-1.3095598412943301,-0.770258439516065,-0.00019047229612792583,0.9387627830091124,MEDIUM
0,-2.5033622704156495,-1.8075274915206365,-1.3775845000477769,-0.7348218739024135,-0.00021636818730550833,0.07391784173747845,HIGH
0,0.1494574155441625,0.36283958219493273,0.4142612837377904,0.6530725896513166,0.509293879564311,-1.1195835483279484,MEDIUM
0,0.19531130418717466,0.2881710160886619,0.41029006337106466,0.6090656224227251,0.10869868582553016,-1.200429311229191,MEDIUM
0,0.40243919216497676,0.5440833614789229,0.6896237198511452,2.128680088159173,0.0023684623849486355,-0.35767432760024065,HIGH
0,0.8707493943576111,-0.6994253158686019,-1.3391104156286684,-0.7786604184604742,-0.0001984917342964973,0.707545815885525,MEDIUM
0,-2.5038916950979453,-1.8075273841674084,-1.3775843559436391,-0.7348235458906197,-0.00021596656198967493,0.07386457410010895,HIGH
0,0.19346156880424903,0.39858687772263074,0.22491655342456365,1.1626047424549923,0.9343616318423831,-1.2239122575998158,HIGH
0,0.12897960680704024,0.2888840196237052,0.6318401434136256,-0.32279275737404656,0.509267228872251,-1.2936336842473246,LOW
0,-2.263454636772919,-1.8070757683456646,-1.3769781356213457,-0.7777838257164302,-0.0014812953541710216,1.402061009990652,MEDIUM
0,0.18130016174881888,0.04903974516188106,0.9377029369393989,1.5302076917711738,0.5742502796378222,-1.197705796576767,HIGH
0,0.5399762247617058,0.9309687395449824,-1.3181088977491886,-0.7721698496185171,-0.0001979808368089459,0.8819253805830475,MEDIUM
0,0.12226799248317281,0.228071279573426,0.8715589016563478,1.7304417344736565,0.5244069422214913,-1.1290541123005797,HIGH
0,0.5095472204456325,1.2882818152637294,-1.3096510254360432,-0.7702766014878027,-0.00018982520632273626,0.9382095368937687,MEDIUM
0,0.3621313616897122,0.5349629299900615,0.7950200871556387,-0.7015358605247333,-0.00026163919419478567,1.177044408104951,HIGH
0,0.21879683576432718,0.40658625999625075,0.6348404048830897,-0.6793817566742021,0.5037874809974042,-0.810638062813514,LOW
0,0.40657363269858393,0.5809994312660614,1.6563419630564,-0.7640621696246228,-0.0002279197890649258,1.0241724622459536,MEDIUM
0,-2.500188971962671,-1.807383270604869,-1.377390907073774,-0.7758576115871585,-0.0018038170046349663,1.3531827623868664,MEDIUM
0,-2.5038909508658347,-1.8074250074688665,-1.377446931982393,-0.775740135290846,-0.001887752285669854,1.2301130010569317,MEDIUM
0,0.21428117652214512,0.4239450074086265,0.2630919185249652,-0.24958777962633225,0.43746149139879625,-1.327809265423041,MEDIUM
0,0.3325055783599917,0.5160624963587481,0.7147601837390212,-0.781494465327343,-0.0002719700687430088,0.8171213303265017,LOW
0,0.10687855404581717,0.3662425878933058,0.4448355395006872,1.1595783398742245,-0.0002637145733837181,0.6016026413156006,MEDIUM
0,0.02236604809943595,0.6101734055023481,0.7406273832314408,2.1271201627912273,0.0075962659439393785,-1.0628628552074193,HIGH
0,0.21461573756218702,0.4259202267935485,0.2616055549743979,-0.2539673916894743,0.23997973822581672,-1.3262322578270724,MEDIUM
0,0.14810075407713744,0.2936333068980015,0.6328451627809832,-0.25759569936082116,0.4994632568069389,-1.2709530876107897,LOW
0,1.2126906526912822,-1.7733264504235717,-1.331675200243839,-0.7804369549191124,-0.00014222837576222534,0.6312416818561932,MEDIUM
0,0.7448279861587029,-0.3281486698514444,-1.3364337785293958,-0.7972193395249443,-0.00019146053340893994,0.5522101118583845,LOW
0,0.40516169884287745,0.32235154658807613,0.6280224496289047,0.19228791210812252,0.003019514865770685,-0.5860426279928121,LOW
0,0.2060153765564543,0.13548595285029533,0.36620024607289664,0.22261471741172867,0.5740919213164376,-1.203117936948849,MEDIUM
0,-0.09424537723524075,0.6335214812591459,0.781104308938569,1.9907291478842313,0.4759213891609588,-1.1848194788525612,HIGH
0,0.4125792197949829,0.5613261787783428,0.47045053371346984,1.1544861122974264,0.0026409821801300186,-0.4537491769276786,MEDIUM
0,0.32227219677281593,0.5042059413046277,0.6947490816345622,-0.6990630385870763,-0.0002580424884029648,1.1596256248163528,HIGH
0,-2.504180339321911,-1.8075252236640105,-1.3775814558214488,-0.7350460409707672,-5.621563195376249,0.07783690432762222,LOW
0,0.18083382302962106,0.03478386308776344,0.9413159292606292,1.5421878006386753,0.5709624048565324,-1.1973831157091335,HIGH
0,0.020983886121882917,0.6104230120709899,0.7408294961714421,2.127106541730992,0.00808657933967565,-1.0669609090666836,HIGH
0,-2.504180339321689,-1.8075252236637693,-1.377581455821125,-0.7348524309401726,-5.519510096913844,0.0735569365232026,LOW
0,1.2098115285611433,-1.7741520859357887,-1.3327834807827725,-0.7217392772416246,-0.0002099995512894533,0.8210926041643715,HIGH
0,0.40696712929906864,0.5807738977735971,1.6562348978745025,-0.7044716097179662,-0.00024388874651667036,1.1990696603747568,HIGH
0,0.22175092922802137,0.43176750244778034,0.6333553651315015,-0.7528261266942992,0.05859104791091485,0.9711268016310618,MEDIUM
0,0.13768143938357696,0.2886570890724775,0.6318052573644056,-0.32590063543988806,0.5095570188616012,-1.2941745715131086,LOW
0,0.5078532075456957,1.2904652655198487,-1.308154742397645,-0.7908885642198714,-0.00016588956029687198,0.7516278231454147,LOW
0,0.40660113926708896,0.5802610947707434,1.6541781101056818,-0.7044457918313588,-0.0002440564830477341,1.199459427525649,HIGH
0,0.40615012404685497,0.5804060925252077,1.6441444631610023,-0.7640327677756554,-0.00022921232376502107,1.0246130213863462,MEDIUM
0,-2.5041803393265583,-1.8075252236690582,-1.3775814558282242,-0.7358096552594067,-5.890658969428336,0.16271687578157848,LOW
0,0.40844743614948686,0.32188754069491016,0.6283676497153058,0.19209807654365355,0.003131056803331478,-0.6221606051829575,LOW
0,0.20592002984355637,0.13024725977920984,0.3668143258529128,0.2274259302436506,0.5734747891424343,-1.202871134744672,MEDIUM
0,0.40259522331112396,0.5442432109627507,0.6897388510013087,2.1286755300091116,0.0023733144781601396,-0.3593301476352357,HIGH
0,0.9946558750716484,-1.0363090783488802,-1.3363717378148883,-0.798891101729411,-0.0001391216158473598,0.4845290735444512,LOW
0,0.39223040439251294,0.5632707686187769,1.1547988130170879,-0.7630431054573714,-0.00026686782957876837,1.0279143517130194,MEDIUM
0,0.08046991898218214,0.6177386375662967,0.45641977209620344,1.1492911478898782,0.14771842202615326,-1.1743647872493919,MEDIUM
0,-2.5041144982325885,-1.8075273020412663,-1.3775842457027352,-0.7348247324071743,-0.00021564984522008063,0.0738297215664673,HIGH
0,-0.10197530181436106,0.6376185522665759,0.7805733649055668,1.9927473696848992,0.4754416994849576,-1.184774167356587,HIGH
0,-2.5040322333469773,-1.8073643702858142,-1.3773655364889603,-0.7876829300857442,-0.002923663967429913,1.6046165402926393,LOW
0,0.4065166451571197,0.5801427538916307,1.6520542929878617,-0.7044396872817557,-0.0002441753177143186,1.1995512324540227,HIGH
0,0.2196070565405517,0.43370754983110726,0.6352354150570515,-0.77559095717839,8.870784933320358e-05,0.7929637573856938,LOW
0,0.18125599155483296,0.04802741299159195,0.938392461612293,1.5313080288227556,0.5739714211026377,-1.197678785771188,HIGH
0,1.1852659725137649,-1.6504191004895008,-1.3328735781908012,-0.7217014339953267,-0.00020956026142517417,0.8228830867251409,HIGH
0,0.5071580948975226,1.2711678513953029,-1.230658009423951,-0.7908456932575315,-0.00016762956385158487,0.7530767442052101,LOW
0,0.3636406874347606,0.540517250819352,0.8181006691241821,-0.7830594427942641,-0.00028035734549570915,0.8317314233916835,LOW
0,0.18026141389068287,0.0243834818894256,0.9562313981182704,1.5585722285166195,0.5679183878519861,-1.1968579668048354,HIGH
0,0.4112239206905987,0.5869488601162431,1.5731439671160623,-0.7047653601236326,-0.0002447147939876795,1.1947448230185314,HIGH
0,0.4061804704553762,0.5804486647396905,1.645260673680448,-0.7640349453501468,-0.00022909153132046102,1.0245805357607725,MEDIUM
0,0.18700411798790603,0.18912033051418636,0.6545515704846908,1.3748499694836638,0.6064701458926931,-1.1916442342756588,HIGH
0,0.20956754692261234,0.4208682298356974,-0.08071834451093614,0.5778507926140121,0.7604667731341636,-1.2011481654111171,HIGH
0,0.21474285438550153,0.42602380066188766,0.26373046855087184,-0.25701519910756565,0.37009865415497334,-1.3104086580318892,MEDIUM
0,1.2092920758326575,-1.7722362725470011,-1.3302118148798363,-0.7996948326859702,-0.00010343118210273925,0.44126209277743994,LOW
0,0.40660581977798205,0.5569614261142256,0.4714781594231974,1.154695604886251,0.002489602806149989,-0.4030737900511048,MEDIUM
0,-2.5040267331429003,-1.807360018138283,-1.377359694443239,-0.7876909070021934,-0.002911034021018647,1.6189609687799338,LOW
0,0.48150089499563864,0.8600860036853215,0.11284972122771189,-0.7684878635856647,-0.0002350553508358826,0.9766280987684726,MEDIUM
0,-2.504180339321689,-1.8075252236637693,-1.377581455821125,-0.7348524320245123,-3.9365031296186577,0.07355693723618126,MEDIUM
0,-0.09057053266165359,0.633199250405721,0.782442428567026,1.9860374303915225,0.47679245384214536,-1.18495133110441,HIGH
0,0.4030547978943311,0.5459014866230543,0.690936567230565,2.1286284411731016,0.0024229505780295787,-0.3765023860429088,HIGH
0,0.5073763650889105,1.2849149963077104,-1.306297277017031,-0.7908587300749733,-0.0001673527269147383,0.7526358772536708,LOW
0,0.4057409453941675,0.5563639679448156,0.4716183037789519,1.1547244705751791,0.0024690740463453363,-0.39615618223717014,MEDIUM
0,-2.504180339321689,-1.8075252236637693,-1.377581455821125,-0.7348719616110859,-3.9391476339689033,0.07364872807880579,MEDIUM
0,0.14422997176384061,0.3863806403389579,0.5945888536962861,2.130215241223176,-0.0002448210123259325,0.6131039367945255,HIGH
0,0.5077342289849278,1.2898489360248064,-1.3081148354369554,-0.7908812078280939,-0.00016607452874170731,0.7518762255337526,LOW
0,0.22212913333258075,0.4312721043591324,0.6322519943408634,-0.6926297467622886,0.014058160894889185,1.1395743186113134,HIGH
0,-2.495708655454736,-1.8073557018099276,-1.3773539004788986,-0.775935117350726,-0.001766775293146762,1.4116716309121087,MEDIUM
0,0.5080475146156642,1.289564679588248,-1.3082175349942662,-0.7909005040636069,-0.00016585955884258917,0.7512247914999022,LOW
0,0.17175125126407362,0.14357735934804694,0.8841118727210011,1.6947615318666733,0.702182953661935,-1.1952673614521792,HIGH
0,-0.0055217621464366375,0.6353577432525274,0.43789184990140323,0.9207046316947965,0.4775024412325525,-1.1863715357326257,MEDIUM
0,0.18076538192058428,0.028706517112016567,0.9463041833346019,1.5442655272859946,0.5710038725066666,-1.1973596065125087,HIGH
0,0.1393405281107542,0.28859418467238307,0.6318024510789987,-0.3268259010874155,0.5097953148193574,-1.2943238774354793,LOW
0,0.13763788562018192,0.3842928188076839,0.4161318393232787,0.6727876269313681,0.5090080033446556,-1.14651168572435,MEDIUM
0,0.4047783907823373,0.5830672732152273,1.6592306828260812,-0.7853578652698072,-0.00022089871287716035,0.8419566479144396,LOW
0,0.4023408109200085,0.5464422782380448,0.6913282175226323,2.1286131631187746,0.0024385844757650143,-0.38210354689116866,HIGH
0,0.21431266241409086,0.4256204354212965,0.2607508415001885,-0.2503217595480559,0.12419123546431442,-1.3333485128483011,MEDIUM
0,-0.014586815788076546,0.6402634585042974,0.43822013589189035,0.9243247263078378,0.47692196383407925,-1.1862108528458568,MEDIUM
0,1.1763815440369008,-1.622175558123779,-1.3330535692077334,-0.7216816633574081,-0.00020973875220809722,0.823815159196153,HIGH
0,0.4194962213432814,0.3196056795304504,0.6299778777358013,0.19122130941458715,0.0036598809326337843,-0.7923799688491809,LOW
0,-2.492183860482857,-1.8075279973259808,-1.3775851790086637,-0.7348084227299146,-0.0002181249577020115,0.07450507120356557,HIGH
0,-0.09428512287705089,0.6480206055727786,0.7711370238089303,2.028838385936542,0.4690801885380281,-1.183528922464448,HIGH
0,0.4705785405226042,0.7906924889365227,0.3549924523031517,-0.7888171598293768,-0.00023266004106583344,0.7986443512017367,LOW
0,-2.5040401381694313,-1.807527337520231,-1.3775842933274383,-0.7348242429874797,-0.00021578377298035186,0.07384379840256122,HIGH
0,0.4682276088408148,0.761822088846289,0.4513402095191011,-0.7083120270595058,-0.0002515070565191927,1.1602769955943157,HIGH
0,0.12851950374823273,0.28907018620364555,0.6318802326481285,-0.32034598768732786,0.5089197802240861,-1.2931659382933938,LOW
0,0.34808996356245153,0.528013082171091,0.7502490746395019,-0.7822814082237225,-0.00027612025115393666,0.8234904589172283,LOW
0,-2.504180339321689,-1.8075252236637693,-1.377581455821125,-0.7348524311277932,-3.936503001153431,0.0735569364794235,MEDIUM
0,0.20596521597253037,0.13231750406538628,0.36651929660469523,0.22512885364886154,0.5734608745192795,-1.2029868622477893,MEDIUM
0,0.5090540992644289,1.2778423097176526,-1.2772299506692362,-0.7702418099093953,-0.00019123912384280152,0.9392692765007022,MEDIUM
0,0.1808568518949856,0.03733747782400265,0.9401013906735338,1.5414875707153484,0.5713755039480171,-1.1973945651064204,HIGH
0,-0.005450078355809982,0.6353555284857194,0.437883843277081,0.9206002422718127,0.4775190403256588,-1.186376561000814,MEDIUM
0,0.5062854145866533,1.2016145534143838,-0.9950714685571042,-0.7107074512450589,-0.00023279487523714852,1.125218760342578,HIGH
0,1.1964028058618927,-1.6962235169366906,-1.3301481548244973,-0.7996767893652836,-0.00010368910890800848,0.4422882846426383,LOW
0,-2.5040321782623414,-1.8073643104513386,-1.3773654561709703,-0.7876830399781959,-0.0029234170770052236,1.6048159693686457,LOW
0,0.3227378041644621,0.31658451911186164,0.6320679264064749,0.1901281621270809,0.005198484844218919,-1.0222084559145566,LOW
0,0.40079292937786937,0.577603022435802,1.4910224897517685,-0.7850875867119167,-0.00024048129913848115,0.8457544047543721,LOW
0,0.5090517039307274,1.282893304285974,-1.3108698997821664,-0.7109114781673964,-0.00022964492688371397,1.1192783675244622,HIGH
0,-2.504180339321689,-1.8075252236637693,-1.377581455821125,-0.7348524571786406,-3.9365067304923387,0.07355697764934332,MEDIUM
0,0.21950343009411108,0.4303852515397335,0.6351940872609741,-0.761925665708035,0.5218859958362947,0.5890109575203942,LOW
0,0.20578878187217228,0.1297938491837238,0.3677469484046851,0.23456413664337694,0.5725914685320269,-1.202476150405924,MEDIUM
0,0.507809258521543,1.2903157965303311,-1.308140163813285,-0.790885851588623,-0.0001659410020205372,0.7517194105159808,LOW
0,-2.4928997305034546,-1.8073418822968381,-1.3773353500444903,-0.7759742465740325,-0.0017515679063492037,1.4353023659867017,MEDIUM
0,0.4184576958127004,0.31952928948018233,0.6300326110225641,0.19119283224825334,0.003676496281759559,-0.7979885956796642,LOW
0,0.2196063497503143,0.4337064850535003,0.6352350676288894,-0.7755903173591466,0.004309738212302942,0.7929748905237016,LOW
0,-0.0864195780404233,0.630780223615371,0.7840461472813659,1.9804586013007128,0.47779380982819897,-1.1851126877828686,HIGH
0,-2.503986609702937,-1.8073529080090607,-1.3773501502585115,-0.787703857732425,-0.0028915994852648785,1.6416785964317886,LOW
0,1.1426571799740355,-1.501328952812419,-1.3344273986460722,-0.7215318956504422,-0.000212500989290407,0.8308655803375121,HIGH
0,0.5087966326415736,1.2673229183600843,-1.2283950225207514,-0.7108933339028434,-0.0002297814516312376,1.1198196662608055,HIGH
0,1.2116147037874665,-1.7742887165278873,-1.3329668849895993,-0.7217769501679906,-0.0002094128894170178,0.8193121605616617,HIGH
0,1.140831269894643,-1.4916619500608923,-1.333290148298646,-0.780211786392272,-0.00014819750473994993,0.6425159863503772,MEDIUM
0,1.2092347528487695,-1.772933755519146,-1.3315145962205654,-0.7804060520304337,-0.0001435626838371286,0.6327931025100189,MEDIUM
0,-0.013249666511212628,0.6391998769921873,0.43816997368743293,0.9238010010441521,0.4769099482798358,-1.1862329035916,MEDIUM
0,0.142356152808624,0.28824435765260964,0.6318145410738728,-0.3322073724584009,0.5105393909458876,-1.2950783784104485,LOW
0,-0.1025654018703875,0.63811702392824,0.780529268058533,1.9929190436952902,0.47546260399600837,-1.1847707556827654,HIGH
0,1.0900653995643075,-1.3209525021399375,-1.3363983676989686,-0.7212589354969589,-0.00021709330221332497,0.8432450392812953,HIGH
0,0.2220885207074266,0.43123938788317884,0.6316816196516863,-0.6865970279068233,0.23437939043396627,1.0727248467955666,HIGH
0,0.3136799447401009,0.4978392272838834,0.685966537313428,-0.698520029935796,-0.0002576917860124282,1.1573238487949795,HIGH
0,-2.50408910584037,-1.8074337168737253,-1.3774586229329007,-0.7757151952028841,-0.0019122320336383424,1.1981414063161626,MEDIUM
0,-0.11064182174357659,0.6524859056949507,0.7773463898125129,2.005201569849649,0.4733977977566617,-1.1845892139063092,HIGH
0,0.40446166860139043,0.5826247251264594,1.6524202460899546,-0.7853387818468976,-0.00022170834454238273,0.8422684944265791,LOW
0,0.18087204838232984,0.03857936363572361,0.9396709223596116,1.5410506826148946,0.5716461618351332,-1.197404511401098,HIGH
0,0.4065308834717842,0.5801626981138212,1.6524399418624822,-0.7044407210029895,-0.0002441535663102395,1.1995357044015702,HIGH
0,-0.00549411095003895,0.6353562788776422,0.43788899151571964,0.9206674064320921,0.4775086777048645,-1.186373324710481,MEDIUM
0,0.40277857953421464,0.5802761876687994,1.5786760728558578,-0.785224078453059,-0.00023067451809941522,0.8440618895315679,LOW
0,-1.0706954211330708,-1.8058873796605661,-1.3753829183215869,-0.7870175879131096,-0.0004376263459873587,0.3663850208321972,MEDIUM
0,0.38317212995409844,0.5579415176446694,1.016895129210581,-0.7840540116832538,-0.0002786029028892116,0.8436484217301717,LOW
0,-2.5016366759337063,-1.8075276843852965,-1.3775847589370158,-0.7348184934767705,-0.00021703471825605287,0.07403992733295453,HIGH
0,1.2093625466025617,-1.7722381134574081,-1.330214286000746,-0.7996952391251553,-0.00010340341076620549,0.4412390026638093,LOW
0,0.20599379346087518,0.13450379066449902,0.36633621177215997,0.2236903413860082,0.5738969225643603,-1.2030594330137196,MEDIUM
0,0.4044083419534878,0.5772010386473333,1.5595198715981204,-0.7042693252637943,-0.00024875167154436375,1.201868761444549,HIGH
0,-2.4946603920256587,-1.8072093565280076,-1.3771574558910427,-0.7879615329186627,-0.002664735639539854,1.9552135913520712,LOW
0,-0.0098925279205754,0.6371653319823901,0.43806654260548195,0.9227171583185863,0.47697527273449086,-1.186279556953264,MEDIUM
0,0.19598203521803337,0.2700273131307735,0.4082183988042993,0.5999786860254785,0.5136103527622843,-1.18615154598332,MEDIUM
0,0.17484732400394482,0.11904550292594435,0.8913266786323623,1.6881992021695598,0.5313943615739707,-1.1876985960761135,HIGH
0,0.1723731033964893,0.6021316564870354,0.4607679658250236,1.152717854543897,0.003969566626240517,-0.9254481211142123,MEDIUM
0,0.5085634005611771,1.252051890798007,-1.17735841557357,-0.7702080195012525,-0.00019214924626617905,0.9402972567634011,MEDIUM
0,-0.09786827886921315,0.6350558209115837,0.7808176496820951,1.991798859262263,0.4754763556103166,-1.184793884302074,HIGH
0,0.5057200529613546,1.2270076767899694,-1.079733029337437,-0.7907559994042836,-0.00017227643333042513,0.7560879965610539,LOW
0,0.5090836914475318,1.2798480902130123,-1.289822917392643,-0.7702438335962475,-0.00019119826367273014,0.939207646739635,MEDIUM
0,0.4802626689818837,0.8492625635677813,0.1475140650360421,-0.768416498276458,-0.00023601845138708185,0.9775061410468787,MEDIUM
0,0.3472270726719283,0.3276537925668579,0.6214228961982852,0.19555752402381732,0.0013629752826044843,-0.019557203321204177,LOW
0,-0.014228629409073296,0.6399532042288598,0.4382055217400325,0.924172018761354,0.4769180152751542,-1.1862172544960146,MEDIUM
0,0.20593822645425028,0.13051942152837695,0.3666941375936582,0.22649302674835708,0.5733199347564395,-1.2029198656562416,MEDIUM
0,0.22211926444974903,0.4312645313282165,0.632347574735865,-0.6920854461194889,0.07497550300629026,1.1423982657780976,HIGH
0,0.17424396903240602,0.13887510184704732,0.8846453299929747,1.6940278775080297,0.09251654373733778,-1.206145857914938,HIGH
0,0.4046176798542241,0.5774884983019436,1.5691341231461302,-0.7042865184293742,-0.0002483232646644762,1.2016669886596487,HIGH
0,0.15060584976931338,0.2871947911774669,0.6318475013902967,-0.34761788960882817,0.5125136749919011,-1.2959519189843243,LOW
0,-2.504180339321689,-1.8075252236637693,-1.377581455821125,-0.734858615739162,-3.9373644456510344,0.07358141337828389,MEDIUM
0,-2.5038724983458263,-1.8073448143270323,-1.3773392858151248,-0.7877185004397899,-0.0028709678757640397,1.6665108066211938,LOW
0,0.4547007565682576,0.7050182355219243,0.7050837702510973,-0.7880224022024801,-0.00023732409294969074,0.8078152733229613,LOW
0,0.9187617115754427,-0.8308575434317003,-1.337499611029564,-0.7984920017613086,-0.0001571296531687858,0.5033577897569457,LOW
0,0.4137791840637562,0.5633581832979244,0.46998411074844576,1.1543898660038696,0.00271101766678507,-0.47728681485953545,MEDIUM
0,0.17790036088242456,0.4071899109438904,0.6062199780292172,2.130824316285698,-0.00019660312989318123,0.5980398592756165,HIGH
0,0.2102997622167175,0.42152997517477075,-0.08513730666264765,0.5410344361420893,0.7666394534641913,-1.2039261286651444,HIGH
0,0.22174670357415852,0.431764115684206,0.6333949091286406,-0.7526986408648183,0.0760303696834468,0.9713964515047405,MEDIUM
0,0.49981127736038566,1.0827064780258713,-0.5755964105699889,-0.7696080163834211,-0.00021050125784762434,0.9566585717226684,MEDIUM
0,0.12908055046857916,0.28887690264846566,0.631838836913336,-0.32288856737256705,0.5092551804753892,-1.2936513788436341,LOW
0,0.20584847767992243,0.12973337764538836,0.36731387768232543,0.2312627142750745,0.5730024887142068,-1.202662044661478,MEDIUM
0,0.5091512379968579,1.283345824285597,-1.308971130936132,-0.7702486734787598,-0.00019098265052465264,0.9390602485091776,MEDIUM
0,-0.0054670359841707756,0.6353555896807586,0.4378859304167101,0.9206274844827808,0.4775149633474323,-1.1863752471139029,MEDIUM
0,0.17159258971158306,0.14381761690834016,0.8840918145700308,1.6948192156718684,0.7322800454616616,-1.1943761196464424,HIGH
0,-2.504180322681447,-1.807525205591311,-1.3775814315618076,-0.7556398908208773,-5.864232009280561,0.9589526829118902,LOW
0,0.506875872523099,1.2137954905763984,-1.0414743183657689,-0.7107511382761648,-0.00023219937810324535,1.1239843223626138,HIGH
0,0.19598463132151409,0.2699911889720644,0.4082099457022219,0.5998927834345018,0.5176225949212109,-1.1861088569953155,MEDIUM
0,-2.503662061260853,-1.807335552430625,-1.3773268532351424,-0.7877351756408603,-0.002849080245620409,1.6936872425770435,LOW
0,-0.00606117826065149,0.6354676091634376,0.43792851107470626,0.9211711685711438,0.47739430638878944,-1.1863494219809758,MEDIUM
0,0.327957476516895,0.5091818454381981,0.7031032551729932,-0.7592960140291245,-0.0002638455485245259,0.9925404969103617,MEDIUM
0,-2.504180339321689,-1.8075252236637693,-1.377581455821125,-0.7348556087137597,-5.521444073040499,0.07357276115739823,LOW
0,0.5095040584747317,1.2879616557429503,-1.3112107108217355,-0.7109451481508174,-0.00022897324625785327,1.1182720741255079,HIGH
0,0.17446547020339548,0.31978649813402393,0.41143283091833405,0.6228350651375395,0.4633431439473063,-1.075912948591031,MEDIUM
0,0.5073246465909443,1.223248648427633,-1.0778249047294364,-0.7107844322785968,-0.0002317446740624283,1.1230275894376684,HIGH
0,0.5718718380966813,0.6193476349515591,-1.3260915365566939,-0.7146071891899096,-0.0002349088900246562,1.0144927389783607,HIGH
0,0.49705555684275793,1.040510473622508,-0.4438882447214523,-0.7100616918140024,-0.00024126926409805835,1.140589730559336,HIGH
0,0.40275793015669115,0.5461863190431108,0.691142787187922,2.1286203888153015,0.0024312359154503803,-0.3794524113069782,HIGH
0,0.20593987639425212,0.13057008144450774,0.366683386833101,0.22640936101951098,0.5733132031378868,-1.202924092899924,MEDIUM
0,0.4135324817990924,0.5637433374895174,0.46989553845399595,1.1543716939254256,0.0027239854627480317,-0.48174891296569117,MEDIUM
0,0.1929488481184041,0.3679353871337182,0.28559922082473715,1.1806263559651413,0.6389994497871295,-1.1402149165374647,HIGH
0,0.36752298305216696,0.5437835773013789,0.8440149028017949,-0.7832537934867065,-0.00028108455559865245,0.8340681325665437,LOW
0,0.16641621029096054,0.40530603049483416,0.46348771306208325,1.159709457595232,-0.00024390220460206928,0.6053336648104853,MEDIUM
0,1.1864721474080635,-1.6550624845315038,-1.3302632879054463,-0.7996667634528245,-0.00010281106451862838,0.4428566632481694,LOW
0,0.1253145560452923,0.40685918657953934,0.4181365509938308,0.693645134046269,0.5079877232426571,-1.1677258907622852,MEDIUM
0,0.20600466860379466,0.13509356089649519,0.3662674924363147,0.2231472543624597,0.5740417512680447,-1.2030882185319693,MEDIUM
0,0.40449417606426996,0.5826701612671885,1.6533892608476215,-0.7853407794773891,-0.00022158746271240068,0.8422358568439094,LOW
0,0.4205071081764656,0.3197652171715748,0.6298619635849282,0.1912812883753958,0.003624089130281163,-0.7805842396263108,LOW
0,-0.09070060663189504,0.6332310262112102,0.7823923745346388,1.9862122436567575,0.4767613574899853,-1.1849463436055674,HIGH
0,-2.4745063397750937,-1.8070758541715222,-1.3769782508285118,-0.788210883378026,-0.002569678714280019,2.074220079700277,LOW
0,0.4045030845560999,0.5781060142042563,1.5696270532767738,-0.7639047767931857,-0.00023659787666321274,1.0264000084913125,MEDIUM
0,0.20594404685781953,0.13076437267008756,0.3666562732311411,0.22619822707412507,0.5733083699348228,-1.2029346062138537,MEDIUM
0,0.22226732136537372,0.43214052811925485,0.6335282351608899,-0.7529826924950642,-0.00025975274001733666,0.9706849389880391,MEDIUM
0,0.3425730570529416,0.5202500817683327,0.7287942370564844,-0.7601489676599567,-0.00026636452942716265,0.9979357480089142,MEDIUM
0,0.12893162764300092,0.28889022530630676,0.6318412872586073,-0.3227092446881171,0.5092802006393121,-1.2936181870123715,LOW
0,0.5083606120950261,1.248123289275572,-1.168293504562281,-0.7108609157429686,-0.0002304106483643774,1.1207844181944528,HIGH
0,-0.0940210045123903,0.6334793341276924,0.7811426724983647,1.9905929794637198,0.47596653778907966,-1.1848231010628638,HIGH
0,0.5073912459550424,1.2853772179936973,-1.3078164691727792,-0.790859678078628,-0.00016728494077829394,0.7526038189841917,LOW
0,0.17860924237258805,0.05397899877149335,0.9364780582590501,1.600114106643396,0.5581284619541946,-1.193117085629561,HIGH
0,-0.08744638972120554,0.6316843876901954,0.7836484034959287,1.9818387780719902,0.4775412654235378,-1.1850724158126664,HIGH
0,0.3712516219674758,0.523431818620477,0.6751611060664456,2.129285502160731,0.0017594682898355138,-0.1471548147169815,HIGH
0,0.2215808135346721,0.4316281885929269,0.6249790781699547,-0.7206314578189916,0.5705864895242488,0.2821580851847336,MEDIUM
0,0.5072878533424402,1.2796642208484628,-1.27528425735433,-0.7908531811276,-0.00016761094663088889,0.7528235416551621,LOW
0,0.17008937692253656,0.1459941308481225,0.8839149741158234,1.695417904919031,0.907831706609633,-1.1847808063317442,HIGH
0,0.5077743027625622,1.2313925685500906,-1.1052406725742034,-0.7701528418240149,-0.00019440769597737841,0.9419631497607878,MEDIUM
0,0.22175850727525906,0.43177316343708205,0.6332774131091734,-0.7529510001875961,0.005785169475734455,0.9706129169603464,MEDIUM
0,0.3880154932068486,0.5342723149947017,0.6826722829995561,2.128965200577135,0.0020718007826767987,-0.25624008274293003,HIGH
0,0.5026671360500976,1.132269592208726,-0.7449304112090636,-0.710446004610692,-0.00023637485423126886,1.1320943591330104,HIGH
0,-0.09757917191059089,0.6349075210697601,0.7808346388490366,1.9917334268201845,0.47549433812621833,-1.1847953277647933,HIGH
0,0.6271174299278008,0.1890886641477939,-1.3303582293557141,-0.7955165894468097,-0.00019714570120041611,0.6042824181654418,LOW
0,0.5092680094653195,1.285274029440491,-1.3095521620879467,-0.7702569924182644,-0.00019054237541760307,0.9388068629898146,MEDIUM
0,-0.09968725281343595,0.6360655087989179,0.7807141511419194,1.9921995717268461,0.4754152312701288,-1.1847853145309977,HIGH
0,0.5077239991527154,1.289767423980011,-1.3081113317769753,-0.7908805732609778,-0.00016609703913600298,0.7518976571085525,LOW
0,0.29669990907385685,0.3156229984213811,0.6324952516283029,0.1893718368435138,0.023162394732983628,-1.11511223596902,LOW
0,0.6123190020250174,0.2875778613448635,-1.328901472567514,-0.7951745491297367,-0.0001952966101452851,0.6144318164268244,LOW
0,0.4046854876840261,0.577581909262649,1.572267464825179,-0.7042921042272589,-0.0002481824287824463,1.2015995365932803,HIGH
0,0.63618580528922,0.14382794025269438,-1.3323817512728489,-0.7757535088600458,-0.00021596246415263662,0.7852911295839453,MEDIUM
0,1.2111079347755835,-1.7723039126954483,-1.3303026107080986,-0.7997094177495764,-0.00010269474028846618,0.4404344232507857,LOW
0,1.0134291710939256,-1.086132607836775,-1.3373440863983728,-0.7795652577257526,-0.00017119565780277326,0.6726972697832233,MEDIUM
0,-0.014680291912989212,0.6403482227097508,0.43822413765160856,0.9243665741874674,0.47692290311314006,-1.1862091034002398,MEDIUM
0,0.40966722902616165,0.32171155976429766,0.6284950816311861,0.19202755503268332,0.0031726662961667805,-0.6356443692293521,LOW
0,0.3447509276796546,0.5219256149652223,0.7339147934122208,-0.7602752485839167,-0.00026681820910813683,0.9988742168839532,MEDIUM
0,0.3865576845131344,0.5613053201463163,1.0763024586078465,-0.7842354645923113,-0.0002757567756745752,0.8453834676250755,LOW
0,0.219607112016933,0.43370759288890737,0.6352354423487194,-0.7755909629295832,-0.00026293943796804173,0.792963651802333,LOW
0,-2.504175607625501,-1.8075200847129829,-1.3775745576208138,-0.7872769967985467,-0.004636117832363809,0.6456562592445337,LOW
0,0.5085098462466444,1.253287652250231,-1.184522677750277,-0.7108719474162094,-0.00023013934103702577,1.120456874411981,HIGH
0,0.20298075809915028,0.259024377287749,0.6319146862591281,-0.4161166046729491,0.7927602417651085,-1.2950506993007544,LOW
0,0.40311667263309214,0.5449642115816071,0.6902589752738232,2.128655015417004,0.002395097069765238,-0.36679597414641607,HIGH
0,0.21424369788642386,0.41999810083818045,0.2678383630173598,-0.24727029260554928,0.870166882369838,-1.3098437886825234,MEDIUM
0,1.1563836915247592,-1.552944925973249,-1.3312206246238447,-0.7995892985917551,-0.00010609129995992426,0.4472470351745099,LOW
0,0.5090105042422388,1.2811870971944939,-1.3030382541307903,-0.7109083423895222,-0.00022972871242735767,1.1193719196937135,HIGH
0,-0.10321220619539637,0.6387412524461092,0.78047332626542,1.993136620852426,0.4754857691758005,-1.1847664798726902,HIGH
0,0.40665049619289567,0.5803302145116871,1.6552150201707359,-0.7044493270082235,-0.0002439996119510112,1.1994061588102267,HIGH
0,0.4137037991041836,0.5635252004711938,0.4699457189344323,1.1543819830697901,0.002716662137543297,-0.4792216801330761,MEDIUM
0,0.40696712929908074,0.5807738977736147,1.6562348978742543,-0.7044716097179662,-0.00024388875123496081,1.1990696603747437,HIGH
0,0.22263510130949155,0.43163758114843354,0.632497235887229,-0.692679382068562,-0.0002567182612917298,1.1394639822631065,HIGH
0,-0.010228892713386414,0.6524405914103513,0.4427204323017322,0.9747865937097495,0.47078905534374693,-1.1842104551743124,MEDIUM
0,0.22252837768712053,0.4315604908887462,0.6324444194569958,-0.6926724734039629,-0.0002567180370118821,1.1394445480084137,HIGH
0,-0.022819589625272953,0.6511702764072987,0.43897465352677334,0.9323765354989751,0.47594014465140816,-1.1859287625394823,MEDIUM
0,0.4023752886470754,0.5752492113310858,1.4765788004174056,-0.76374099094718,-0.00024488371467497674,1.0280951944885877,MEDIUM
0,0.3470808703641364,0.5272250825962431,0.7472072592476936,-0.7822307397378414,-0.00027582999814050027,0.8230216174451623,LOW
0,0.5384861592570311,0.9303227843799651,-1.3167060260092813,-0.7925683796047962,-0.0001772656532983386,0.6959458294830815,LOW
0,0.40654005117468006,0.5801755391096527,1.6526826275530815,-0.7044413854715093,-0.00024413991131710047,1.1995257190476274,HIGH
0,0.3593901895879678,0.537017711025573,0.7946227789574872,-0.7828470340963544,-0.0002793239317067484,0.8292871161291109,LOW
0,0.2226382090604422,0.4316398259946546,0.6324987739191824,-0.6926795832445638,-0.00025671824717593783,1.1394645481571635,HIGH
0,-0.10201734628462582,0.6376521755964232,0.780570394309865,1.992758936711479,0.47544305530240855,-1.1847739365533276,HIGH
0,0.012696169918736702,0.6119179835348312,0.7420370165012063,2.1269950655328413,0.013058443560886795,-1.0925618748340273,HIGH
0,0.33371095761220515,0.5763641359914156,0.46692702259175745,1.153791619309289,0.003125269217962033,-0.6281150821467498,MEDIUM
0,0.12890178380403933,0.288897326968813,0.6318426083912506,-0.32261378692976467,0.509297357531679,-1.293600392632553,LOW
0,-0.1019835763674198,0.6376251486230099,0.7805727820964191,1.9927496390610715,0.47544196431124147,-1.184774122063643,HIGH
0,0.2059716737851179,0.13285466303461643,0.36647768096412897,0.22480291960891552,0.5735491971667732,-1.2030029126412096,MEDIUM
0,0.4062050730399449,0.5804831703764551,1.6461453457791604,-0.7640367016891572,-0.00022899576439479205,1.0245543128085246,MEDIUM
0,0.6572114206996348,0.021628879501002434,-1.3326705515036141,-0.7960900703406806,-0.00019853502905797565,0.5873142695646847,LOW
0,0.2135681521063627,0.42826934676361605,0.6176272955663046,2.1311406304470926,-7.196544389004917e-05,0.5495768375771727,HIGH
0,0.3196573919699284,0.5029978856745632,0.6931210508232301,-0.7588077907632271,-0.00026281004459730115,0.9900460501917765,MEDIUM
0,-2.504157830682261,-1.8075007777176,-1.3775486411395925,-0.7754922762571101,-0.002345951369457706,0.831151330310954,MEDIUM
0,1.2101334434644522,-1.7732262545273458,-1.3315407036527587,-0.7804112654608092,-0.00014324099551689336,0.6325309819097056,MEDIUM
0,0.4995208869415125,1.0779996498517834,-0.5602470871121796,-0.7695889159227183,-0.00021104535503869875,0.9571149742737615,MEDIUM
0,0.1434433593405187,0.6069884025608622,0.4595830884790788,1.1525229743218757,0.00429139626255045,-0.9866412722697412,MEDIUM
0,0.2845261698655241,0.4697721020214965,0.6408660098052738,2.1307433454618097,0.0004986235892166953,0.3214395763659988,HIGH
0,0.12899651412286223,0.28888258432536984,0.631839879546429,-0.3228120776646346,0.5092646070856138,-1.2936372591599012,LOW
0,-2.5041803393232,-1.807525223665411,-1.3775814558233286,-0.7353509321391204,-3.978995141881026,0.09018419164304388,MEDIUM
0,0.34257728104520335,0.5237367548046825,0.7351699244644929,-0.7820041268169097,-0.0002745634772012444,0.8210344351312592,LOW
0,0.3951862435203049,0.5389532784609274,0.6859679055715422,2.128828262327325,0.0022120804673906092,-0.30442433644607325,HIGH
0,0.2221197899925828,0.4312649563183833,0.6323467688776042,-0.6921286928796793,0.07244324811047294,1.142298101486657,HIGH
0,0.9180221994207767,-0.8282942142025862,-1.3401420689309573,-0.720224557379487,-0.00023276223634914785,0.8821565360267142,HIGH
0,0.40000176787558867,0.5714631895504778,1.3794380702889637,-0.7039261232327061,-0.00025583147447585236,1.2039584976024673,HIGH
0,0.21431688108591135,0.4256705658985056,0.2606723622258143,-0.2503601233085667,0.10188157444203504,-1.3336002382103678,MEDIUM
0,-0.0938307139749,0.6334696161138426,0.7811920441254656,1.990419045856236,0.4760067680629696,-1.1848278664336431,HIGH
0,1.212083625509982,-1.77424516695344,-1.3329084268138973,-0.7217654035958556,-0.00020945899143510102,0.8198575517576677,HIGH
0,0.18083920538362858,0.03542707186971204,0.9409805225098932,1.5420221852346245,0.5710468789375343,-1.1973853521158213,HIGH
0,-2.0501244024910106,-1.8070493593328352,-1.3769426858441276,-0.7795497196435951,-0.001283560845107382,1.1965315067181932,MEDIUM
0,0.18080004487234141,0.030995474454977762,0.9437936795617515,1.5432241971594272,0.5707797107455723,-1.1973727504479645,HIGH
0,0.22166838946448345,0.4308953226110425,0.599582498216303,-0.5249651138493855,0.8814737548140663,-1.1666693126233176,HIGH
0,0.1861620010828477,0.3018399163605518,0.41076122030360535,0.6147157218893328,0.8348075228712483,-1.137360480633237,MEDIUM
0,0.1935741834593641,0.4064937011013699,0.2081341901454316,1.1599172553562382,0.09061623092292248,-1.2613349600878516,HIGH
0,1.1807947367323974,-1.6369176877714722,-1.3303528342146858,-0.7996587246253039,-0.00010277799787239101,0.4433114481215537,LOW
0,1.209178858014115,-1.7727429826486891,-1.3315137219240984,-0.7804058794938008,-0.0001435735873399877,0.632801780559129,MEDIUM
0,0.12901969338477765,0.28888083572216694,0.6318395583356223,-0.32283561659056625,0.5092615559207109,-1.2936416099211976,LOW
0,-2.50418033932259,-1.807525223664748,-1.3775814558224388,-0.7352438409758664,-5.708324494507168,0.0896744853732391,LOW
0,0.40540141533026014,0.5785767689486773,1.605771125030887,-0.7043514436152175,-0.0002466277564647406,1.2008295160438576,HIGH
0,-1.684883231699121,-1.805637149750947,-1.375047025624402,-0.7962727988429237,-0.001468836879044663,1.139096722225142,LOW
0,-0.016604638605465172,0.6424591419330397,0.43832779751274226,0.9254580229820794,0.47686198754044967,-1.1861645206375924,MEDIUM
0,0.30240357249432415,0.31585515134017206,0.6324241506956145,0.18966734974503802,0.014001468148346507,-1.0929604459955207,LOW
0,0.2192146988176054,0.4205510051345816,0.6350506813614745,-0.7220499670433591,0.45783809539302983,-0.22221124515711466,LOW
0,0.18830605987268098,0.27297590881821304,0.6319152294764858,-0.40506838982748455,0.5286915027842314,-1.2725868737587767,LOW
0,-2.5041803346336353,-1.807525218572218,-1.3775814489865505,-0.7497071793310978,-6.09747212794539,1.1590664380840838,LOW
0,0.20784276608185434,0.4311802852517656,0.4738070734049881,1.1595947593262863,-0.00016989625323168185,0.5808630644154681,MEDIUM
0,0.47756283840642333,0.8433127897504746,0.17443313081803516,-0.7891718266052659,-0.00022682459639836034,0.793683447249747,LOW
0,0.5073299537279636,1.2824845741289568,-1.2929359311274935,-0.7908557598089058,-0.0001675302368721273,0.7527363288999049,LOW
0,0.4059591981217187,0.5801379784884988,1.6365883389034968,-0.7640187788633803,-0.00023002403754570096,1.0248208860116705,MEDIUM
0,0.1618763979395354,0.4023966719216819,0.4621799706824168,1.1597081474598694,-0.00024752371969900946,0.6060108321818684,MEDIUM
0,0.22194239277298716,0.4311197025857768,0.6209089634787458,-0.6061078861947848,0.886179149337286,-0.4552108342989415,HIGH
0,0.4984305388042275,1.0909289856859337,-0.594957685594852,-0.7903106689764532,-0.00019069512352487534,0.7696727028548062,LOW
0,0.5094892639092148,1.287874572443135,-1.3096314744215554,-0.7702725603529488,-0.00018992591862130708,0.938332635963621,MEDIUM
0,0.2068003977086952,0.41831892739107657,-0.032483485400902574,0.7006971630605351,0.7381625814527677,-1.1917209728611353,HIGH
0,-2.504180339321689,-1.8075252236637693,-1.377581455821125,-0.7348524312047159,-5.519510260322687,0.07355693676622636,LOW
0,0.13974829807918795,0.28856350384050206,0.6318032750486895,-0.32729871275534006,0.5098760752322742,-1.294398388207296,LOW
0,0.1612108911648384,0.6039989902618236,0.4603153143803605,1.1526438710822016,0.004047350574529846,-0.9480096205348693,MEDIUM
0,0.19335035632838735,0.38926417065156554,0.242050161225313,1.1668172749666261,0.6893923743760352,-1.1701467356799742,HIGH
0,0.4064116569725379,0.5799956463793653,1.6489134797925706,-0.7044319952447669,-0.0002443540036741853,1.199666519246853,HIGH
0,0.14873278763185496,0.26729653287261096,0.5716217406304503,0.20197648150203568,-0.0002608822662321318,0.5923366703146558,LOW
0,-2.5040322332991747,-1.807364370233897,-1.37736553641927,-0.7876829301811495,-0.0029236631883661174,1.6046167134317053,LOW
0,0.036963484841905044,0.19955343630283875,0.5273126430923637,0.20395189185986207,-0.0002661197525103584,0.5706584980084753,LOW
0,-0.09382414254242895,0.6334699476407804,0.7811944659113532,1.9904105295373444,0.47600830545505984,-1.1848281030364212,HIGH
0,-0.014344861800279452,0.6400514786209067,0.43821014686214244,0.9242203300384402,0.47691929917207815,-1.186215226633214,MEDIUM
0,-2.5041799471567616,-1.8075247977454136,-1.3775808840954449,-0.7747233712978978,-0.6288510883205921,0.4996121590759303,MEDIUM
0,-2.415918552634009,-1.806842277402204,-1.3766647122464717,-0.7887378948783214,-0.002461521011182368,2.0917770144557513,LOW
0,0.505390244551068,1.183608619074626,-0.927789378795435,-0.7106416872293934,-0.00023369781616524929,1.127032337197297,HIGH
0,0.6077164168818463,0.33158847392461605,-1.32962706880463,-0.7750007897696548,-0.00021187020320092174,0.8041922257760168,MEDIUM
0,0.3907205632475053,0.5678452711245803,0.46893649677903465,1.154178625178777,0.0028538348107821176,-0.529367754598385,MEDIUM
0,1.1493811708742885,-1.5228298560670113,-1.3329329081594397,-0.7802512241412418,-0.00014687281133725138,0.6405515215315097,MEDIUM
0,-2.346773766901843,-1.806659478412405,-1.3764193345223632,-0.7893329604063009,-0.0023726934423937435,2.022452036578864,LOW
0,0.5091375686647202,1.2842996533934627,-1.3110818270547318,-0.7109179475589502,-0.0002294650015279218,1.119085254878106,HIGH
0,0.1397483953472349,0.2885634920135178,0.6318032754757097,-0.3272988960228273,0.509876100271628,-1.2943984168464862,LOW
0,-0.032699823141914205,0.527187656719502,0.8053046781355508,1.9087075231334392,0.491515393406004,-1.1880114967170177,HIGH
0,0.19050277897470927,0.28840420216571444,0.45022704286873033,1.2666789772404767,0.6261153531049797,-1.1612986159758223,HIGH
0,-2.5041798442134198,-1.8075246859417926,-1.3775807340173831,-0.7831562945498445,-2.55130752079029,0.5744724041478665,LOW
0,-2.5040995175987137,-1.8074374456576576,-1.3774636282150197,-0.7757043602386006,-0.0019238343935889044,1.1836000442837702,MEDIUM
0,1.2106906225296397,-1.7741756961301494,-1.332815173604294,-0.7217460701649998,-0.00020980724069251998,0.8207712477130363,HIGH
0,0.24792207166605765,0.5897610568924568,0.46374062894248524,1.1532171979875554,0.00355773591286113,-0.7825437686202169,MEDIUM
0,-2.5040253556780727,-1.8073594416031875,-1.377358920539238,-0.7876919609121185,-0.002909408925473259,1.6208361330193126,LOW
0,0.4894283358799246,0.9404686948351841,-0.13765943906673347,-0.7095721107684096,-0.0002462557825609259,1.1487196107639344,HIGH
0,0.5091538963530796,1.2834205957071112,-1.3091786660702183,-0.7702488635579219,-0.00019097211621189287,0.9390544593789827,MEDIUM
0,0.34475092767966264,0.521925614965231,0.7339147934122384,-0.7602752485839167,-0.0002668182098627154,0.9988742168839564,MEDIUM
0,-2.504180339321689,-1.8075252236637693,-1.377581455821125,-0.7348524545884719,-5.519524695363789,0.07355697995296034,LOW
0,0.40346175513949173,0.5759184782103595,1.517226181798627,-0.7041926012729506,-0.0002505760481736648,1.202657917642802,HIGH
0,1.2092578376515104,-1.7741390441102889,-1.332765974266665,-0.7217354720435993,-0.00021011934359261338,0.8212727162148173,HIGH
0,0.2354624004296505,0.447866347775951,0.4784359066619522,1.159330289023116,-5.134998389976346e-05,0.5344499695946645,MEDIUM
0,0.3672531341876774,0.5435538015113144,0.8420338048690542,-0.7832402605831379,-0.000281044455620235,0.8339027255194547,LOW
0,0.39187492501533083,0.5468571463435801,0.47375271426057247,1.1551872063708577,0.0021497966850479466,-0.2874736476813616,MEDIUM
0,0.22175859063489275,0.43177322366094295,0.6332772904487026,-0.7529512360466695,0.004989749670265342,0.9706098798449901,MEDIUM
0,0.5073923109731938,1.2854001945748812,-1.3078655336661604,-0.790859745734774,-0.00016728005320713356,0.7526015311353469,LOW
0,0.5038498101144928,1.188642310700544,-0.9342550477862833,-0.7906389121542513,-0.00017707381620876348,0.7598916739247885,LOW
0,0.2221303131898155,0.4312729590179674,0.6322481067458617,-0.6926443586747388,0.005050052903304398,1.1394137475247244,HIGH
0,0.20855652134523273,0.25362350313280485,0.6319114574248134,-0.4200694687544004,0.8784568442449218,-1.3209604248924964,LOW
0,0.18080805970995026,0.03178104041480476,0.9431760607901933,1.5429797193308263,0.5707645269700635,-1.1973750152032014,HIGH
0,0.15231133892386642,0.17350212244513924,0.8813630985515378,1.7035040798650125,0.49584879796914183,-1.07673584217588,HIGH
0,0.2802785687781642,0.3148304024047897,0.6326180352494921,0.1861578476254138,0.14542261859815678,-1.1741665552103326,LOW
0,0.17974973928473773,0.2791465345176617,0.6319115585148773,-0.3959243801294875,0.5180416605518542,-1.2800418401079106,LOW
0,0.2102525108379042,0.42149040698170875,-0.08490047287843143,0.5437560524237217,0.7663974133102291,-1.2037417526484955,HIGH
0,1.211143242044784,-1.7723066552577322,-1.3303062921490747,-0.7997099929281,-0.00010267833755102479,0.4404018137517823,LOW
0,0.21322127628641388,0.24890832239833866,0.6319188824564705,-0.422825116156045,0.07714221088106123,-1.349661940053939,LOW
0,0.16949435967903728,0.3280346375942389,0.4118280632529459,0.6270067168365014,0.4997778034640562,-1.0785096614902225,MEDIUM
0,0.2160260368772284,0.42707599675731167,0.32177875449329035,-0.3227730392517401,0.654921734693216,-1.3022238600300087,MEDIUM
0,0.1808959980257755,0.03965835638758714,0.939551284244762,1.540415604456003,0.5718980651699469,-1.1974225795371474,HIGH
0,-0.10315704304199132,0.6512976898306411,0.7741397081542815,2.017442019942848,0.4711878189643883,-1.1841701343569389,HIGH
0,-1.2563541973810186,-1.8064890318164866,-1.3761905378652568,-0.7861684401606234,-0.0005552643295633757,0.4649507669452184,MEDIUM
0,0.34988664199124814,0.3174505671132927,0.631492383708295,0.1904473430875243,0.004139355796313923,-0.9497294158498909,LOW
0,0.19424473315833127,0.4070747549750124,0.17822848918953296,1.1520716553067485,0.6361301599108096,-1.1914321840893343,HIGH
0,-2.5014349362803374,-1.8075277000091337,-1.3775847799094596,-0.7348181787487171,-0.00021708770713784533,0.07405224098613795,HIGH
0,-2.5040322331952645,-1.8073643701210436,-1.3773655362677824,-0.7876829303884522,-0.002923659133789349,1.6046170896617662,LOW
0,-0.7020957676548261,-1.8038105635266681,-1.3725951325855275,-0.7875363062116595,-0.00029215066091653664,0.2810555834082745,MEDIUM
0,-0.10189157849404928,0.6375523716662137,0.7805792132725088,1.9927245967721752,0.4754390766741024,-1.184774622163652,HIGH
0,0.09174561152036434,0.6157092867157887,0.4571379551662978,1.1513524439679197,0.04493050900040286,-1.1410364458003477,MEDIUM
0,0.20598592958654052,0.1339731152283696,0.3663862642492681,0.22408484208079746,0.5737738673141075,-1.2030390352431781,MEDIUM
0,0.40321888764274844,0.5455215271425843,0.6906617094872017,2.1286392012547384,0.002411749836209633,-0.37256706435214015,HIGH
0,0.18080748904121938,0.03172164716135271,0.9432199036731347,1.5429971634476443,0.5707644595736195,-1.1973748574776133,HIGH
0,0.4093878182733695,0.5589010558938311,0.4710201017297249,1.154602140856886,0.0025566350953986987,-0.425582672453658,MEDIUM
0,-0.10197602883983403,0.637619131433787,0.7805733137336812,1.9927475689411134,0.4754417227135491,-1.1847741633795568,HIGH
0,-0.10427054142799694,0.6399416429086053,0.7803606781309198,1.993573617897531,0.4754789452708744,-1.1847581722972818,HIGH
0,0.5093216999793535,1.2867082720816791,-1.3111491600465555,-0.7109316907454702,-0.0002291510829925925,1.118674596829951,HIGH
0,0.5072546083334174,1.2773867797983123,-1.2615192679760492,-0.7908512358963784,-0.00016762975892966648,0.7528893288340487,LOW
0,0.406715630399091,0.58042143172939,1.656309945207071,-0.7044539619911283,-0.00024394072168728654,1.1993362279389967,HIGH
0,0.9759002387026171,-0.9815273758872148,-1.3381022753860878,-0.7793504341839559,-0.0001785924262096927,0.681773096981088,MEDIUM
0,1.2118055428728411,-1.7732734577368008,-1.3316040662354478,-0.7804236046174572,-0.00014261544496728474,0.6319113028752742,MEDIUM
0,0.23147155725831067,0.5924132147133506,0.4631057361422286,1.1531081788336113,0.0036444186096945956,-0.8129851481735568,MEDIUM
0,1.1506118566766386,-1.5316121520936774,-1.3314727025044124,-0.799567425728529,-0.00010705481607849647,0.4484865983122631,LOW
0,0.3505456826668794,0.5264309295218927,0.7500345156453712,-0.7606101058116276,-0.00026811903927103563,1.001585486619318,MEDIUM
0,0.39820056636899875,0.32328524924082647,0.6272821369349425,0.1926893478487263,0.0027890652581325534,-0.5107362250179429,LOW
0,1.2120602432784289,-1.7742407828892897,-1.3329025419253389,-0.7217642174878358,-0.00020947032814902096,0.8199135815280025,HIGH
0,0.18080518583434066,0.031487096072925436,0.943397205942943,1.543067511537238,0.5707660377515874,-1.1973742176461102,HIGH
0,0.1696570624285115,0.146607187924195,0.8838663534727569,1.6955989620478407,0.9190371081157444,-1.1818432887753445,HIGH
0,-2.5041803393384354,-1.8075252236819572,-1.3775814558455393,-0.7368829928671335,-6.098008053282727,0.41159792978668036,LOW
0,-2.504173661652255,-1.8075272376464582,-1.3775841592632454,-0.7348254602302589,-0.00021544198558181863,0.07380956939577207,HIGH
0,0.5091611019615941,1.2835746487484845,-1.3094899804532742,-0.7702493785054136,-0.00019094345930641615,0.9390387757878118,MEDIUM
0,0.5134928338495336,1.220100259825938,-1.3099112842794378,-0.791227699267391,-0.00016816752443778906,0.7402188166813417,LOW
0,1.2087544933170382,-1.774127794445069,-1.3327511079132626,-0.7217322112910712,-0.00021022783413438077,0.8214271172373109,HIGH
0,0.8367504616948361,-0.6053634858998004,-1.3390552550156736,-0.7783977918458064,-0.00020394326227183058,0.7161227334509188,MEDIUM
0,-2.4919926509919077,-1.8073377696506938,-1.3773298294901803,-0.7759859467938008,-0.0017473745038426314,1.4416770163336583,MEDIUM
0,-2.504180339321689,-1.8075252236637693,-1.377581455821125,-0.7348530644658644,-5.5198991174054415,0.07356056747214315,LOW
0,0.2102911309863556,0.421522842744661,-0.08544107421610575,0.5415424112527111,0.7666068711287636,-1.2038915800435708,HIGH
0,0.2216603823927436,0.4316933490328018,0.6303432041704884,-0.7414807458684388,0.47706855739619813,0.7838652519543762,MEDIUM
0,0.09084870711971811,0.2885301083589358,0.8576589168639933,1.765719788040523,0.5213190283729753,-1.1770552230525573,HIGH
0,0.18978649640823733,0.2717218082802907,0.6319155153997106,-0.40639876807665604,0.538474579450736,-1.2717087032253989,LOW
0,0.2140948131296996,0.4057873647786331,0.2834817594534061,-0.236755975177288,0.591393502473453,-1.2621588795659564,MEDIUM
0,-0.005864640203872595,0.6354159138311954,0.43791741316303817,0.9210327066929014,0.477431606840488,-1.1863559264178387,MEDIUM
0,1.1712868173140853,-1.606259452930712,-1.3306015740095554,-0.7996388502966579,-0.00010365104898785034,0.4444361610498943,LOW
0,0.3351970940484041,0.5180990290953017,0.719511063524168,-0.7816310569601964,-0.00027262758668555187,0.8181019188626112,LOW
0,0.1289263747154169,0.2888912754854024,0.6318414816228599,-0.32269511891314645,0.5092826607218738,-1.2936155585463947,LOW
0,0.2059406527104345,0.13060044149448313,0.36667833410065964,0.22637002855250998,0.5733111223473949,-1.2029260653102898,MEDIUM
0,1.050209186312364,-1.1964804887197609,-1.3376353821885316,-0.7210406889956233,-0.00022079406786767235,0.8525435586489072,HIGH
0,1.197425008726181,-1.7021046038914518,-1.3301415078788756,-0.7996776323979129,-0.00010379251551234367,0.4422403867300979,LOW
0,0.2221213060231161,0.43126617130346695,0.6323358595387475,-0.692246111436731,0.06490719099945341,1.1419401433029421,HIGH
0,-2.504180339322327,-1.8075252236644628,-1.3775814558220558,-0.7351726501734516,-3.9681815667716784,0.08091313540152244,MEDIUM
0,-2.5041801445564413,-1.8075250121351796,-1.3775811718786153,-0.7711161951829861,-1.6472664727084978,0.5237393270447417,MEDIUM
0,0.205937734865026,0.13050767822807205,0.36669734460346887,0.2265179781196064,0.5733226359838005,-1.2029185950209849,MEDIUM
0,0.4059275710596332,0.579315736503514,1.6299820011271484,-0.7043946470232809,-0.0002454067373752063,1.2002178040066398,HIGH
0,0.17484932651641988,0.11901086521620771,0.8913491997232004,1.6881534996413483,0.5345445477042037,-1.1876636259478728,HIGH
0,0.3798418739887412,0.5289677035577548,0.6789739898975226,2.1291215130990087,0.0019167144682869033,-0.2023823378243213,HIGH
0,0.2199684241254085,0.4303079266078113,0.529457554472745,-0.5500058661336008,0.6859698808920192,-1.2988111470152117,MEDIUM
0,0.39573396013439044,0.567149101999036,1.2461993060311025,-0.7632713444209718,-0.0002618432580699098,1.029086882866732,MEDIUM
0,0.18079839785595653,0.030847803056914928,0.9439204974035852,1.5432742920357234,0.5707868262033625,-1.19737226296259,HIGH
0,-2.504099517999612,-1.807437446093066,-1.3774636287994844,-0.7757043589679513,-0.0019238353231168016,1.1835983158960146,MEDIUM
0,0.4062830583510588,0.5805924978494373,1.6488178810813217,-0.7640422169187298,-0.00022870689696427877,1.0244718538761044,MEDIUM
0,0.17345407745968058,0.14075815450953974,0.8843716116041792,1.694234391087199,0.3335577343412648,-1.2029498944879284,HIGH
0,-2.5041792133770584,-1.8075240008096778,-1.377579814339658,-0.7872332395421006,-0.032654022305865865,0.5395902771891771,LOW
0,0.10923967235625529,0.43634498062348515,0.42072929740481124,0.7205164908504392,0.5056673351429101,-1.1843854007081167,MEDIUM
0,0.18134587806137464,0.050085532345403576,0.936798907488246,1.5290711897604243,0.5744601446622709,-1.1977321628106832,HIGH
0,0.2549500464597948,0.45956473851735175,0.4804837126572089,1.1590354347660303,7.787295781983346e-05,0.48271032492608507,MEDIUM
0,0.3194280428848288,0.5062817015383417,0.696881580249806,-0.780826407981111,-0.0002689429109004608,0.8129426370855077,LOW
0,0.5090448358879556,1.277205029909427,-1.2732835186538976,-0.7702411920509824,-0.00019124572138711103,0.9392880930366915,MEDIUM
0,1.2088723450662109,-1.7741305068165132,-1.3327545143471162,-0.7217329607238606,-0.00021020246141340005,0.8213916256550792,HIGH
0,0.19895757469914996,0.2629272499447141,0.6319155943687642,-0.41321938565512834,0.6722871097154799,-1.2803452596689628,LOW
0,0.13974814160456087,0.28856352285504483,0.6318032743621621,-0.3272984181111476,0.5098760349757621,-1.2943983421627934,LOW
0,-0.7951229252873172,-1.8055973716347329,-1.3749936300140835,-0.7315255535319337,-0.00021798345326237692,0.3111920702745277,HIGH
0,0.1810563195116202,0.04341758388039235,0.9398078026855703,1.5363217852750137,0.5728306111531342,-1.1975447469642968,HIGH
0,0.2142535358941685,0.4211220784406233,0.2665873773882318,-0.24801411980433333,0.7814262683879349,-1.3161596935811068,MEDIUM
0,-2.5040305275268184,-1.807362568477096,-1.3773631178556676,-0.7876862368131254,-0.002918330929130577,1.6105952953180174,LOW
0,0.2138906788537998,0.3927027988537493,0.2957330960665711,-0.22445615348215583,0.6406945559787984,-1.2487778623364179,MEDIUM
0,0.3538467707394044,0.5290309869466543,0.7610600921376489,-0.7608001877404702,-0.00026890614820978273,1.003269793652474,MEDIUM
0,0.16916089250620253,0.14731090034794517,0.8838108823394734,1.6958080306848637,0.9238349246161293,-1.178258019231163,HIGH
0,0.21029344402455255,0.42152475510384757,-0.08537842367621,0.5414063963259504,0.7666196794371154,-1.2039005262544218,HIGH
0,1.2078476362403552,-1.7699510570542623,-1.3327389737234385,-0.7217297733497111,-0.00021030624308184025,0.8215425931564857,HIGH
0,-0.01484679029799184,0.6405034166264072,0.43823148050728755,0.9244434048219382,0.4769243729188301,-1.186205897402293,MEDIUM
0,0.3586297298629133,0.31771930143603455,0.6313037176786418,0.19054182417235097,0.004061634130066649,-0.9294128577072984,LOW
0,-2.504180339321689,-1.8075252236637693,-1.377581455821125,-0.7348524340104571,-3.9365034140890827,0.07355693919202225,MEDIUM
0,0.2211750956193348,0.43049108752699333,0.5617817598339395,-0.4440933748070305,0.8923453947053783,-1.2678083580287323,HIGH
0,-2.5041775477964103,-1.8075221918733806,-1.3775773861387577,-0.7872577517663659,-0.0047775965225140965,0.5978762164564113,LOW
0,0.5164294008777304,1.1835424333653364,-1.3107933590418162,-0.7913990149405846,-0.00016936234381708892,0.7344861684424786,LOW
0,0.19351071388477253,0.4032938035638557,0.21646892104903662,1.160796039651539,0.6352749861772148,-1.25407747098994,HIGH
0,0.13421989825166686,0.28874271391713663,0.6318161085903253,-0.32470871593426137,0.5092913784417908,-1.2939746830787926,LOW
0,0.33126696220586305,0.5151287422399334,0.7127363932348969,-0.7814314956604739,-0.0002716778903538355,0.8166868698708265,LOW
0,1.2113905750100387,-1.7742963159469927,-1.33297708596591,-0.7217789317772983,-0.00020941376637728825,0.8192185633923195,HIGH
0,0.5049290640456142,1.2104585667213807,-1.016237046602406,-0.7907063438808926,-0.00017431058580403208,0.7577206679989118,LOW
0,0.20592873609378665,0.1303594481436575,0.3667564311299064,0.22697711329150858,0.5734006883623816,-1.2028947483714356,MEDIUM
0,0.2127690286966737,0.34659544434766437,0.31490986788637376,-0.15518901406025581,0.624501022579689,-1.2227033821744069,MEDIUM
0,0.5384861592570392,0.9303227843798729,-1.3167060260092813,-0.7925683796047962,-0.0001772657205387952,0.6959458294830674,LOW
0,-0.07560963352515192,0.6404802881388364,0.7649253705559963,2.052504903321538,0.46462891868225975,-1.181951405495837,HIGH
0,0.5079764034666955,1.2902246435164586,-1.3081948115043536,-0.7908961431095779,-0.00016584136635055562,0.75137198095412,LOW
0,0.45976698473354427,0.7282188200981589,0.6010830077244406,-0.7882759682166117,-0.00023665691484290308,0.8050436820131437,LOW
0,-0.005626649789208878,0.6353690635649986,0.43790110536418864,0.9208246045761779,0.4774797604908891,-1.1863657947591624,MEDIUM
0,-2.50343259751457,-1.8075274797988823,-1.3775844843132403,-0.7348220603330243,-0.00021632589799955632,0.07391166427424646,HIGH
0,0.35560079307999143,0.533955252389734,0.7772296062228791,-0.7826576485613959,-0.0002782848818658739,0.827226437655899,LOW
0,0.3389901433000993,0.5167779679342737,0.7197703100234616,-0.7001109804041141,-0.0002591075430398713,1.1652042030055838,HIGH
0,-2.5040322332651197,-1.8073643701969113,-1.3773655363696224,-0.7876829302491035,-0.0029236617071902397,1.604616836755288,LOW
0,0.3132275580601329,0.3274662357979948,0.6168208695104513,0.19728632847375335,0.0006754728494968461,0.23639547156712332,LOW
0,0.5065643743346245,1.205920127839164,-1.0076694539848798,-0.770067590846654,-0.00019695192104534454,0.9444807475632397,MEDIUM
0,1.1526902362247733,-1.5381202230909896,-1.3340012337177036,-0.7215819559056731,-0.00021167598293233094,0.8285177109134988,HIGH
0,-0.00446809643967377,0.615037578001987,0.7445348404892101,2.126338847156016,0.055280423853114755,-1.1480911168447911,HIGH
0,0.5087658267111206,1.2655064273792762,-1.221966397058168,-0.710891122100163,-0.00022979029767267084,1.1198856621241824,HIGH
0,0.32515821364403635,0.5063563170540213,0.6981796358327652,-0.6992448333099326,-0.0002581864327712009,1.1604700902006613,HIGH
0,-0.09357046466054204,0.6477401116408859,0.770899221908036,2.029740680955621,0.4689119689591415,-1.1834715458834442,HIGH
0,0.4103043123681792,0.31925544126434346,0.6302239014502513,0.19109220222008633,0.0037338026300826016,-0.8178614568348014,LOW
0,-2.5041791571536094,-1.807523939747106,-1.37757973237315,-0.7872350234502107,-0.004949764760675042,0.542058116619114,LOW
0,0.17376367631203882,0.1401598289657726,0.884440164482156,1.6941563527004444,0.2549596402416373,-1.2041460655147542,HIGH
0,0.40696712929907264,0.5807738977736016,1.6562348978744192,-0.7044716097179662,-0.0002438887465166711,1.1990696603747524,HIGH
0,-2.5040995180729064,-1.8074374461726685,-1.3774636289063376,-0.7757043587356703,-0.0019238351200325456,1.1835979999406605,MEDIUM
0,0.31187766937154177,0.5607086138469312,0.7018021331279999,2.128228449528102,0.0028327488184064385,-0.5298958047056732,HIGH
0,-0.005622327278676423,0.6353684485233281,0.4379007601938886,0.9208201497592892,0.47748067259474436,-1.1863660072512057,MEDIUM
0,-0.09447617740338637,0.6335816088513995,0.7810732405154546,1.9908404930032273,0.47587700919269355,-1.1848165868471146,HIGH
0,0.4031663039269738,0.5457106015975163,0.6907984521741182,2.128633844425813,0.002417342456145629,-0.3745253162545393,HIGH
0,0.5520331948874053,0.8071562918570149,-1.3208161588302803,-0.7728030196942289,-0.00020073119948563987,0.8637973090219478,MEDIUM
0,1.157182451958187,-1.554737588874455,-1.333804231515637,-0.7216039593286863,-0.00021130204863827734,0.8274810333380819,HIGH
0,0.2840610747040655,0.3150373654625637,0.6325987035083042,0.18756331164880558,0.09081957074065392,-1.162869946934297,LOW
0,0.005205177919615492,0.6286781548165672,0.4363709105733145,0.9008283885758029,0.48035473814762364,-1.1874192958072929,MEDIUM
0,0.21933852728746148,0.4247067979560545,0.6351126832281737,-0.7378702829485566,0.4493705991272307,0.07009684033831483,LOW
0,-0.016744293256981325,0.6426307930855856,0.4383367166227671,0.9255525803589443,0.47684608410314444,-1.1861607753738919,MEDIUM
0,-0.021870357030522144,0.6495942859959826,0.4388122767787513,0.9306350654682343,0.4761538729663819,-1.1859826339282704,MEDIUM
0,0.0015540174634707598,0.6332138358733845,0.4368872470389983,0.907564880841097,0.4793869853592755,-1.1870456761068653,MEDIUM
0,0.20594701973864574,0.13093795857244514,0.3666369817096922,0.22604790022646745,0.5733133426344856,-1.2029420086400024,MEDIUM
0,0.3790986940099596,0.550315630119811,0.9324736856303943,-0.762250561909925,-0.0002732597899598963,1.019557535076956,MEDIUM
0,0.17890209561421228,0.04864349064043842,0.9403028720732115,1.593026165363754,0.5598264807401337,-1.1938189191027684,HIGH
0,0.5088775006678349,1.2723714798516705,-1.2506486192777932,-0.7108988994809281,-0.00022979203315649883,1.1196535936110772,HIGH
0,-2.496006768800382,-1.8075279239331454,-1.377585080490795,-0.7348118042546297,-0.0002178826484001484,0.07433355612395814,HIGH
0,0.4116691377376049,0.3214184502548684,0.6287033618026663,0.191911788086634,0.0032412944260085267,-0.6578666756425126,LOW
0,0.5073506360632113,1.2837132845807224,-1.3002373470384463,-0.7908570768284954,-0.00016746090152653309,0.7526917873854563,LOW
0,-2.504179808464762,-1.807524647116266,-1.3775806819004686,-0.7753062734143856,-0.06990161948315445,0.4961962620682812,MEDIUM
0,0.5799522361336976,0.5524283101845514,-1.3259038725593393,-0.7740416308246119,-0.0002064002690380768,0.8294708308452295,MEDIUM
0,0.49326344948701883,0.9874070918569943,-0.2767181252761836,-0.7691899296449667,-0.00022160742006068352,0.9656492418948583,MEDIUM
0,0.20540328655928808,0.1352677345458743,0.370326698730131,0.2545591171468275,0.5699950189154886,-1.201167688492759,MEDIUM
0,0.21185103602745287,0.31410573253714835,0.32323390503258503,-0.09965326554662272,0.6168219911676501,-1.2187314338773738,MEDIUM
0,-0.07920789251582196,0.6419499711740869,0.7661227693039446,2.047920062126593,0.4654959913653598,-1.1822520369084224,HIGH
0,0.9061858887038687,-0.7945245630131264,-1.3389599280492175,-0.7789103845372951,-0.0001921052111026747,0.6987826301926221,MEDIUM
0,0.5045515575881664,1.166046221108572,-0.8601198793805256,-0.7699272094894308,-0.00020111002901103547,0.9484564386382818,MEDIUM
0,1.2111934515911014,-1.7741921152612794,-1.3328372136004285,-0.7217507287021546,-0.00020969398432872763,0.8205509793570898,HIGH
0,0.5007415271974714,1.0988378065614164,-0.6320272810989411,-0.7103114832368272,-0.00023816060524476274,1.135281683059807,HIGH
0,0.19341329631960993,0.39417794230818903,0.23274633728546867,1.1645323927189626,0.8411264253371089,-1.1933555342338136,HIGH
0,0.7750039794208186,-0.42274229834706795,-1.3397174313210647,-0.7190231354984481,-0.0002410076492562686,0.9133072905586185,HIGH
0,-2.504180339321689,-1.8075252236637693,-1.377581455821125,-0.7348525980237967,-5.51961303513707,0.07355764068975018,LOW
0,0.21317136071880674,0.24895520720257014,0.6319159542898896,-0.42278074210216027,0.11630809937456961,-1.3489883602707682,LOW
0,0.5085510595219155,1.2549129802223844,-1.1894843418399303,-0.7108750150757546,-0.00023006571136684737,1.1203656405796878,HIGH
0,0.19754991534906907,0.3027366754191138,0.6329672741942867,-0.08871979188239364,0.4739377617037101,-1.192379489975533,LOW
0,0.5073749373984129,1.2848605440426275,-1.3060707989610436,-0.7908586386797058,-0.0001673591328607287,0.7526389680019765,LOW
0,0.21397877434603935,0.3978550094658109,0.2913930980224279,-0.2298072081141044,0.637579404513775,-1.2538270895867825,MEDIUM
0,0.21600611887593227,0.3182352216869396,0.6334013216315589,-0.5277536180390859,0.5420241210001986,-1.369624904153657,LOW
0,-2.5041803393223554,-1.8075252236644936,-1.3775814558220971,-0.7351876214577245,-5.685024114083078,0.08557314251550104,LOW
0,-2.504179177106461,-1.8075239614172893,-1.3775797614618241,-0.7872346555502238,-0.004954045394870747,0.5411604850183079,LOW
0,-2.503045038939249,-1.807410241294385,-1.3774271108100113,-0.7757819013230228,-0.0018527562758405265,1.2789835641155534,MEDIUM
0,0.41917683172534587,0.31957839532319215,0.6299975300706753,0.19121111187684572,0.0036658635158260187,-0.7943877289430252,LOW
0,0.3663514421097908,0.54279020143596,0.8356915465669608,-0.7831950837665766,-0.00028089336577734954,0.8333539071523285,LOW
0,0.22241821487626795,0.4314809169004357,0.6323899036396622,-0.6926653419771417,-0.00025671774454103115,1.1394244865008099,HIGH
0,0.15606141094822348,0.1670182204176181,0.882072848115479,1.7016988132932622,0.562315525540305,-1.0814506850819492,HIGH
0,0.40662951921075774,0.5803008384239217,1.6547944973239856,-0.7044478271028725,-0.00024402255728805348,1.1994287678888225,HIGH
0,1.2103990279610588,-1.7722696284298134,-1.3302565896929746,-0.7997021122714596,-0.0001029920069243422,0.4408487770393678,LOW
0,-2.5040995153524745,-1.8074374432180471,-1.3774636249402419,-0.7757043673583547,-0.0019238278880786023,1.1836097287130887,MEDIUM
0,1.2109822623371516,-1.7722957283279803,-1.3302916245343526,-0.7997076923467827,-0.00010275035739077392,0.4405322543541556,LOW
0,0.19736096369519063,0.25146821115391293,0.4036626855858489,0.5534816829332282,0.5280262719101951,-1.1867122502052119,MEDIUM
0,0.20495957773031587,0.2571064127794261,0.6319138951694017,-0.41752995417401617,0.8407844079050086,-1.3038468133842498,LOW
0,0.5091532314864636,1.283402625523387,-1.309131422520633,-0.7702488160372566,-0.00019097475264359383,0.9390559066907417,MEDIUM
0,0.17868979713872088,0.05251861213556873,0.9375258424372396,1.5981708442546938,0.558594295202706,-1.1933077090619242,HIGH
0,0.21029975855078106,0.4215299721464098,-0.08513747588199418,0.5410346520209056,0.7666394163110862,-1.2039261129805172,HIGH
0,1.2077273514854197,-1.7716157591968753,-1.3301652826920187,-0.7996870737830698,-0.00010402155917180055,0.44170322332119705,LOW
0,0.40665693660451474,0.5811160743509963,1.65746020148404,-0.7640677554059447,-0.0002278122676311233,1.0240884745342824,MEDIUM
0,0.21028565713144395,0.42151831029477366,-0.08553643386106717,0.5418634998449174,0.7665718821115871,-1.2038706997788229,HIGH
0,0.40644244526681916,0.5808157597041884,1.653517093763886,-0.7640532646977717,-0.0002282067166085025,1.0243062453564296,MEDIUM
0,1.2080809843342952,-1.7667176705280805,-1.3315015900594704,-0.7804038134668742,-0.00014368971457516958,0.6329057100426189,MEDIUM
0,-2.504180339321689,-1.8075252236637693,-1.377581455821125,-0.7348592410786451,-5.523622180067903,0.07358979110744268,LOW
0,0.1790209196997052,0.0464569172893388,0.9418658267837247,1.5901299983768535,0.5605192042433067,-1.1941091479096748,HIGH
0,0.21322079287619383,0.24890831116769296,0.631918732567244,-0.42282331000922246,0.07840757561494732,-1.3496336188268783,LOW
0,-2.5041803372657276,-1.8075252214308528,-1.3775814528238,-0.7468943397809045,-6.17750381335616,1.269369463870717,LOW
0,-0.08083380756874924,0.6426130274146551,0.7666639499518831,2.0458523279596217,0.46588648391252657,-1.1823905038478353,HIGH
0,0.1813209821447737,0.0495162658889737,0.9373167990220352,1.5296898138481203,0.5743607642398194,-1.1977180268150323,HIGH
0,-0.014516050534633621,0.6402003780748462,0.438217160980056,0.924293626343899,0.4769212149603424,-1.1862121544242525,MEDIUM
0,0.6025615940497093,0.3602147243365143,-1.3277890864611817,-0.7949204407205517,-0.0001935628214983776,0.6220447031868201,LOW
0,0.3750639040446867,0.5503705238484143,0.9106155095677508,-0.7836342637266911,-0.00028140425684081643,0.8387778890846921,LOW
0,-0.01287382501066919,0.6389381753367316,0.43815748906423285,0.9236707218847029,0.4769090544502824,-1.186238432312306,MEDIUM
0,-2.5040995180805927,-1.8074374461810163,-1.3774636289175433,-0.7757043587112858,-0.0019238349348573566,1.1835979667822625,MEDIUM
0,-0.10178928156410602,0.6374728478813871,0.7805862447390118,1.9926972167357138,0.47543601659242046,-1.1847751697184432,HIGH
0,0.12897960818390566,0.2888840194989799,0.6318401433906901,-0.3227927590529209,0.5092672286393453,-1.293633684558131,LOW
0,0.45065742592636193,0.6792082048653102,0.818180952846642,-0.7072776968424195,-0.00025068205351150123,1.1673805328997147,HIGH
0,0.40315766402697173,0.5450616466160582,0.6903293486354953,2.12865224810772,0.002398023215426603,-0.3678048198647835,HIGH
0,0.055217761886138104,0.21076146789068395,0.53470941148219,0.2036399994104044,-0.0002659184560842271,0.5744709263326384,LOW
0,0.07996886018564761,0.599787311782049,0.7322087840190399,2.1273779873792376,0.003967740788833651,-0.9314914008774169,HIGH
0,0.4012346198489996,0.5730110873282122,1.425612749783389,-0.7040187187761913,-0.00025419136298399016,1.2037498647544864,HIGH
0,0.28827649532558514,0.4792142865823846,0.6671127675926566,-0.6969033408390172,-0.00025710730040590926,1.151665784353169,HIGH
0,-0.01406154174514197,0.6398156751300147,0.4381990507488599,0.9241044487109195,0.476916224808907,-1.1862200944894516,MEDIUM
0,0.18088461679742063,0.03927393071731667,0.9395379731150653,1.5407112421216254,0.5718094402229543,-1.197413680457917,HIGH
0,0.4155373968182201,0.3194072996995875,0.6301182472485456,0.19114781613928056,0.003702234890352675,-0.8068673533348072,LOW
0,0.22017995535823057,0.4304812085997405,0.5416902740961286,-0.5642465698506022,0.6850968064686273,-1.2814542908756277,MEDIUM
0,0.5363707505161464,0.9700455706398308,-1.317227451143969,-0.7719671980343843,-0.00019710794411805662,0.8878094369453733,MEDIUM
0,0.2211654730050233,0.43128825567563805,0.6000338730457313,-0.6507039977634842,0.6306839796438759,-0.8292329886227577,MEDIUM
0,0.426255901745032,0.6137353213766547,1.280801099189448,-0.7653107878574915,-0.00023551482538371202,1.0073787383667163,MEDIUM
0,0.22263856016317166,0.4316400796094838,0.6324989476807351,-0.6926796059727345,-0.00025671808085684945,1.1394646120894594,HIGH
0,-2.504180339321689,-1.8075252236637693,-1.377581455821125,-0.7348687151059214,-5.529203047706061,0.07364657543194546,LOW
0,-0.09402364953543987,0.6334796891461014,0.7811421421401771,1.9905948539945388,0.4759659945035885,-1.1848230505455637,HIGH
0,0.21015426658434574,0.4214027353072257,-0.0830350224766865,0.5488700790670079,0.7655072061909927,-1.2033864185460685,HIGH
0,0.19534823869729062,0.2879561537207674,0.4102739121060236,0.6090356587781778,0.0798784512972377,-1.200744283803629,MEDIUM
0,0.5093796294009688,1.2872508730313978,-1.3111691560781777,-0.7109359793973287,-0.00022907828090872116,1.1185463526089952,HIGH
0,-0.019063172808322832,0.6180626387998306,0.7469362079064162,2.123351474992255,0.2725981526882797,-1.1803843022055998,HIGH
0,-2.504180339321689,-1.8075252236637693,-1.377581455821125,-0.7348526417283942,-3.936533063492033,0.07355772345746103,MEDIUM
0,0.3482401719755273,0.3276130811700608,0.6215484438502011,0.1955027832798876,0.0013868616923677622,-0.028206969143949125,LOW
0,-2.4738143300852724,-1.8072738729257272,-1.3772440585952344,-0.7761742408983234,-0.001694896790146591,1.5090744190304932,MEDIUM
0,-0.10069384173317858,0.6504452520800129,0.7732883981460571,2.0206755627416766,0.470593495200134,-1.1840075241646222,HIGH
0,0.12906360051695115,0.28887792892138475,0.6318390250086136,-0.3228747499277024,0.5092567841103488,-1.293648832014374,LOW
0,0.22126102859734179,0.4305615282712286,0.5683163784758425,-0.4569549087148193,0.8960821586122757,-1.264141540835485,HIGH
0,0.2216190167279223,0.4316594649346216,0.6275865156049235,-0.7307505435124697,0.5991572933028557,0.5167575760848018,MEDIUM
0,1.1543112450105923,-1.5452788156207633,-1.3313118154233827,-0.7995815049837106,-0.00010643757226173948,0.4476889728625942,LOW
0,0.18088459641375756,0.039273040183188834,0.9395380469150063,1.5407117789570959,0.5718092315437818,-1.1974136650220462,HIGH
0,0.5073697601179247,1.284649968895061,-1.3051344225172739,-0.7908583066167916,-0.00016738209118444386,0.7526501975967071,LOW
0,0.40472153728383303,0.5829878296351286,1.658534611586264,-0.785354493316182,-0.00022097436470635843,0.842011736854915,LOW
0,0.30517849146385245,0.4821906439040842,0.6483534863481062,2.1304533073213996,0.0007446348584517708,0.22607049346966457,HIGH
0,-0.0032850229137898345,0.635235838546455,0.43757429557275607,0.9165554760701802,0.4780974116947443,-1.1865758093701857,MEDIUM
0,0.1958350963418714,0.40846947342458945,0.15206093634467552,1.1048080433250485,0.6612432403724015,-1.1894741687567525,HIGH
0,-2.50409950010789,-1.8074374266597186,-1.3774636027133962,-0.775704415681335,-0.0019237758317540929,1.1836754540307726,MEDIUM
0,0.273539772510581,0.32257916089772765,0.6100010201844649,0.1989593742564383,0.00013909443412781655,0.4461856725867377,LOW
0,0.3979662253889149,0.5697513285394098,1.3145265936724646,-0.7634230810224415,-0.0002573944912305526,1.0293234089905818,MEDIUM
0,0.508870256336725,1.2719001808910142,-1.2482564832175285,-0.7108984083968528,-0.00022979015523130462,1.119668245879457,HIGH
0,0.20597663253688442,0.13325976803132022,0.36644580020485595,0.2245528409369498,0.573624556425573,-1.203015359308671,MEDIUM
0,1.2108369546731061,-1.7732438285547032,-1.3315642939080499,-0.780415910048467,-0.00014298049663129993,0.6322976177576244,MEDIUM
0,0.09777407283857617,0.27518469312661,0.8607290325400125,1.7581046215431912,0.5223395515906348,-1.17010527600581,HIGH
0,0.20994496690273776,0.2522868518932009,0.6319102789942658,-0.4210298899721624,0.8077311814427214,-1.3285881933024453,LOW
0,-0.014061721035038654,0.6398158204371022,0.4381990575863331,0.9241045200961255,0.4769162266753469,-1.1862200914868075,MEDIUM
0,0.5081613247600727,1.24239101752679,-1.149123527707869,-0.7108462567819227,-0.00023074351514739083,1.1212183104465898,HIGH
0,-0.08849823976082355,0.6323734079545165,0.7832416125343648,1.9832524484792207,0.4772910299073923,-1.1850313766344576,HIGH
0,0.20737606290993107,0.17341914559952623,0.3574265099151914,0.15349592379247845,0.5830269743332123,-1.2069161289749402,MEDIUM
0,1.0601838836025979,-1.2275423422127627,-1.3347295559701762,-0.7991950045762914,-0.00012437931873403752,0.4689335646451851,LOW
0,0.46829666807758547,0.7630224260851519,0.4508255721889221,-0.7677391883560098,-0.00024157459589245288,0.9844764832881623,MEDIUM
0,0.4434521325896525,0.656135922790754,0.9565054058044407,-0.7663314151457733,-0.00024067246788743395,0.9967351227497107,MEDIUM
0,0.47493348983731876,0.8062212921271676,0.28752245551718775,-0.708702905423754,-0.0002509642380935902,1.1575583269395162,HIGH
0,0.19014777011703382,0.27780229347971397,0.4721093363923454,1.2782439029465502,0.6243235714077806,-1.1664768788472315,HIGH
0,0.22213097256282277,0.43127343541143515,0.6322477696736928,-0.6926467466232732,-0.0002567169745753161,1.1393721735903877,HIGH
0,0.1808072211202149,0.03169393366096495,0.9432405015750935,1.5430053513409219,0.570764491419706,-1.19737478335382,HIGH
0,0.40627329577556204,0.5805788155261993,1.6484950184065745,-0.7640415307108017,-0.00022874171952879229,1.0244821223074574,MEDIUM
0,0.1386904071973945,0.2919159250070676,0.63260364509448,-0.28319362810909104,0.503465455150168,-1.282005857087986,LOW
0,1.2110692499889426,-1.7723011774841246,-1.3302989391345836,-0.7997088425914813,-0.0001027122194620317,0.4404670332157029,LOW
0,0.22128214488493486,0.43138376567023273,0.6070553735554395,-0.6664918260633728,0.6059767496269606,-0.6487906487877083,MEDIUM
0,0.5091196277617112,1.2820216122885115,-1.3028692586331798,-0.7702463943348564,-0.0001911012185674469,0.9391296610755069,MEDIUM
0,0.03029552647203343,0.40521335116209406,0.8314173281036784,1.8323876122089666,0.5080357815941323,-1.1931095756473036,HIGH
0,0.09568920129435086,0.5969864231091172,0.7299549105162085,2.1274312826554755,0.0038795635216625117,-0.9022187534474464,HIGH
0,0.42060438053759985,0.6083599148988302,1.3546893621751133,-0.7862515739167955,-0.00022929549901355202,0.8285362946147666,LOW
0,0.5042585282298723,1.161640395616349,-0.8479345891452087,-0.7105595290411202,-0.00023482663761707927,1.129220807603314,HIGH
0,0.13043022477715388,0.2902092088335934,0.632207367049533,-0.3061115442542737,0.5069016038060099,-1.289749409749635,LOW
0,-2.5040322135781437,-1.8073643488143636,-1.3773655076670521,-0.7876829695211494,-0.0029235300293873907,1.6046881119133205,LOW
0,0.38109812385113023,0.5514276449616985,0.9543164302853356,-0.7026871962256588,-0.0002636800382366482,1.1919139637224263,HIGH
0,-0.09465081698006822,0.6336343808762493,0.7810529198683173,1.9909139445021098,0.4758449101278881,-1.184814712172064,HIGH
0,0.48741221370457916,0.9180607702639949,-0.06660895010773897,-0.7688344004204652,-0.00022932179988085428,0.9717880770518679,MEDIUM
0,-0.8921061771731774,-1.8062343324216676,-1.3758486456157357,-0.7318489570728876,-0.00021739611948794527,0.2907743059537853,HIGH
0,1.2112274204129772,-1.7723149283814696,-1.3303173974635856,-0.7997117185602161,-0.00010263568357978697,0.4403039885220165,LOW
0,-1.7778655669176584,-1.8085187098225153,-1.3789150483800032,-0.7341267857162402,-0.00020613779648678024,0.12721314045161067,HIGH
0,1.1442469977167116,-1.5082542953595932,-1.3317432726382643,-0.7995428780575196,-0.00010812386195645339,0.44987430457681454,LOW
0,0.36091131364354123,0.5339669473977515,0.7889056114897243,-0.701461545023989,-0.00026147393319734,1.1762561709913304,HIGH
0,-2.5041796176937057,-1.8075244399256458,-1.377580403780973,-0.7858174942225646,-1.5253553672421525,0.5511430560390551,LOW
0,0.21255617541528515,0.3389230982168857,0.3169184649567089,-0.1421923320153423,0.6226563340536269,-1.221393380231011,MEDIUM
0,0.19356240047862344,0.4063703837968119,0.20900775029067367,1.159970488638711,0.14279404226545744,-1.2610639162994597,HIGH
0,-2.504180339321689,-1.8075252236637693,-1.377581455821125,-0.7348524618165445,-3.9365073939321618,0.07355698836123135,MEDIUM
0,0.4071240041988336,0.5809894188009558,1.6532301057357124,-0.704482588381938,-0.0002439153583119185,1.198901404995098,HIGH
0,0.21960270640496068,0.4336862555222595,0.6352333266833639,-0.7755717562788024,0.02571944854556002,0.7930862512985049,LOW
0,1.2118690005662964,-1.7733815587443689,-1.3317491741446332,-0.7804502111931326,-0.00014217191493152534,0.6305770979979014,MEDIUM
0,0.917439792651885,-0.8244874900391839,-1.3388727795338031,-0.7789858099632392,-0.00018998306006075247,0.6960200749629606,MEDIUM
0,1.2111572496907992,-1.7743028614133982,-1.3329858721832277,-0.7217806342333609,-0.00020941530092046033,0.8191381506175569,HIGH
0,-2.504180339321689,-1.8075252236637693,-1.377581455821125,-0.7348788606211135,-3.9400403222624307,0.07369378245654958,MEDIUM
0,-2.504180339321717,-1.8075252236638004,-1.3775814558211668,-0.7348524277104695,-0.00021329652801152374,0.07355698947222553,HIGH
0,0.41250227060304073,0.321294914689606,0.6287897519811273,0.19186359608908027,0.003270042047133338,-0.6671492514522128,LOW
0,1.1693766933793932,-1.5997898227583067,-1.3306692510826166,-0.7996336169150605,-0.0001039329641799051,0.44473268955674433,LOW
0,0.22175632209912577,0.4317715764498949,0.6332883294948217,-0.7529348706605142,0.02340694632524771,0.9707212893903113,MEDIUM
0,0.4089658331251355,0.5586035868552668,0.47109052026816056,1.154616446049452,0.002546319407867151,-0.4221268092820021,MEDIUM
0,-2.5041802780188935,-1.8075251570846749,-1.3775813664495882,-0.7631507110490109,-2.6601647102117867,0.5938136089761265,MEDIUM
0,0.40549569639073957,0.5794864889510729,1.6159134978761767,-0.7639831278260801,-0.00023215682073153606,1.0253411017433371,MEDIUM
0,-2.5038275888772796,-1.8073425147270508,-1.3773361989785375,-0.7877226471699478,-0.002865370214612748,1.6733785189529853,LOW
0,-2.5041803393218585,-1.8075252236639536,-1.3775814558213726,-0.7348524242238582,-0.00018952958060952112,0.07355701792083562,HIGH
0,-2.504180336249632,-1.8075252203273025,-1.3775814513424645,-0.748176531328761,-6.143081897359344,1.2192322069894577,LOW
0,0.15860566934042328,0.34663185163050125,0.41298272450954854,0.6394060496926617,0.5089804105255656,-1.0979953790827388,MEDIUM
0,-0.0952041823030935,0.6338291720464544,0.7809989322306784,1.9911117050547964,0.47575203588551046,-1.1848097882517619,HIGH
0,0.41580566247072326,0.32079542558954816,0.6291324573499092,0.19167188658391185,0.0033854479699784285,-0.7042510278084009,LOW
0,0.18080713164262335,0.03168470285090592,0.9432473825193174,1.5430080855833581,0.5707645110457957,-1.1973747585853254,HIGH
0,0.5090548516087106,1.2829574044047087,-1.31099487572117,-0.71091171582445,-0.00022963807923096543,1.1192712759785517,HIGH
0,-2.5041797831669834,-1.8075246196411214,-1.3775806450195838,-0.7753148559569577,-0.003964638304533868,0.4971045400264924,MEDIUM
0,0.5071936989059408,1.2733828991983906,-1.2403610044352065,-0.7908477506391636,-0.00016762502329052128,0.7530071852295152,LOW
0,0.40367064006284736,0.5815163538814573,1.620251110771939,-0.7852865858551359,-0.00022575108756337373,0.8431125273779468,LOW
0,0.4824007455427111,0.8679083475902225,0.08480005824485974,-0.7091441046350839,-0.00024921371243211886,1.1537446733648855,HIGH
0,-0.10199308205959547,0.637632739003889,0.7805721114796037,1.9927522503420854,0.4754422697594397,-1.1847740699534102,HIGH
0,0.5061569070143063,1.197628842294593,-0.9763408947027647,-0.7700389671449365,-0.00019779456511251825,0.9453083616599465,MEDIUM
0,0.41821292723423636,0.3195153218522696,0.6300425165000947,0.19118765108231003,0.0036794879900749733,-0.7990096775321488,LOW
0,-2.504180339307856,-1.8075252236487462,-1.377581455800959,-0.7401139870358563,-6.27022079607592,1.159770722897024,LOW
0,0.22174048006921038,0.4317590043891398,0.6333383160080315,-0.7524546345999128,0.10571139022700857,0.9716628207490734,MEDIUM
0,-2.504099517008402,-1.8074374450165345,-1.377463627354417,-0.77570436210966,-0.001923832786775154,1.1836025893557136,MEDIUM
0,0.4842743960074278,0.8856976072331297,0.029324488028301718,-0.709256634676561,-0.0002485637222735406,1.1525780387066091,HIGH
0,0.289920284160924,0.4846114345137175,0.6724633599598379,-0.7792940751742699,-0.0002649514809941431,0.8057984667581477,LOW
0,0.3471548562198502,0.5237862682626331,0.7401526576622751,-0.7604143514359187,-0.0002673433352106993,0.9999622507295935,MEDIUM
0,0.4044030901567357,0.5825428267921876,1.6505621614175892,-0.7853351546097033,-0.00022194234762590211,0.8423277380672666,LOW
0,-2.5040995166596507,-1.8074374446377568,-1.3774636268459697,-0.7757043632150787,-0.001923831806508362,1.1836040929723692,MEDIUM
0,0.5065280488656482,1.245656077833218,-1.1488000069259592,-0.7908064210702873,-0.00016985218957572677,0.7544018564494349,LOW
0,-2.5041791910698343,-1.807523976582483,-1.3775797818186148,-0.7872343939994637,-0.005092716184846713,0.5405273814056282,LOW
0,-0.09402259268348628,0.633479546763449,0.7811423537435268,1.99059410606815,0.47596621154820223,-1.184823070699454,HIGH
0,0.20307001549034057,0.1730990837654979,0.381719209666723,0.35010650134939747,0.5568864550774544,-1.1938003602636205,MEDIUM
0,1.1846432212883817,-1.6484284550804933,-1.332882966512783,-0.721700315464304,-0.00020955370111056917,0.8229358572222312,HIGH
0,-2.504032233050021,-1.8073643699632993,-1.3773655360560368,-0.787682930678183,-0.002923655063589825,1.6046176155113474,LOW
0,0.43911470363917204,0.6429182143354362,1.0381465999935795,-0.7065766334879214,-0.00024926939624396287,1.1732399643614524,HIGH
0,0.4202149697221942,0.31969320656188455,0.6299144051084419,0.19125415795457945,0.0036403922392703233,-0.7859171497616345,LOW
0,0.442143577559365,0.6522658942183285,0.9812359190507514,-0.7662555359201517,-0.00024038129322079195,0.9974462329813287,MEDIUM
0,0.3983821239749914,0.569489987003531,1.3233297165401536,-0.7038079584812907,-0.0002576502136062379,1.2038830335846988,HIGH
0,0.21029976354866553,0.4215299762750694,-0.08513724517234482,0.5410343577069061,0.7666394670739853,-1.203926133694476,HIGH
0,0.2217588431854659,0.4317734060641952,0.6332770555054427,-0.7529517723538414,0.003029520051403054,0.9706014013681651,MEDIUM
0,0.2090545855484861,0.42039656621436844,-0.0722020221413595,0.6018464400746534,0.7561859578961391,-1.1990819976383944,HIGH
0,0.21412517698355316,0.4081201781370115,0.28086015463497305,-0.23851537413409554,0.6607618094956802,-1.26453005474024,MEDIUM
0,0.3745399056447791,0.5462175250218925,0.8845141334865311,-0.7619865950325263,-0.00027314190384461186,1.016281989250383,MEDIUM
0,-2.5040995164354434,-1.8074374443942525,-1.377463626519105,-0.7757043639257343,-0.0019238311522332397,1.183605059619658,MEDIUM
0,0.18080749160099108,0.03172191247453415,0.9432197069176017,1.542997085212924,0.5707644594643071,-1.197374858185534,HIGH
0,0.1000312296487832,0.6143074807094003,0.45759856839947044,1.1518741918881352,0.020998517056629827,-1.1125992312044042,MEDIUM
0,0.558587054803837,0.7411611838935859,-1.3236628623952098,-0.7139708211011029,-0.00023382839391355675,1.031608421513668,HIGH
0,0.18702837067054526,0.27403109031060147,0.6319149177291375,-0.403880426385066,0.5088914137712756,-1.2735904399575588,LOW
0,1.2092605206770992,-1.7730125989556453,-1.3315150419284871,-0.7804061408835995,-0.0001435570444374573,0.6327886335566038,MEDIUM
0,0.5051877988948161,1.21581001730301,-1.0366889861999282,-0.7907225799470107,-0.00017364939595906936,0.7571900696281959,LOW
0,0.1932087090643695,0.38052276220450976,0.2599040604398944,1.1714424292076284,0.6674507221907473,-1.1558248586539168,HIGH
0,0.2102929623042939,0.42152435692847395,-0.08539259406969021,0.541434734660576,0.7666171836693573,-1.2038986522515995,HIGH
0,0.44622923748274107,0.6727820153652851,0.8706231123024618,-0.7875954437922177,-0.00023711032985192435,0.8124095192916978,LOW
0,1.1667637339234214,-1.5907161236954086,-1.3307703089325515,-0.7996257751384077,-0.00010434847201368425,0.44517729394880334,LOW
0,1.2081037064252724,-1.7714259424737155,-1.3327416727563888,-0.7217302581189694,-0.00021029208474389216,0.8215196291624185,HIGH
0,-0.013616227046102521,0.6394682679886186,0.43818268156208895,0.9239335996462347,0.47691215756725047,-1.1862272949965111,MEDIUM
0,-0.017672779260260178,0.6177162959488911,0.746661728062302,2.123975081444292,0.22645442482179423,-1.179643589426344,HIGH
0,0.3979703696035734,0.5407892696036957,0.6872691921822371,2.1287749024983698,0.002267946536320956,-0.32347352844685434,HIGH
0,0.19316802823437196,0.37828831606159585,0.26441548390076297,1.1728706977085654,0.6422390937998244,-1.1524591472597319,HIGH
0,0.2226368226856512,0.4316388245635798,0.632498087799348,-0.6926794934994935,-0.000256718252307361,1.1394642957111585,HIGH
0,0.1575649046527045,0.29538830922163684,0.6329706409501107,-0.22905419561498308,0.4949128044565981,-1.2567205737632607,LOW
0,0.20757848950252225,0.43101909720579856,0.4737536878325882,1.1595965072668284,-0.00017072513779008117,0.5811767542930225,MEDIUM
0,0.18080032572789467,0.031021142238406355,0.9437720334229904,1.5432156496978688,0.5707786225256831,-1.1973728325769062,HIGH
0,0.8691765791949332,-1.7823850979563711,-1.3438349518789194,-0.7239291761363814,-0.0002117665273410702,0.7163975214281944,HIGH
0,0.22213034467637807,0.4312729817772383,0.6322480604446734,-0.6926445631483227,0.004775497124799785,1.1394104724622174,HIGH
0,-2.504180339321689,-1.8075252236637693,-1.377581455821125,-0.7348780800601914,-5.5346122612177036,0.07372025993527194,LOW
0,-2.504180339325968,-1.8075252236684174,-1.3775814558273642,-0.7357094995297824,-3.9912867124310116,0.11891584670442576,MEDIUM
0,0.4160511250132481,0.5944756030983421,1.4779250296669684,-0.7050926380755594,-0.0002455503632336519,1.190179358633424,HIGH
0,0.4051957696689996,0.5782894609294434,1.5960985095565785,-0.7043343580395408,-0.00024708774888449484,1.2010606510210247,HIGH
0,0.36574131119789033,0.5386797277819068,0.8173253472105574,-0.7614819326532631,-0.0002717536510155897,1.0102682493344313,MEDIUM
0,0.2423560829662294,0.30993433055526887,0.6327825323908217,0.07303592152026822,0.4568986867308517,-1.1788323889949952,LOW
0,-1.5592380933397347,-1.8055016015074776,-1.3748650742934567,-0.7977502062750464,-0.0012883291594235782,0.9640646040120971,LOW
0,0.33635722308680915,0.5189795289788273,0.7216879613223457,-0.781689851095184,-0.0002729182119150568,0.8185373588529978,LOW
0,0.20599080431828468,0.13431140131452923,0.3663552011382238,0.22384012336905165,0.5738512866608869,-1.203051638810258,MEDIUM
0,-0.006512253682050084,0.6356124639838452,0.43795016295709993,0.9214331206480959,0.47731582778824483,-1.1863372437340154,MEDIUM
0,0.41610956239009667,0.31942614301304373,0.6301051268542747,0.1911547392473735,0.0036983063517105432,-0.8055008313042683,LOW
0,0.20273354006721866,0.17788786634940185,0.38316151233602846,0.3627455294859063,0.5551267209144086,-1.1930017999786242,MEDIUM
0,-2.504021761932479,-1.8073582884734736,-1.377357372651336,-0.7876940667507076,-0.0029061852815433276,1.624568919142888,LOW
0,0.4174592209464248,0.5968189348094944,1.4504515253225083,-0.7051867883933799,-0.00024579159383102063,1.1889261838390792,HIGH
0,0.2825959426272919,0.4763154261539177,0.48176322491673257,1.15846851643013,0.0003332276991064802,0.3808961105118361,MEDIUM
0,1.2038656922096362,-1.7365528805977568,-1.3314791730457478,-0.7803992500017329,-0.0001437173882620181,0.6331353102831812,MEDIUM
0,0.4038549642818416,0.5772209596344086,1.540246439656267,-0.7638541540677883,-0.00023929267159580672,1.027002250209365,MEDIUM
0,1.0500171505870015,-1.193196390660338,-1.3364115177174136,-0.7797628923964055,-0.00016412705478485796,0.6639092090007891,MEDIUM
0,-2.504099517785419,-1.8074374458604285,-1.3774636284872064,-0.7757043596468267,-0.0019238348756085689,1.183599239322927,MEDIUM
0,0.2221301096136658,0.4312728118258905,0.6322484791107147,-0.6926427803605538,0.006747481098234959,1.139435324609216,HIGH
0,0.5042099352559625,1.1958340302614467,-0.9610199253768084,-0.7906613500179122,-0.00017615067322179713,0.7591750209595765,LOW
0,0.26001604984247323,0.45867935321621084,0.6513529647869791,-0.6950913571240147,-0.00025685760288417,1.146280418234642,HIGH
0,0.016834585443085623,0.6111718033276663,0.7414350203219368,2.1270581785471756,0.010069482897757467,-1.0795724570734497,HIGH
0,0.22211322916639792,0.4312596103309852,0.6322878923397093,-0.6914796911621746,0.10601297988767439,1.1424828559273088,HIGH
0,0.3774442443483771,0.5480728714232808,0.9110817612441828,-0.7024645219662515,-0.00026350317866454735,1.1887339764651266,HIGH
0,0.41379930435585305,0.5629360070549284,0.4700809776015576,1.1544098082968752,0.002696634052222881,-0.47239697738261544,MEDIUM
0,0.48994741118968893,0.9465660512313144,-0.1529515398891189,-0.7689867420952811,-0.00022623053906296512,0.9693090314572848,MEDIUM
0,-0.09382849023495224,0.6334697258724962,0.7811928555014378,1.9904161925909474,0.47600728429996475,-1.1848279456936668,HIGH
0,0.22188119626846461,0.43106960220524654,0.6159632598804659,-0.5787839124311547,0.800145010857511,-0.8219490397143973,HIGH
0,0.09468561337876366,0.6152088345924178,0.457306286701895,1.151585399243777,0.03389538678052648,-1.1310230490026552,MEDIUM
0,0.37367278944019344,0.5454537477869241,0.876485844870714,-0.7619366462721651,-0.00027305721777113,1.015665570892758,MEDIUM
0,-0.0038014729539942223,0.6352959199361163,0.43764803999910273,0.9175195260023487,0.4779594688330611,-1.186527610734348,MEDIUM
0,0.3265148951719576,0.508103192540409,0.7012050028621584,-0.7592113238601491,-0.00026364812375604036,0.9920841267067495,MEDIUM
0,0.4124919436235431,0.5643591448388654,0.4697535911125319,1.1543426896518068,0.0027442915714174804,-0.48888454189335295,MEDIUM
0,-2.504099516133355,-1.8074374440661547,-1.3774636260786877,-0.7757043648832509,-0.001923830260296099,1.1836063620480604,MEDIUM
0,0.10378069635090846,0.6136777970326192,0.45779413405193825,1.1520104687745492,0.015527660517071596,-1.0997678242957316,MEDIUM
0,1.1613552686521926,-1.5712578777083752,-1.331000622013719,-0.7996075139477378,-0.00010525489737244673,0.4462134547855559,LOW
0,0.0740549423863002,0.6192113783885279,0.45587236459187236,1.145196665740718,0.3589281232922214,-1.1801381946959908,MEDIUM
0,-0.02031229077174949,0.6557180541046972,0.44085473903455635,0.953104065977078,0.47346791389298815,-1.185226622562897,MEDIUM
0,1.200154871124031,-1.7194770969470048,-1.3301313076184211,-0.7996797988407366,-0.00010402904053114481,0.4421172195895778,LOW
0,0.18082072764600632,0.03320444723820117,0.9422226701247035,1.5425911751639447,0.5708148678426466,-1.197378616388922,HIGH
0,0.43648702885850427,0.6368646500911084,1.0877413637577062,-0.7659245284173473,-0.0002389270031668315,1.0006809559527845,MEDIUM
0,0.16731643100420948,0.6029764493931045,0.46056345925462755,1.1526844027268839,0.004002189620489669,-0.9355581129355887,MEDIUM
0,-0.01188761276296578,-1.7956738024773728,-1.3616728626644181,-0.8039688862906412,-0.00021252383231194178,0.18987641350845763,LOW
0,1.1576841182296804,-1.5534785514671667,-1.3325727089186,-0.7802887962940448,-0.00014559701527789648,0.6386714466780785,MEDIUM
0,0.5072736049184059,1.2786837874007002,-1.2692460252728182,-0.7908523394289794,-0.00016762263142845312,0.752852008091184,LOW
0,0.39089380067310875,0.5618471653146759,1.124239606090403,-0.7629585624608608,-0.0002682894411188679,1.0272817854287828,MEDIUM
0,-2.4336483973431515,-1.8069013391648259,-1.3767439929958345,-0.7885861702439714,-0.0024872588360555403,2.101654566699439,LOW
0,0.21431558012764407,0.425659381514122,0.2606905575922562,-0.25034912544179355,0.10849419946221844,-1.3335290839452982,MEDIUM
0,-2.5041821229071908,-1.8075271659384535,-1.377584063006986,-0.7348260747901186,-0.00021525824595666114,0.07379328440398475,HIGH
0,0.19302485259006028,0.3712778501280525,0.2787440382055467,1.1779029332125526,0.6445252063204591,-1.1436791181325137,HIGH
0,0.5073401296398652,1.2831108651415146,-1.2967320676623897,-0.7908564045718983,-0.00016749853683168861,0.7527145228855481,LOW
0,0.2221077036990948,0.43125508593749756,0.6321946434198203,-0.690732743003336,0.13533864980678376,1.1391577675985294,HIGH
0,0.3823457187114155,0.5571392988233601,1.0038157901722349,-0.784010357581358,-0.0002791278473078726,0.8431889440599221,LOW
0,0.40529841992391175,0.5784327317127871,1.6009270711855403,-0.7043428873061229,-0.0002468595661443026,1.2009461392147447,HIGH
0,0.18588563379488557,0.1596368627374184,0.7151865724953504,1.4081109942480743,0.5997612694916636,-1.1952884615513413,HIGH
0,-2.4556942022467796,-1.8072281340219651,-1.377182661603267,-0.7763257106230271,-0.0016649254490750506,1.5295503036101767,MEDIUM
0,-2.504182116522827,-1.8075271538276738,-1.3775840467502465,-0.7348261696487185,-0.0002152293096437066,0.07379083058579966,HIGH
0,0.5008775635468804,1.1328110714776392,-0.7355140215152042,-0.7904567941435009,-0.00018465739739744586,0.765477261737793,LOW
0,0.19425601082809077,0.4070846191025985,0.17803342470849046,1.1517464785864133,0.6506896103124845,-1.1909796421389554,HIGH
0,-2.504179764647282,-1.8075245995274394,-1.3775806180202577,-0.7753154389577221,-0.0031219922869365493,0.4981451985957977,MEDIUM
0,0.21017424686529296,0.4214208587228287,-0.08278176410450314,0.5478553891608272,0.7657913488239371,-1.2034506919410086,HIGH
0,0.21960711201692493,0.4337075928888986,0.6352354423487128,-0.7755909629295832,-0.000262939440161986,0.7929636518023307,LOW
0,-0.10073464449173182,0.6367222278008553,0.7806532658715367,1.992436300064147,0.47541489561822153,-1.184780435809475,HIGH
0,0.2131201136382754,0.35954177032281376,0.3113202086324478,-0.17677763299035595,0.6277419004144902,-1.226150729146364,MEDIUM
0,0.507333358659886,1.2826980775686025,-1.2942427816666295,-0.7908559747223951,-0.00016752017235815682,0.7527290604515592,LOW
0,0.19310642319313118,0.37515224599839064,0.2708462685058742,1.1750005546972124,0.638787603973176,-1.1484696130427845,HIGH
0,1.1716195338333397,-1.6065131205281196,-1.3332002367250748,-0.721666767863363,-0.000210055007035251,0.8245172918691936,HIGH
0,-2.504032233328501,-1.8073643702657478,-1.3773655364620245,-0.7876829301226346,-0.0029236642179177193,1.60461660723504,LOW
0,1.1826931884295333,-1.6422332680097627,-1.3329150030262986,-0.7216965860730548,-0.0002095516351819993,0.8231117532928329,HIGH
0,0.19360541305391907,0.4065204165073955,0.20627062850692512,1.1598007068303406,0.0988914927371853,-1.2611466268634488,HIGH
0,0.20578151053105115,0.12982777348075758,0.3677997105334734,0.2349664057424804,0.5725516507647043,-1.2024530257369945,MEDIUM
0,-2.5041792025611493,-1.8075239890628496,-1.377579798571464,-0.787234112711874,-0.01013775633377122,0.5400108171467792,LOW
0,-2.504180339321689,-1.8075252236637693,-1.377581455821125,-0.7348526110632168,-3.9365286953806717,0.07355757358723679,MEDIUM
0,0.10444480783728714,0.262327801748089,0.8636957613963933,1.7506838425348517,0.5231518119581112,-1.1615756078584694,HIGH
0,-2.4965589086540163,-1.8073602886152673,-1.37736005751432,-0.7759221821222773,-0.0017722631484210548,1.4030348853398011,MEDIUM
0,0.39062386084091644,0.5460049938039527,0.4739348380529737,1.1552289351806435,0.0021218465938071035,-0.2778737598955605,MEDIUM
0,-2.4134481135904857,-1.8071569791571302,-1.3770871478435265,-0.7766447150929826,-0.0016167529920648378,1.5255951740517901,MEDIUM
0,0.18093126855327324,0.04049088637804988,0.9396852079744914,1.5395086008946506,0.5721055190598381,-1.1974505567225648,HIGH
0,0.5094673861092438,1.28782673618119,-1.311198627375004,-0.7109424511005561,-0.0002289965128231014,1.118352766119227,HIGH
0,-0.09387585610166052,0.6334684562495391,0.7811773485360248,1.9904707363989842,0.4759968358724497,-1.1848264349945783,HIGH
0,0.4065496716764306,0.5809658847384743,1.6559135268243022,-0.7640605538377805,-0.00022796204847999802,1.0241967501868465,MEDIUM
0,-2.0470261600747333,-1.8082062145625082,-1.3784955746412282,-0.7344820185463224,-0.0002080295305297106,0.09923179017808789,HIGH
0,0.15164726504414694,0.1746524142860602,0.8812278132047934,1.7038580859291876,0.5222667941630852,-1.076727026350703,HIGH
0,-2.504180339351011,-1.8075252236956159,-1.3775814558638737,-0.7396788440503014,-3.8582476050909302,0.7188714612291232,MEDIUM
0,0.20601538755301488,0.1354862537743954,0.3662001770995081,0.22261417102069625,0.5740919751478115,-1.203117970973605,MEDIUM
0,-0.09400130660395191,0.6334768326796473,0.7811467062551612,1.9905787281528504,0.47597059193123764,-1.1848234857278261,HIGH
0,0.3942615469722078,0.5383477107513771,0.6855398576661977,2.1288459123025483,0.002193752537734278,-0.29815757981135593,HIGH
0,0.1397363099472904,0.2885649215658618,0.6318032238818174,-0.3272767436891952,0.5098730695170689,-1.2943949534552297,LOW
0,-0.2809313298570307,-1.798922042931719,-1.366033093817342,-0.8042745088773149,-0.0002741049149630375,0.1806375159882871,LOW
0,0.2060009275378289,0.1349112651265973,0.36629107010449174,0.22333375816816337,0.5739965738543759,-1.203078238857733,MEDIUM
0,0.22035086116621158,0.4298150000893777,0.5004669794061622,-0.32904954253561725,0.8829596749553609,-1.2642751294706223,HIGH
0,0.21016328913602764,0.42141091896423705,-0.08290161488955416,0.5484117590964189,0.7656380012577896,-1.2034151658805488,HIGH
0,0.7526636279410154,-0.3509849350655683,-1.3392565993823837,-0.7187718291558106,-0.00024156350267875686,0.9187840157597008,HIGH
0,-2.5041821165493614,-1.8075271538564919,-1.37758404678893,-0.7348261694234302,-0.00021522936568692927,0.07379083639455424,HIGH
0,0.5072482818476012,1.2769589267830022,-1.2590523267452742,-0.7908508716872757,-0.00016763053639989712,0.7529016458200681,LOW
0,-2.504180339321689,-1.8075252236637693,-1.377581455821125,-0.7348524313018019,-3.9365030260835145,0.07355693661645478,MEDIUM
0,-2.504032230734905,-1.8073643674489224,-1.3773655326808971,-0.7876829352963118,-0.0029236146452090946,1.6046259971926498,LOW
0,0.38738650426173954,0.5338629504753798,0.6823854880704343,2.128977225828488,0.0020596887459932984,-0.2520550108726774,HIGH
0,0.6887399528861604,-0.12181520421068759,-1.3344381352117902,-0.7965693599819665,-0.00019743357815726352,0.5729011190987369,LOW
0,1.210048243979902,-1.7741580205937892,-1.332791447089781,-0.7217409960766109,-0.00020994811999516536,0.8210112698992739,HIGH
0,0.3858472242319418,0.5605858044402917,1.062804287446727,-0.7841969068345611,-0.0002764811177745605,0.8450479904096467,LOW
0,0.2143196456345139,0.4256818064980373,0.260652960842337,-0.2503812098665772,0.08963786545936686,-1.3337304545607387,MEDIUM
0,0.40131910788734587,0.5782995504212657,1.5134222734656166,-0.7851232587464012,-0.00023803690789323724,0.8453654581310015,LOW
0,0.40654923237078944,0.5801883985806879,1.6529211076459542,-0.7044420500572457,-0.00024412652050090336,1.1995157288589495,HIGH
0,0.5039142606113938,1.1551529540986603,-0.8248630611295704,-0.7105347913262702,-0.00023516632718348682,1.1298606096935389,HIGH
0,-2.504180339321689,-1.8075252236637693,-1.377581455821125,-0.7348524286105318,-0.0002577892232943085,0.07355693602626621,HIGH
0,-2.5041821165327764,-1.8075271538384792,-1.3775840467647509,-0.7348261695642727,-0.000215229331581628,0.07379083276298258,HIGH
0,0.20553729271866078,0.13287828429793772,0.3694819834937787,0.2479273261393467,0.5708761151824958,-1.2016359990233594,MEDIUM
0,0.420476585349271,0.31975402954866433,0.6298701266227902,0.19127706673887943,0.0036266363303483103,-0.781413794650984,LOW
0,-0.09831807026838231,0.6352928660097513,0.7807916998492909,1.9918990291032643,0.4754532356140803,-1.184791699850735,HIGH
0,1.1956673796354675,-1.6922217743255534,-1.3301538364513867,-0.7996761677227212,-0.00010361186424946909,0.4423235923641214,LOW
0,-0.07812264543166016,0.6158683671282299,0.7872612225483054,1.9693131612732233,0.4797900937039909,-1.1854387453498767,HIGH
0,0.20601538560157015,0.135486200389039,0.36620018933947296,0.22261426798287556,0.5740919631244619,-1.2031179649333985,MEDIUM
0,-2.5041803061664774,-1.8075251876549063,-1.3775814074851203,-0.7591657987608913,-2.9814391396328017,0.6428728999783844,MEDIUM
0,0.40662461297728403,0.581070810921147,1.6571001382495012,-0.764065593542208,-0.00022784652459721498,1.0241209832404867,MEDIUM
0,-2.5041821165241647,-1.8075271538291267,-1.3775840467521965,-0.7348261696373031,-0.0002152293121919328,0.07379083088000475,HIGH
0,0.19357102187297534,0.4064828510419166,0.20833498312072288,1.1599290959264081,0.1019427411104568,-1.2612880857740145,HIGH
0,0.9634626812904861,-0.950583445632214,-1.3369394632325993,-0.7987341907547828,-0.00014647854519366646,0.4921628574741067,LOW
0,-2.50236874182846,-1.807302813819915,-1.377282907008769,-0.7877937858195232,-0.0027844754437765327,1.7799989732579489,LOW
0,0.5096016859057154,1.288528558385522,-1.3096690779445717,-0.7702803890863976,-0.00018975737864378842,0.9380941638233404,MEDIUM
0,1.1985975232812882,-1.7016538001381463,-1.3314908301879005,-0.7803942924930751,-0.00014337098816165705,0.6333845876462127,MEDIUM
0,0.2054893537180094,0.25659290342790964,0.6319136255969208,-0.41790642221976765,0.8515306437120203,-1.3062968947991036,LOW
0,0.3168614509441574,0.5043786839594334,0.6940812961510178,-0.780694293099605,-0.0002682151797211508,0.8122140759791792,LOW
0,-2.504179235164792,-1.80752402447267,-1.3775798461033524,-0.7872276332644564,-0.09656025434419467,0.5390747385682312,LOW
0,0.20595174449747816,0.1312550457141006,0.3666063660192635,0.2258091523823133,0.5733336854750083,-1.2029536843014719,MEDIUM
0,-2.5041797663745884,-1.8075246014034139,-1.3775806205384464,-0.7842950116467293,-2.180249871338507,0.5646203060323832,LOW
0,0.16431978103290276,0.33677882615242677,0.4123236713593349,0.6323128453657475,0.5064390846089258,-1.0864043148448297,MEDIUM
0,0.18080088729872718,0.031072887101135555,0.9437287383206449,1.5431985546509381,0.5707765593585953,-1.197372995979976,HIGH
0,0.2168587924221226,0.42694303673467954,0.26549983230719343,0.05584014338196872,0.8392782273652719,-1.2391597454446674,HIGH
0,1.2078574157826107,-1.7720530153025575,-1.3301673677631438,-0.7996874197939645,-0.00010399355351233413,0.4416835367243771,LOW
0,1.1579421026610386,-1.557547333518718,-1.3337706108319323,-0.7216076341862883,-0.000211237844996193,0.8273077100432867,HIGH
0,0.12897961556732346,0.28888401883015685,0.6318401432676937,-0.3227927680555082,0.5092672273904888,-1.29363368622476,LOW
0,-0.10294687284202816,0.6384742909994725,0.7804974039998104,1.993043013807735,0.47547692187993285,-1.1847683116721746,HIGH
0,0.21358581447182914,0.37803179593216385,0.30467077634003303,-0.2056302937648824,0.6324498759087793,-1.2360344499430551,MEDIUM
0,0.17483629881299667,0.11924190635407127,0.8912027074277313,1.6884458925458101,0.511062937704053,-1.1879427793256807,HIGH
0,0.20396455196532232,0.15991103422217035,0.3777342994542386,0.3157044224757451,0.5616590252833908,-1.1962784504905677,MEDIUM
0,0.21215217640535028,0.2500334481726145,0.631909243489467,-0.4223188425102949,0.4008919027115976,-1.3427275592416292,LOW
0,0.5176459645021058,1.186030907332413,-1.3137021611907196,-0.7115255591660432,-0.0002298848035938745,1.1010283569136594,HIGH
0,0.22207104508070946,0.43122510400063924,0.6309840764018975,-0.680725202941796,0.3189182378546609,0.916203418776798,HIGH
0,0.3983163855016206,0.5701693916395968,1.325999842000805,-0.7634473774742476,-0.00025659753650801066,1.029317311916966,MEDIUM
0,0.179978501971119,0.028713309743641998,0.9540126582630681,1.56608894836119,0.5662024382058811,-1.1963505521149629,HIGH
0,0.4192616160366132,0.31958522538502715,0.6299926201607404,0.19121366208083143,0.003664370700088506,-0.7938855602868709,LOW
0,-2.5041821165260076,-1.807527153831128,-1.377584046754883,-0.7348261696216742,-0.0002152293167109998,0.07379083128292373,HIGH
0,1.2087329963379752,-1.7741128523346288,-1.3327505017085763,-0.7217320778346352,-0.00021023237760042673,0.821433437767858,HIGH
0,0.34261141811708995,0.5052606367610615,0.6629868887946011,2.1298214124588775,0.0012769376221171615,0.026534726230203556,HIGH
0,-2.503932851691573,-1.8073484670420144,-1.3773441889871285,-0.7877119025302339,-0.002880094255071772,1.655433752710105,LOW
0,0.3808418962659314,0.5511881502827808,0.9509791782161325,-0.7026715137520683,-0.0002636760828720539,1.1916889296747535,HIGH
0,0.4236901587007341,-1.7903496270884454,-1.3545260286412866,-0.7845738865615878,-0.00016347155875499358,0.41587984985468185,MEDIUM
0,0.2035992636612185,0.4153961092907231,0.022310528861222655,0.8329174876747899,0.713931045541299,-1.1866817306720376,HIGH
0,-2.504180258699153,-1.8075251361020943,-1.377581338283908,-0.7650371193682782,-2.476794621580421,0.574378680686785,MEDIUM
0,0.5091493875588363,1.2832896525264834,-1.3087973845184055,-0.7702485410227448,-0.00019098996901738133,0.9390642826291126,MEDIUM
0,0.5078710944381064,1.2904951924370933,-1.308160627801955,-0.7908896667871494,-0.00016587439336021264,0.7515905996616661,LOW
0,-2.504179785712021,-1.807524622405209,-1.3775806487299191,-0.7753147362996768,-0.005325515138693481,0.4969634952134948,MEDIUM
0,0.18081224737814977,0.03223111222952907,0.9428559909611064,1.5428515474371811,0.5707707439712132,-1.1973761728394408,HIGH
0,-2.5041803393288697,-1.8075252236715686,-1.3775814558315942,-0.736043877694368,-5.947545265863528,0.20756556018781996,LOW
0,0.5073899921522759,1.2853476605656011,-1.3077484108491133,-0.7908595984372007,-0.00016729069002014937,0.7526065121345236,LOW
0,0.5092816158182865,1.2854733166531356,-1.3095572885323272,-0.7702579570984748,-0.00019049541404706418,0.9387774779734791,MEDIUM
0,-2.5041802993455677,-1.807525180246925,-1.3775813975411175,-0.7611893101935252,-5.55114349495188,0.8307517598287331,LOW
0,0.27554144448631024,0.3145102718225578,0.6326369242166028,0.1823092029116289,0.2975644700770571,-1.1806761779128183,LOW
0,0.5698671047932902,0.6272392331626844,-1.3230978533830822,-0.7938911569894233,-0.00018595590106347174,0.6537069036562911,LOW
0,0.6786802821901279,-0.07863462980797833,-1.3339290787371414,-0.7964264827063096,-0.00019801261516248325,0.577238809320507,LOW
0,0.22059597611457227,0.30551810033952553,0.5967539073014216,0.20052441961122244,-0.00018374385301748983,0.5734502299913314,LOW
0,0.4091770151271869,0.5587522167177501,0.4710553363706269,1.1546092969668524,0.0025514721964676225,-0.42385341466274046,MEDIUM
0,0.2746418096032863,0.31442895254042696,0.6326401504854916,0.1808337060539425,0.3576552932075135,-1.1802630932477036,LOW
0,0.1748193389078985,0.1195646875908538,0.8910120786191232,1.6888067978789683,0.4805776780911623,-1.188443857515612,HIGH
0,-0.007430703339193328,0.6155945852526776,0.7449779468121355,2.126076066215788,0.07387255080819298,-1.1571078282709968,HIGH
0,0.5078192981218701,1.2323889022591834,-1.1090132694405463,-0.7701560021548635,-0.00019430473926432387,0.9418683634058717,MEDIUM
0,1.2109782659276618,-1.7732476538138857,-1.3315694286924016,-0.7804169125835202,-0.0001429279612207055,0.632247264440473,MEDIUM
0,0.20587345205731675,0.12983595787679364,0.36713550320744837,0.22989879206992328,0.573304563558446,-1.2027375538053167,MEDIUM
0,0.14362800880284105,0.5885693859128251,0.723244111744158,2.127596647680254,0.0036316660940526684,-0.8160363585766995,HIGH
0,1.211141879734961,-1.773252245354287,-1.331575592083868,-0.7804181121597293,-0.00014286695711531862,0.6321870227313877,MEDIUM
0,-2.504180339321689,-1.8075252236637693,-1.377581455821125,-0.7348524342098293,-5.519512116357933,0.07355694001920887,LOW
0,1.0393381477785057,-1.1638932342250858,-1.3379378414696192,-0.7209794620373513,-0.0002218146305324421,0.8550591632522302,HIGH
0,-2.504099518069322,-1.8074374461687759,-1.3774636289011122,-0.7757043587470259,-0.0019238351847220923,1.1835980153848782,MEDIUM
0,0.21029773918035083,0.42152830398115165,-0.08522563988802996,0.5411535638968805,0.7666354036309461,-1.203917652012082,HIGH
0,0.18088429789722038,0.03925991320616195,0.939539175844191,1.5407196450594818,0.5718061537950062,-1.1974134391730098,HIGH
0,0.1800602122678094,0.027327596707470425,0.9548269749476381,1.563946919019044,0.5666966470941859,-1.1965102310745934,HIGH
0,0.12889331506897259,0.28889977087207486,0.6318430670838604,-0.3225809767072643,0.5093032036525317,-1.2935942619836651,LOW
0,-0.014093982002155782,0.6398420442350016,0.43820029151224477,0.9241174030088016,0.47691656474942234,-1.1862195496783556,MEDIUM
0,-0.09386147490152805,0.633468568299105,0.7811817058153625,1.990455406535013,0.47599992947954456,-1.1848268584034296,HIGH
0,1.2118822205138289,-1.7742243052351097,-1.332880423371589,-0.7217597135428616,-0.0002095261202414338,0.8201263610223538,HIGH
0,0.44643345630428793,0.6655086187152248,0.8998700532397428,-0.766503290721934,-0.0002412638940399172,0.9951659647644525,MEDIUM
0,0.21429241685556275,0.42480215473205085,0.26191699902585097,-0.2499689866803493,0.30027650474678025,-1.330650780299385,MEDIUM
0,0.12898840849105453,0.2888832505910347,0.6318400020100235,-0.32280310906060156,0.5092658099542282,-1.29363560010934,LOW
0,0.11039183536211125,0.6125673402343419,0.45812269461725524,1.1521745595005664,0.009916914449842851,-1.077744785457944,MEDIUM
0,-0.1020397595314819,0.6376702085834738,0.7805688012108336,1.9927651399251867,0.47544378830816736,-1.184773812833437,HIGH
0,0.19585182804173412,0.2724234513456343,0.40864172074181815,0.6034758701098405,0.3338477259824812,-1.1924242161305412,MEDIUM
0,0.21240099762896147,0.3333889409899811,0.3183432038468334,-0.13276273032751046,0.6213441979968566,-1.2206469030706903,MEDIUM
0,-0.005487941901351602,0.6353560561208559,0.4378883195052103,0.9206586465179234,0.47751009140733586,-1.1863737462064934,MEDIUM
0,1.2120732776697551,-1.7742429725164097,-1.3329054811413594,-0.7217648105288429,-0.00020946448342379568,0.8198855670238149,HIGH
0,-2.5041700569323555,-1.8075140562746015,-1.3775664654289939,-0.7873161676857374,-0.004361520286726029,0.7441083862027412,LOW
0,0.4669797324714172,0.7544334426170208,0.48011028819077967,-0.7082393113654495,-0.00025151637542410686,1.160758373869094,HIGH
0,-2.5005417048959577,-1.8072732200420774,-1.3772431822057956,-0.7878466545758975,-0.0027383843752589354,1.8460331918588064,LOW
0,0.509706677688108,1.2870815031291187,-1.3112757067442513,-0.7109599858687032,-0.00022894362463041746,1.1178281291503895,HIGH
0,0.19279247568609548,0.3616149418317224,0.29859218469447074,1.1863020442402574,0.638867419846181,-1.135150242909175,HIGH
0,0.49292039161227524,1.0083538945225077,-0.333577101540915,-0.7899931466217164,-0.00020311077316244943,0.7778797969061553,LOW
0,-0.5501157576241003,-1.8037325372000534,-1.3724903950130372,-0.730688195194181,-0.0002181029185743686,0.3617933641808572,HIGH
0,0.44342117574614925,0.6552247535181824,0.9567640364405701,-0.7068408639159731,-0.0002498610275626614,1.1708889276024774,HIGH
0,0.3490987148192388,0.5288024719055829,0.7533812405741941,-0.7823320359188267,-0.00027641114383196815,0.8239648661064557,LOW
0,0.09299219122167614,0.5974655698605705,0.7303397739858588,2.1274221185192306,0.003894080090440061,-0.9071828862948806,HIGH
0,0.49732651642022874,1.0445756806814193,-0.45671649722660795,-0.7100797532822375,-0.0002410552560732608,1.1402307693118912,HIGH
0,0.20593889956964456,0.1305376858619178,0.3666897494141698,0.22645888054207822,0.573316767619429,-1.202921596870827,MEDIUM
0,0.4136168776615603,0.5636498596988658,0.46991704592331357,1.1543761021327792,0.0027208544769693212,-0.4806659142887432,MEDIUM
0,0.4062298015366283,0.5805178449800387,1.6470152380362133,-0.76403845896899,-0.0002289016247107778,1.024528057624137,MEDIUM
0,0.19597206417029858,0.2701701904042002,0.40825085934245575,0.6003028483072733,0.4967244351159586,-1.1863446040204668,MEDIUM
0,0.2928684415574334,0.5637156085667862,0.7040538116160755,2.1281527749782416,0.002917517481179788,-0.5609517318374978,HIGH
0,-0.014103097139096969,0.6398494817545191,0.4382006414617954,0.9241210568257918,0.47691666103767305,-1.1862193960409206,MEDIUM
0,0.2216851135715608,0.4317135903677961,0.6316510780142789,-0.7464167984402958,0.3703138179805846,0.8973201967764168,MEDIUM
0,0.21960497811759866,0.43370171248434225,0.6352343985571195,-0.7755864520279114,0.011655228058355447,0.7930105150457514,LOW
0,0.1957734625266312,0.27432849892940797,0.40889615077792607,0.6049716290968832,0.2624767637409684,-1.1981935605407836,MEDIUM
0,0.40677678696564523,0.5805070924893787,1.6570016607472975,-0.7044582863176818,-0.00024390354953696388,1.199270919822415,HIGH
0,-0.08471728604915996,0.6441922074618136,0.7679562235583529,2.0409246786848936,0.46681541016510547,-1.1827246118246442,HIGH
0,0.17325904287806412,0.4043834080152086,0.6046785387069935,2.13075708037069,-0.00020659912267609744,0.6016254745211471,HIGH
0,1.2093745413277917,-1.774141708902987,-1.3327695513147013,-0.7217362526579895,-0.00021009413991870455,0.8212357612696555,HIGH
0,-2.5041803393299893,-1.8075252236727843,-1.3775814558332262,-0.7395586225092556,-6.2627735211357125,1.070834442440811,LOW
0,0.17439903656289632,0.13286483209694272,0.8862964145349129,1.6934202054737562,0.12149942562651128,-1.2101944574784034,HIGH
0,-0.014610371545524059,0.6402846630535733,0.43822113646725613,0.9243351882192968,0.4769222061702075,-1.1862104152768977,MEDIUM
0,1.146344701753535,-1.5159249906427827,-1.331654962127584,-0.7995510041760553,-0.0001077698723860871,0.44941539458745483,LOW
0,0.2679578253367892,0.32137959370027885,0.6088558724684644,0.19915900031475378,8.588677568189156e-05,0.4673968493755398,LOW
0,0.1741870381599963,0.13913326810295068,0.8845921421785959,1.6940494674907656,0.12353809252521375,-1.205809879836639,HIGH
0,1.0977256555911716,-1.346848158776625,-1.3335199236394624,-0.79935573194912,-0.00011664567083438268,0.4602778667499144,LOW
0,0.21028636972993883,0.4215189010340311,-0.08552811192290177,0.5418217806993967,0.7665765946771185,-1.2038734085678147,HIGH
0,0.38629448672567224,0.5571580826453265,1.0350840037888236,-0.7626761019121423,-0.0002715178140360987,1.0245724834319063,MEDIUM
0,0.29729066584213043,0.3262227297148896,0.6143284523882133,0.198010589949762,0.0004255191787521413,0.33311061158144195,LOW
0,0.18086411791628831,0.03798573527706338,0.9398562158716691,1.5412750748274138,0.5715119872113603,-1.197399132255178,HIGH
0,0.192999517066336,0.37013754154741085,0.28107738574290475,1.1788102180105522,0.6410600943020266,-1.1424204755203944,HIGH
0,0.22174215383259605,0.4317603815895891,0.6333585386469778,-0.752528254027157,0.0973643298413002,0.9716182328625554,MEDIUM
0,0.15168145657760493,0.3958065948467949,0.4591403982298264,1.1596974643239664,-0.0002535114085144532,0.6065565739866635,MEDIUM
0,-0.09393013877026815,0.6334702261906581,0.7811627887536408,1.9905219992849865,0.4759853707173796,-1.1848250274780385,HIGH
0,0.5080475146156683,1.2895646795881865,-1.3082175349942662,-0.7909005040636069,-0.00016585955884259088,0.7512247914998924,LOW
0,-2.5041803393529714,-1.8075252236977448,-1.3775814558667314,-0.7376506998877274,-3.944692005102245,0.4144992116111424,MEDIUM
0,0.5073367502505424,1.282906943179293,-1.2955092806457131,-0.7908561896432504,-0.00016750960203347481,0.7527217917837161,LOW
0,0.4043246213648023,0.5824330652019796,1.6478751150807451,-0.7853302364629385,-0.00022228386864861526,0.8424080112587058,LOW
0,1.2093283793334506,-1.7731797374077938,-1.331516520709895,-0.7804064375087684,-0.00014353813810007016,0.6327737149183484,MEDIUM
0,0.40617069713509885,0.5804349553032737,1.6449041277245067,-0.7640342454021947,-0.00022913012410660146,1.0245909810492293,MEDIUM
0,0.48335825329384413,0.8770634670681762,0.05932246268153383,-0.7685955641072576,-0.00023347733153127967,0.9752377950572898,MEDIUM
0,0.3975694453661494,0.5735162470220595,1.366962492664022,-0.7848770257553038,-0.0002531500892881108,0.8472687414627967,LOW
0,1.208756681179346,-1.7741280159247697,-1.3327511707326483,-0.721732225123714,-0.0002102273634797885,0.8214264621249798,HIGH
0,0.4165786661689534,0.3206756103258996,0.6292138430759241,0.1916264871854582,0.003413000791670914,-0.7130760404765718,LOW
0,-0.013848072654530332,0.6396459019529366,0.4381910583720467,0.9240210195120695,0.47691411840045894,-1.1862236070843157,MEDIUM
0,-2.504180339321689,-1.8075252236637693,-1.377581455821125,-0.7348577860922934,-3.937250606957982,0.07357814118490975,MEDIUM
0,-0.0682687413113043,0.637479158496826,0.762487356079166,2.061888004611687,0.46285033500776496,-1.181376244272437,HIGH
0,0.5092117684070944,1.2853796930250336,-1.3111096982838153,-0.7109235070517315,-0.00022932505652964303,1.1189191955796263,HIGH
0,1.2092502842067425,-1.7729820247888413,-1.331514860361027,-0.7804061046291954,-0.0001435593471790443,0.6327904569992474,MEDIUM
0,0.19718554592763934,0.2538368504269299,0.40426408950084886,0.5594671064876559,0.5271491594806905,-1.186610369950425,MEDIUM
0,-2.504180339321689,-1.8075252236637693,-1.377581455821125,-0.7348532387130436,-3.9366177301474092,0.07356077038802324,MEDIUM
0,0.2101149887645885,0.25212143820597205,0.631910137061497,-0.42114322575804614,0.786456240304109,-1.3296667761688699,LOW
0,-2.504180338028091,-1.8075252222588327,-1.3775814539352274,-0.7456051271442122,-6.209242556076663,1.3145778036945817,LOW
0,0.4894283358799327,0.9404686948352631,-0.13765943906697575,-0.7095721107684096,-0.00024625578553543706,1.1487196107639288,HIGH
0,0.18875148298996955,0.272602728630194,0.6319153227459723,-0.4054750740252095,0.5361832053744384,-1.2722679136549468,LOW
0,0.16038805194357456,0.34353297849237213,0.41276418449380986,0.6370571943056597,0.5092116027029997,-1.0941462703030005,MEDIUM
0,-0.005644077328923169,0.6353716520779044,0.4379024727241109,0.9208422344073961,0.47747609923522744,-1.1863649543421522,MEDIUM
0,0.9942619965895015,-1.0322174553440886,-1.3377542004657907,-0.7794570344019933,-0.00017496945056124803,0.6773264224386164,MEDIUM
0,0.20601538794566548,0.1354862645151225,0.366200174636711,0.22261415151107478,0.5740919777027418,-1.2031179721885286,MEDIUM
0,0.5090569630235275,1.28299494323518,-1.3110387372989392,-0.7109118753158468,-0.00022963347722053935,1.1192665167360538,HIGH
0,0.42019476002683426,0.32003332120815253,0.6296646609138475,0.19138317278024936,0.003561926410641457,-0.7605921696129849,LOW
0,0.2221195081155881,0.43126472856336373,0.6323476170555333,-0.6921056622373212,0.07380261823745625,1.1423532555251583,HIGH
0,0.22213018094853512,0.43127286341226484,0.6322483342550185,-0.6926433819168716,0.006183429418599128,1.1394276053539438,HIGH
0,1.1992948492242272,-1.7104676583271305,-1.3327180418233961,-0.7217201239496994,-0.00021019700939845518,0.8219997266992035,HIGH
0,0.13301414955189106,0.2887691080740153,0.6318201964054323,-0.32434778659422586,0.5092474885853983,-1.29391236066086,LOW
0,0.2855235098909984,-1.7934623222031945,-1.3587043123612386,-0.7271246532816373,-0.00021476228314012565,0.5564400305185201,HIGH
0,0.18079326414842592,0.03041895350791335,0.944313502739688,1.5434300917875556,0.5708162066930288,-1.1973706679220588,HIGH
0,-2.4845209191170943,-1.8075282361928366,-1.377585499648321,-0.7348027377347636,-0.00021832412185455161,0.07482214784247525,HIGH
0,0.4036848069689839,0.5762181726210454,1.5270155195541586,-0.7042105286474268,-0.00025016217203126565,1.2024900165834254,HIGH
0,0.12692849023812663,0.3753170415208778,0.5882328571504221,2.1298191209080395,-0.0002549474439593624,0.6141692518126181,HIGH
0,0.2141007740234962,0.4062265957898146,0.2829876918554057,-0.23708748657497447,0.6002629465981705,-1.2624577961717085,MEDIUM
0,0.21960707174397784,0.43370756220048584,0.6352354225363548,-0.7755909594095437,-2.2932017448617668e-05,0.7929637077995931,LOW
0,-2.502015500517187,-1.8073986769006685,-1.3774115875042532,-0.7758144061684518,-0.0018297857006713348,1.3130493802107788,MEDIUM
0,1.1536253520564923,-1.5427420948331427,-1.331341839480036,-0.7995789087898485,-0.00010655201293379017,0.447836131812488,LOW
0,0.5090154674665444,1.281455129240215,-1.304536914532368,-0.710908721282113,-0.00022971976176565804,1.1193606174241517,HIGH
0,0.12316075995576845,0.22636878128935659,0.8719407290233777,1.7294290268890125,0.5244249316042665,-1.1271120848790064,HIGH
0,0.21494592111367777,0.4253659739632436,0.15259228406219502,0.21719489282345922,0.8166239880465179,-1.2264685899138073,HIGH
0,0.19271428709189534,0.3586644808311829,0.3046781659772326,1.1891593099167523,0.6381238987433918,-1.1335423599292977,HIGH
0,0.14581444286001685,0.2878138680939437,0.6318288773726884,-0.33869096395460163,0.5113914732489374,-1.2956939647567232,LOW
0,0.3999924326977064,0.5765591101641476,1.4580772548385004,-0.7850340029746462,-0.00024399715369912697,0.8462681964897552,LOW
0,1.0837106030596573,-1.3005013252793274,-1.3366098282740244,-0.72122480464855,-0.00021767574674210393,0.8447348414651279,HIGH
0,0.14326670527878232,0.2640772603961887,0.5695344334351145,0.2020772030094197,-0.0002618616560228824,0.5915957251519386,LOW
0,0.1917706975703401,0.3272944015856457,0.3697054322806353,1.2234183384306718,0.6321806018614685,-1.1390122122443904,HIGH
0,0.21029895596957873,0.4215293091501615,-0.08517373459798586,0.5410819133851963,0.7666368469831023,-1.2039227033034938,HIGH
0,0.22158862782977973,0.43163458368950797,0.6254919683599313,-0.7225897334130885,0.5824670366358011,0.32597216590107175,MEDIUM
0,0.027631171590394233,0.6372507198758312,0.4489309588687158,1.0521579905329577,0.46096445385676604,-1.1808161129871653,MEDIUM
0,1.2104484370793247,-1.772377127650034,-1.3304008898011432,-0.7997243060903241,-0.00010258956988697072,0.43959057305850346,LOW
0,0.20959873633247042,0.2526212495252673,0.6319105688368497,-0.4207947470348682,0.8415458128660716,-1.3264857979811653,LOW
0,0.18080189937550073,0.03116754551471553,0.9436506829284922,1.5431677309365437,0.5707732321667315,-1.1973732879884964,HIGH
0,0.4124042973412461,0.5643937879175762,0.46974557216187574,1.1543410593819843,0.0027454153513046782,-0.4892861644226684,MEDIUM
0,0.20745492532267357,0.41892115632494326,-0.04383713253142202,0.6727132783590654,0.7432901921950988,-1.1934880233166112,HIGH
0,0.4066491012362343,0.5811051018103665,1.6573822087641983,-0.7640672319725773,-0.00022781968783624912,1.0240963457473011,MEDIUM
0,-2.441068338250458,-1.8075421998251595,-1.3776042435392115,-0.7347778583041489,-0.0002175975641843822,0.07647000078575135,HIGH
0,0.5093413063141787,1.2862941248227446,-1.3095793766561319,-0.770262177496649,-0.00019030204341973221,0.9386489184400924,MEDIUM
0,0.22211885639558795,0.4312642005286984,0.6323460243706382,-0.6920509203038037,0.07695531384388683,1.1424692163800474,HIGH
0,0.1742542552501543,0.13876590697633848,0.8846721501660952,1.6940192490192627,0.07845920631059342,-1.2062844354864692,HIGH
0,0.5089971576420705,1.280406904961593,-1.298450707669844,-0.7109073299326308,-0.0002297502245390871,1.119402119551737,HIGH
0,0.19357160064147858,0.4064860417644167,0.20829627972027512,1.1599268086598085,0.09947046131374056,-1.2612989291951804,HIGH
0,0.40504887123561883,0.5788615812869945,1.5950004877500885,-0.7639478391342979,-0.00023420280742444537,1.0258352145397664,MEDIUM
0,1.0046756170875417,-1.063792053963403,-1.338782522871729,-0.7207778570426426,-0.0002250763352205827,0.8629900557366336,HIGH
0,-0.005627269130537547,0.6353691525897202,0.4379011546188458,0.9208252401208576,0.4774796299354598,-1.1863657644483503,MEDIUM
0,0.22182840767373652,0.4310263992397158,0.6121608988164341,-0.5632761140887916,0.7740473448686638,-0.9851141941520961,HIGH
0,0.22175875545771453,0.43177334271111034,0.6332771138218418,-0.7529516132193226,0.0036882765315142045,0.9706040630662081,MEDIUM
0,0.41267891570315607,0.5891468686229309,1.5443320084179224,-0.7048647009318542,-0.0002449736568009797,1.1933279523839306,HIGH
0,0.384690691951216,0.5548459690475371,1.0055225491877477,-0.7029083031193246,-0.0002635956643053385,1.1950672954458759,HIGH
0,0.1289553870428771,0.2888865467745181,0.6318406085024376,-0.3227587426775965,0.5092721604550452,-1.2936273812473478,LOW
0,0.19163180775437566,0.3229414009242061,0.37873822972412674,1.228325790754565,0.6315070753151312,-1.1414969527862073,HIGH
0,0.3678159240243441,0.5404204440559249,0.8307439681272358,-0.7616006489014185,-0.00027217760577727645,1.0116343065697302,MEDIUM
0,0.5075052770601342,1.2255595986287013,-1.082942047129168,-0.7701339092240106,-0.00019499698558131533,0.9425289548621614,MEDIUM
0,0.4069633837263807,0.5807686430851637,1.6563043674402607,-0.7044713489980144,-0.00024388810118444027,1.1990735960057084,HIGH
0,-2.5040995180443115,-1.8074374461416125,-1.3774636288646498,-0.775704358826287,-0.0019238353355972193,1.183598123199887,MEDIUM
0,0.20594047727052403,0.1305932795669211,0.36667947570389847,0.22637891579332234,0.5733115396237647,-1.2029256203230634,MEDIUM
0,0.3843990466573694,0.5553023365199641,1.0041246232723284,-0.7625624521934338,-0.0002722991022825209,1.0233082464677332,MEDIUM
0,0.214305517437148,0.4254428167991092,0.2610106230385376,-0.2502350810829162,0.17252525561017656,-1.3327296260791393,MEDIUM
0,-0.10144610268395622,0.637215815965072,0.7806090272191615,1.9926085057900125,0.4754269874867331,-1.1847769497472804,HIGH
0,1.1154840876834353,-1.40636534799913,-1.332882123763139,-0.799428811959107,-0.00011322346634286836,0.4562580767918274,LOW
0,0.5091959515493699,1.2841528874019899,-1.3095244378462552,-0.7702518671706513,-0.000190806915644811,0.9389629767172968,MEDIUM
0,0.16488483386471195,0.3358140983299796,0.4122648693936058,0.6316828817472593,0.5076208184075425,-1.0853925187979194,MEDIUM
0,0.40629092951020307,0.5798263458750382,1.644765221115317,-0.7044229812412187,-0.0002445908673453191,1.1998009642089282,HIGH
0,0.1484189227496081,0.3647074848352301,0.4144193050902102,0.6547501044291457,0.509312381648388,-1.1220944991660535,MEDIUM
0,0.21350514473742435,0.24995819961156365,0.6320678090936821,-0.4257699918495882,0.2050909943441886,-1.366578127652118,LOW
0,-2.094379062791008,-1.8070531321264791,-1.3769477502020813,-0.7791685676645267,-0.0013255303007877427,1.2402982060663195,MEDIUM
0,0.3403939921399341,0.5185811085947523,0.7240528204815642,-0.7600224095239981,-0.0002659292665923233,0.9970330736899717,MEDIUM
0,0.22131830465834978,0.4306084737912717,0.5726960509342219,-0.4656860675876954,0.89391467230555,-1.262474092588021,HIGH
0,0.5853386691606806,0.5074748812347412,-1.3267164391455193,-0.7742467019390138,-0.00020745948743822122,0.8239565652801015,MEDIUM
0,-0.09402274748989288,0.6334795675756363,0.7811423227225713,1.9905942157119336,0.4759661797531946,-1.1848230677447698,HIGH
0,0.17183783517620924,0.1434449968125165,0.8841229867031378,1.6947306523440004,0.6854532556562573,-1.195734214654412,HIGH
0,0.2059360904704238,0.13047402424789906,0.3667080868915159,0.226601532925981,0.5733337764488592,-1.2029143093191443,MEDIUM
0,0.24646252004870947,0.315465821163206,0.6039223406975239,0.1998479663186418,-7.409826858929387e-05,0.5311479390528268,LOW
0,1.2069813370909208,-1.7677119139718258,-1.3301567326227037,-0.7996858226940823,-0.00010411452097490262,0.44177441554105074,LOW
0,-2.5040312729425502,-1.807363331655324,-1.3773641422975251,-0.7876848368636106,-0.0029205490185977767,1.6080697106315154,LOW
0,-0.005426299607933018,0.6353557946442165,0.43788063662710425,0.9205583706883611,0.477525084914165,-1.186378582865368,MEDIUM
0,0.16079637372962247,0.29599548323017355,0.6329940515099765,-0.21867615277974686,0.49325359070069363,-1.2512513006439523,LOW
0,0.40634770862096026,0.5806830814522915,1.650861776312725,-0.764046732241429,-0.0002284874151768559,1.0244042300199487,MEDIUM
0,-2.5040166342928054,-1.807357082053463,-1.377355753229933,-0.7876962669602169,-0.002902850321941596,1.6284490163944425,LOW
0,1.2108280548826595,-1.7722875408339531,-1.3302806341637123,-0.7997059537039305,-0.00010281584176175253,0.440630853582869,LOW
0,0.5044693254944793,1.2010682388055345,-0.9806621434526063,-0.7906775525342993,-0.00017548631106214518,0.7586539809590486,LOW
0,0.3511146662017705,0.5303874117021048,0.7600512248456065,-0.7824331166455923,-0.00027699514731126506,0.8249376345365816,LOW
0,0.4261082147830913,0.6191596838279764,1.2500259712846076,-0.7865493239534023,-0.0002316552952848287,0.8245983942997499,LOW
0,0.22011456885879369,0.4340736934800462,0.6354851125265303,-0.7756178159406795,-0.0002629435056913059,0.7930521807265322,LOW
0,0.20580331383980527,0.12974220206111092,0.367641340639042,0.23375924676604512,0.5726660136316146,-1.2025220382794777,MEDIUM
0,-2.486298842491978,-1.807314655532249,-1.3772988025693809,-0.7760523711155628,-0.0017260447559284493,1.472445380604196,MEDIUM
0,-2.5041803393217252,-1.8075252236638089,-1.377581455821178,-0.7349303030063626,-3.94623312552976,0.07422057195496132,MEDIUM
0,0.5072968937079712,1.2802853344836433,-1.2791670885007826,-0.7908537227116168,-0.00016759993577009012,0.7528052249536834,LOW
0,0.19552583381183333,0.28180036090824434,0.4096999998456104,0.607919824746944,0.1257413118109941,-1.2056420742407468,MEDIUM
0,0.21426380761305822,0.42224634393168303,0.26526431136127154,-0.2486968348385936,0.6599962837103812,-1.3215796111302065,MEDIUM
0,0.2137405757760247,0.3850194469461454,0.30099177773958213,-0.2152111406885205,0.6351790851963478,-1.2416431275740292,MEDIUM
0,0.507208784924883,1.2743490773839692,-1.2450492000474973,-0.7908486133926244,-0.00016762680237214367,0.7529780128854769,LOW
0,0.19339602007676654,0.3927363094774181,0.2353987593258376,1.165188722760898,0.7994434949709176,-1.185055408343806,HIGH
0,-0.005692440306970995,0.6353796690665897,0.43790608648408813,0.9208886841606901,0.47746606511505774,-1.1863627440029167,MEDIUM
0,0.3282193986606957,0.31676520722192314,0.6319556613771159,0.19020044637272307,0.004723683653953996,-1.0058830097226785,LOW
0,0.32528664456804335,0.5106424747623259,0.7039734723362591,-0.7811266474212607,-0.00027032682803471603,0.8147023152811492,LOW
0,-2.5041796427422582,-1.807524467130114,-1.3775804402985186,-0.7856110177347416,-1.6312717467577955,0.552989250458032,LOW
0,0.21323682122529436,0.36397306669454077,0.30997029395124576,-0.18399218529581993,0.6288739804988639,-1.2278836672265756,MEDIUM
0,0.18086720306279183,0.03823111886415697,0.9397740895986153,1.541186797350534,0.5715665139441204,-1.1974011813043943,HIGH
0,0.1933159993354814,0.38695376370595125,0.24673840167572017,1.1679280771043252,0.6119513243416758,-1.16505082101919,HIGH
0,0.4599856236524217,0.7187385190395421,0.6324557175686321,-0.7672726107572171,-0.0002424290138058117,0.9885327869844137,MEDIUM
0,0.2220107980961878,0.43117579588017935,0.6270967457033123,-0.6486958968246674,0.6374054089635739,0.15169499437067957,HIGH
0,-0.005580776268496538,0.6353631308645853,0.43789730377896313,0.9207754504135877,0.4774895286233548,-1.1863681422943113,MEDIUM
0,-2.503811505999283,-1.8073417487273096,-1.3773351707492603,-0.7877240273934468,-0.0028635302227571053,1.6756483057510163,LOW
0,-0.11070916753325458,0.6492686019915388,0.7789455320677425,1.9990408754566218,0.47447420439902355,-1.1846831141090897,HIGH
0,0.5097800780660784,1.2880318792721277,-1.3097265830373759,-0.7702927386171488,-0.000189703280712906,0.937718030364054,MEDIUM
0,0.22161295637395861,0.4316545013302099,0.62716015770265,-0.7290764375427738,0.6016618941197034,0.4765125119432711,MEDIUM
0,0.12496919955952027,0.22292853889553885,0.8727060051093838,1.7273892734938618,0.5244987462868064,-1.123130851965558,HIGH
0,0.12897908912561137,0.288884066628575,0.6318401520582915,-0.32279212466716173,0.5092673167150342,-1.2936335671136252,LOW
0,0.4190885391517041,0.3195715589460106,0.6300024374429087,0.19120856112994913,0.0036673543857591796,-0.7948900502006251,LOW
0,0.21951179742920449,0.43073982411844014,0.6351980596288603,-0.7634987419448653,0.5380778164504395,0.6228755451972067,LOW
0,1.1705919497212578,-1.6000665075671607,-1.3320241057996047,-0.7803413721411092,-0.00014359567017182824,0.6360351231675276,MEDIUM
0,0.22171915460191882,0.4309369108974478,0.6035714991434554,-0.5361448596479397,0.9008471197878481,-1.1095248511124574,HIGH
0,0.22173940486735674,0.43175811944544495,0.6333240054630128,-0.75240410408912,0.11111278847287503,0.9716747035665771,MEDIUM
0,-2.5040646859243894,-1.807431502737064,-1.3774556508168325,-0.7757215770040846,-0.0019056815428421298,1.2065217929909016,MEDIUM
0,0.18080748542336056,0.03172127219782004,0.9432201817592732,1.5429972740206972,0.570764459734339,-1.1973748564770597,HIGH
0,1.2070807629962246,-1.7683070056279748,-1.3301577458788878,-0.7996859586414303,-0.00010410542256596947,0.4417666788469459,LOW
0,0.33066801251504324,0.5577708548718785,0.6996170543600435,2.12830421206737,0.0027504988164165373,-0.49952015218767887,HIGH
0,0.3804051240260999,0.3183765363131399,0.6308399030366754,0.1907747647045579,0.003916356865170081,-0.8813197840587917,LOW
0,0.22170646342811887,0.4309265132505289,0.6025581236970738,-0.5332054661437214,0.8993672131917084,-1.1239416218374236,HIGH
0,0.17677101627203173,0.0863330425644774,0.9134862077436711,1.6436402441149698,0.5476820527773628,-1.1895708693884253,HIGH
0,0.41915996654686577,0.32025096460386443,0.6295071462670664,0.1914659804478999,0.0035110784871032075,-0.7443827431275196,LOW
0,-0.08378112398982525,0.626967679859636,0.7850707663210028,1.9769110659130642,0.47842735524324403,-1.1852188899668827,HIGH
0,0.5031581078821036,1.140167466513389,-0.7688306090472293,-0.7698318295146915,-0.00020395603489785236,0.9510238768891408,MEDIUM
0,-0.1375344013721248,-1.7984091553103265,-1.365344626132706,-0.7865683156499178,-0.0001985728134689558,0.3097245559013007,MEDIUM
0,0.18081492615855121,0.0325307878404427,0.9426533342546263,1.5427694116811352,0.5707800966436446,-1.1973769230290696,HIGH
0,0.39741510881639486,0.5683413437039692,1.2920782828889836,-0.7037390560680281,-0.0002585788644170867,1.2036810146429204,HIGH
0,0.18120797525653318,0.04692444015046268,0.9389643223437476,1.5325071331787703,0.5736871195655043,-1.1976483388108976,HIGH
0,0.10408838579227239,0.3604204122550489,0.57953471508374,2.1292425837514357,-0.00026123453621474454,0.6122919581794634,HIGH
0,0.10509371643797136,0.6134573742634998,0.45786095184539216,1.1520494661053704,0.01408137928980056,-1.095322188372708,MEDIUM
0,0.19534959895826093,0.28793455797407214,0.41027203288902386,0.6090327503854133,0.07680260711175768,-1.2007759910789237,MEDIUM
0,-0.01616975969916547,0.64193298606595,0.43830099004864265,0.9251743510568389,0.476899412622319,-1.1861758775447795,MEDIUM
0,0.20586141782223022,0.129776563371106,0.3672210629640363,0.2305536216869274,0.5731557538743239,-1.2027013946126959,MEDIUM
0,0.060426692865033486,0.3313941540591982,0.5622893654074247,2.1280392499361036,-0.00026488032416121696,0.6047735126175848,HIGH
0,-0.0034651655868836013,0.6148514243196991,0.744386604791075,2.1264113128749265,0.05022098959496098,-1.1449400403275627,HIGH
0,0.12758313073017818,0.6096678728656559,0.45890768318015057,1.15239892358654,0.005145637896055938,-1.0263072001488045,MEDIUM
0,0.4205341881125848,0.3197770685418104,0.6298533081544446,0.1912857634506181,0.003621385303456169,-0.7797049908145107,LOW
0,-2.504180339321689,-1.8075252236637693,-1.377581455821125,-0.7348527737023846,-5.519720955029017,0.07355873038803695,LOW
0,0.1666428803858546,0.33284015901415004,0.41209011129816997,0.6297949770766683,0.5162625036627221,-1.0824191643373389,MEDIUM
0,0.1804186428122166,0.023009501129230104,0.9562124121848419,1.5542511449792487,0.5688774237932307,-1.1970744108980056,HIGH
0,0.18080740924743133,0.03171338181881721,0.9432260373678025,1.5429996021396442,0.5707644648328473,-1.1973748354076155,HIGH
0,-2.504032233122641,-1.807364370042169,-1.3773655361619066,-0.7876829305333174,-0.002923656967090797,1.6046173525866068,LOW
0,0.1249470695003545,0.6101133183985024,0.458792003443641,1.1523740198197336,0.005462167792819185,-1.0335830072374927,MEDIUM
0,0.40356919282793835,0.5813743145768543,1.6155544181025112,-0.785279521211596,-0.00022632212145825864,0.843224183992768,LOW
0,0.19346498952716112,0.39891877153777383,0.2243399605944637,1.1624643718787562,0.9366224522960414,-1.2263222615686504,HIGH
0,0.2213469379135621,0.43063194079900813,0.5748857844996536,-0.4700837116439424,0.891328877029841,-1.2616320135710202,HIGH
0,0.17425272871012853,0.1387931439226078,0.8846650974349721,1.694021379176951,0.08192777914937965,-1.206250039950379,HIGH
0,-0.08438490611400337,0.6280544294718432,0.784836016429462,1.9777230372382941,0.47828380108903645,-1.185193962774287,HIGH
0,0.16832111358866714,0.14850348102746955,0.8837170926382301,1.6961640510013893,0.9225468724827272,-1.171645237305381,HIGH
0,0.18080747103990924,0.03171978166349016,0.9432212873548619,1.542997713620932,0.5707644604465657,-1.1973748524990901,HIGH
0,0.0024500946630881745,0.6324342300375584,0.4367604955447204,0.9059080436455461,0.4796248561080354,-1.1871359825858787,MEDIUM
0,0.19308767875132407,0.37423558363752496,0.27271818046058427,1.175659784234719,0.6437035692156184,-1.147308374885679,HIGH
0,-2.359919492138322,-1.8066901907689348,-1.3764605608341476,-0.7892182667257691,-0.0023890847990870167,2.037387796801511,LOW
0,-2.3939166051690433,-1.8071355622973513,-1.3770583992146863,-0.7767889927848453,-0.001598063065778482,1.5140205343395914,MEDIUM
0,0.404029003058496,0.5820189113500739,1.636239002240201,-0.7853110465933533,-0.0002237652609605093,0.842720062474377,LOW
0,-1.2592341836638319,-1.8079721845654955,-1.3781814276751907,-0.7329855351679522,-0.0002123103186105924,0.21362341462307005,HIGH
0,0.12887735420539817,0.2889047204651404,0.6318440029405515,-0.32251459517657904,0.5093143231453588,-1.2935818410865918,LOW
0,1.1407213123453803,-1.4954306054847548,-1.3318898814483309,-0.7995291535310423,-0.00010872357208926109,0.4506482326102854,LOW
0,1.2113076792208053,-1.7732571059927227,-1.3315821166954012,-0.7804193776958299,-0.0001428048681564126,0.6321234779915095,MEDIUM
0,-0.019602071621417735,0.6463243457806642,0.43855499970266304,0.9278806051699425,0.4764361633942406,-1.1860739535013882,MEDIUM
0,0.3721984566201096,0.5478257846873648,0.8824386709812836,-0.7834890214086276,-0.0002815025194301235,0.8369764758796648,LOW
0,0.5013261224164121,1.1408647948881796,-0.7632985677010808,-0.7904839380900052,-0.0001835249402977147,0.7646701772556568,LOW
0,-2.5040547349725832,-1.8073888086144858,-1.3773983409452486,-0.7876374198749605,-0.003005655873497864,1.5176827989371522,LOW
0,-0.9800464308914302,-1.8067548112492198,-1.3765473032521474,-0.732137140130317,-0.00021653903887567424,0.2720573571014495,HIGH
0,0.11540489652265341,0.5935016595778352,0.727164929790855,2.127498682318914,0.003776224076577721,-0.8663911935782797,HIGH
0,-2.5040586286949607,-1.8074311200276556,-1.377455137092092,-0.7757226764976937,-0.0019045735763906268,1.2079517766615024,MEDIUM
0,0.42210562135088897,0.6057701859366819,1.3600626968375231,-0.7650553154409405,-0.00023399936057967919,1.0104746935246351,MEDIUM
0,0.15022622578740227,0.17706528534843777,0.8809342906684928,1.7046829997524617,0.5518766204588365,-1.0772354558786779,HIGH
0,1.1947031192646937,-1.6815256665897678,-1.3315246646920702,-0.7803902583394262,-0.00014300330973823482,0.633587187608414,MEDIUM
0,1.187969681620377,-1.6600444707363335,-1.3302433510116372,-0.7996685506147758,-0.00010289054054677775,0.4427554846386869,LOW
0,-0.10142238184992221,0.6371985595315798,0.7806105610849677,1.9926025335299389,0.47542643666027623,-1.184777069932809,HIGH
0,0.12626558001970595,0.6098905323632603,0.45885002477056686,1.152386725323298,0.005293525217364744,-1.0299164101598788,MEDIUM
0,0.2060079423140031,0.13523425322204477,0.3662469040238199,0.22298428206804402,0.5740756686616519,-1.2030970299211527,MEDIUM
0,0.40055528879999575,0.5729157195609711,1.4049073458524914,-0.7636064708468379,-0.00025073695332633,1.028929164738265,MEDIUM
0,1.1324043689499723,-1.4655457978691009,-1.3322274009968684,-0.7994964826214712,-0.00011016534394975781,0.45248437857336155,LOW
0,0.13831727249514303,0.28863686766307595,0.6318036512410179,-0.32619114637804014,0.5096371526790238,-1.2942219689511527,LOW
0,0.13966750371169007,0.28857190074360506,0.6318029774769865,-0.3271686324842823,0.5098575822624443,-1.2943780083855225,LOW
0,0.14739458703603076,0.36655418117566996,0.414576924384372,0.6564210466463472,0.5093359308092419,-1.1245594126468306,MEDIUM
0,0.40258359785143477,0.554189318093372,0.4721228535472274,1.154829781865919,0.0023948573454643076,-0.37105769651429266,MEDIUM
0,0.5092241857534167,1.284604671887493,-1.3095354168980755,-0.7702538786673182,-0.00019070023922770468,0.9389017084353708,MEDIUM
0,1.2102898392041141,-1.7741643611426103,-1.3327999582387813,-0.72174282384297,-0.00020989541833380047,0.8209247965798965,HIGH
0,0.38084189626593545,0.5511881502827852,0.9509791782162026,-0.7026715137520683,-0.0002636760824756323,1.1916889296747577,HIGH
0,0.3658053599019414,0.5379980531300071,0.8156500441264497,-0.7017591667086915,-0.00026214269326841044,1.1795489110402304,HIGH
0,0.38209298137697606,0.5568953675733567,0.9999204771460021,-0.7839970505799604,-0.0002792766416903114,0.8430462897709033,LOW
0,-2.504180339321689,-1.8075252236637693,-1.377581455821125,-0.7348524385687566,-5.519514808049049,0.07355694596753395,LOW
0,0.11834117041466433,0.6112285774159731,0.4584956368897829,1.1523002390892836,0.006732205074607238,-1.0527977224385268,MEDIUM
0,-2.5041821165429967,-1.8075271538495792,-1.3775840467796507,-0.7348261694774774,-0.0002152293517670728,0.07379083500095003,HIGH
0,0.37957688817713947,0.55450999457243,0.9643321875571917,-0.7838658750255789,-0.0002804055398895994,0.8415648214475351,LOW
0,0.5081116052383985,1.2410936546884275,-1.1445967391176939,-0.7108426001749395,-0.00023081872258870522,1.1213262939762945,HIGH
0,-2.504180339321689,-1.8075252236637693,-1.377581455821125,-0.7348556852686872,-3.9369603153536654,0.07357025978091238,MEDIUM
0,-2.504180339321701,-1.8075252236637827,-1.3775814558211428,-0.7348524282235093,-0.0002255938683658032,0.07355697510763662,HIGH
0,0.18429025002988955,0.11943451059174043,0.7976754148761643,1.4532678691310628,0.5908621685378638,-1.1978232043367978,HIGH
0,0.7897168349797982,-0.46601060149396734,-1.3386106440981638,-0.7779843021706273,-0.00021028079542475864,0.7285186304385742,MEDIUM
0,0.3223573220979684,0.508458790081168,0.700289369039791,-0.7809767261506138,-0.0002696906436160492,0.8138039474051096,LOW
0,0.5091599763090948,1.2835546482611686,-1.3094657481101748,-0.7702492980263086,-0.0001909479460551723,0.939041226927284,MEDIUM
0,0.7456940972685533,-0.32793369838703884,-1.3390886020155761,-0.7186886866709706,-0.0002416988516901017,0.9205646872746182,HIGH
0,0.38209298137698006,0.5568953675733654,0.9999204771460787,-0.7839970505799604,-0.00027927663885218726,0.8430462897709067,LOW
0,0.20600049832142045,0.1348889200715371,0.3662937790734438,0.2233551762670763,0.5739910314869702,-1.2030770992312292,MEDIUM
0,0.1807959587406931,0.03063812316457643,0.9441077558228419,1.5433483825873713,0.5707995260942617,-1.1973715205356508,HIGH
0,0.22011318780237887,0.43407269711536095,0.635484432974298,-0.7756177428612955,-0.00026294349702946746,0.7930519398055199,LOW
0,0.221746922779385,0.43176429467503574,0.6333946129378886,-0.7527058644400791,0.07520114789237047,0.9713846745980872,MEDIUM
0,-0.09487612421280603,0.6337093236043303,0.781029400422152,1.9909996256635631,0.47580544930042923,-1.1848125573365456,HIGH
0,0.20593189301623974,0.13040482445067142,0.3667356170717288,0.22681550155668068,0.5733706350531884,-1.2029032007478213,MEDIUM
0,0.22174835997689024,0.431765460786592,0.6333855203856652,-0.752751630327786,0.06980672052134455,0.9713025793350994,MEDIUM
0,0.20516016864222836,0.13981632433548194,0.37175137402648867,0.26593229903867693,0.5684745608903201,-1.2003038417401573,MEDIUM
0,1.151949814971478,-1.5353859097253153,-1.3340333491075287,-0.7215782961171999,-0.00021173699228458525,0.8286899119212479,HIGH
0,-0.00344630494025703,0.6352570034910309,0.4375973154649956,0.916856443535734,0.4780543419029109,-1.1865607149855708,MEDIUM
0,0.40495428579060894,0.583313218599199,1.659011152949308,-0.7853681944152368,-0.00022086830634128035,0.8417880668386784,LOW
0,0.1784262844441869,0.05727724724288162,0.9341112351372788,1.604511910671683,0.5570736999157119,-1.1926926729927472,HIGH
0,0.226058871939079,0.593290992351555,0.4628953418784241,1.1530723586348484,0.0036731790472375016,-0.8230567268590103,MEDIUM
0,0.5095564206664175,1.2883334605007821,-1.3096540948745878,-0.7702772419258791,-0.00018981188958249574,0.9381900284360676,MEDIUM
0,0.22588308823687592,0.30778126160615654,0.5983246861961625,0.20039707951074656,-0.00016718268765974928,0.5672911391171143,LOW
0,0.40567879748803504,0.5789658769571159,1.618725199763897,-0.704374396068072,-0.00024598972897208745,1.2005088294403348,HIGH
0,0.21026427786651877,0.4215004253326071,-0.08530802335817825,0.5430966698522631,0.7664482014380599,-1.2037882582134598,HIGH
0,0.21373273079770752,0.2533734198722451,0.6321897653030547,-0.4314666673254548,0.46924044065510706,-1.36407216661328,LOW
0,-0.020532641218240864,0.647613634096948,0.43864689817057123,0.9288638949249944,0.4763526770727728,-1.1860401377201528,MEDIUM
0,-0.0047998810224636835,0.6353537979278148,0.4377908591518791,0.9193857618118552,0.4776926014868767,-1.1864355636959558,MEDIUM
0,0.7598040950794875,-0.3743068555702157,-1.3394185335154456,-0.7188549910106025,-0.00024140632634168504,0.916991122549878,HIGH
0,0.21713504936013694,0.3528327144939965,0.6339903496297568,-0.579125986947859,0.5454688462504752,-1.3355464492311298,LOW
0,0.5074226745435968,1.2859138858232808,-1.3080004425593894,-0.790861674215042,-0.0001671420213952436,0.752536321147588,LOW
0,0.3151937352998788,0.4989573403752165,0.6873746033513473,-0.6986158838590806,-0.0002577455294914522,1.1577080087121876,HIGH
0,0.767195322105409,-0.39804729909516867,-1.3395714796633222,-0.7189382038423473,-0.00024122270737303707,0.915178737138644,HIGH
0,0.16785631858098268,0.1491648096905627,0.8836649765068526,1.6963622252955333,0.9182657088854941,-1.1677374913690064,HIGH
0,-2.504099517959524,-1.8074374460495275,-1.377463628741041,-0.7757043590950102,-0.001923835257931472,1.1835984887204245,MEDIUM
0,-2.50392098665378,-1.807425836300624,-1.3774480445533681,-0.7757377767613813,-0.001889942464450634,1.2271791620333687,MEDIUM
0,0.13948727768717573,0.2885854673486923,0.6318025873088045,-0.3269592997880867,0.5098220043753913,-1.2943450193411647,LOW
0,0.19674747621074778,0.2941127527771657,0.5890874297620387,0.20104974347253216,-0.00023225170554515653,0.5898542322436767,LOW
0,-2.504180339321697,-1.8075252236637782,-1.3775814558211368,-0.7349080217668957,-5.551371120668794,0.07406505194729451,LOW
0,-2.5035689247695125,-1.807418170847065,-1.3774377549366112,-0.7757595230378604,-0.0018706534059947447,1.2535221006650403,MEDIUM
0,0.2221193211079005,0.4312645772143238,0.6323476820422584,-0.6920901729671687,0.07470258263925879,1.1423879951070195,HIGH
0,0.2226110021346302,0.4316201734159049,0.6324853092317164,-0.6926778220389659,-0.00025671824078870524,1.1394595939354226,HIGH
0,0.5062809800927469,1.2001414990699426,-0.9857994067697121,-0.7700476733814575,-0.00019753786285924634,0.9450575659828648,MEDIUM
0,-2.504180400394643,-1.807525289993241,-1.377581544857584,-0.734848113437557,-0.0001936049873538144,0.07355922162670246,HIGH
0,0.4032219276751439,0.545497369946381,0.6906442426356374,2.1286398859924507,0.0024110328714697926,-0.3723168778467645,HIGH
0,0.1240608610113394,0.22465498160955377,0.8723230972989774,1.7284115714353363,0.5244527539966023,-1.1251374868398962,HIGH
0,0.21431338978793146,0.42563194590044245,0.26073335299568584,-0.2503289495330086,0.12010393123265942,-1.3333966737911815,MEDIUM
0,-2.4623376273410784,-1.807016052637959,-1.376897977057743,-0.7883304158318301,-0.0025389160031057518,2.0953795909421054,LOW
0,-2.5038863176088686,-1.807345581361438,-1.37734031543327,-0.7877171161528658,-0.002872860056295736,1.6642020136054763,LOW
0,0.3422537844155936,0.5234875541767252,0.7343775381917469,-0.7819878226258214,-0.00027447435705604513,0.8208970468386473,LOW
0,0.22266587959693926,0.44016915705345183,0.47654703415023336,1.1594750938687481,-0.00011514811081734441,0.5597280915968057,MEDIUM
0,0.2059835655059396,0.1337992289177255,0.3664013693327728,0.2242037066707895,0.5737356301026216,-1.2030329705415828,MEDIUM
0,0.4106027775798201,0.5597727179091584,0.4708139932855,1.1545603008252379,0.002586920534414627,-0.43571207057424316,MEDIUM
0,-2.503843122498238,-1.8073432809995968,-1.3773372275740108,-0.7877212659412018,-0.0028672230750361612,1.6710990277954745,LOW
0,-2.5041803325256407,-1.807525216282789,-1.377581445913367,-0.7512255069841041,-6.046880922289319,1.1018975826095017,LOW
0,0.12839687833883123,0.28920269877024174,0.6319145356974053,-0.3186634196571464,0.5086486360432717,-1.2928247144126603,LOW
0,0.5559468258756258,0.7690639198488743,-1.3216192153863648,-0.7729942019033029,-0.00020157736574555774,0.8584008983017651,MEDIUM
0,0.4150705544394302,0.3193931238062165,0.6301281039630393,0.19114261316118217,0.003705183846324223,-0.8078946187803677,LOW
0,-2.5041821165271068,-1.8075271538323219,-1.3775840467564855,-0.7348261696123585,-0.00021522931989944458,0.07379083152314211,HIGH
0,0.5086479945330198,1.2552448012935318,-1.1871790184446858,-0.7702139699002976,-0.00019185166017186207,0.9401165302442115,MEDIUM
0,0.4067482146084702,0.5804670693866008,1.6567232234745841,-0.7044562690966831,-0.00024391867164245325,1.1993013905649084,HIGH
0,0.2792950328233267,0.4742984566793186,0.481702433560417,1.1585446321464776,0.0002982214591599052,0.394762954809302,MEDIUM
0,0.2743388034116593,0.3143977917749185,0.6326412763813712,0.18019480227136214,0.38466987986384615,-1.1800429711737352,LOW
0,0.44897726404254,0.6732276632598149,0.8506723881583754,-0.7071769942208148,-0.0002505111319056341,1.1681514526127277,HIGH
0,0.40600036677273815,0.5794181316790592,1.6331468034198078,-0.7044004626050876,-0.0002452369459693906,1.20013306576512,HIGH
0,0.21010199234664817,0.4213553767799842,-0.083733244955507,0.5515298935239497,0.7648669857973421,-1.2032135111059858,HIGH
0,0.5075653022460964,1.2880460817588506,-1.3080549383118791,-0.7908706732753326,-0.000166564251455097,0.7522321187218338,LOW
0,-2.504175769564099,-1.80752723149795,-1.3775841510098794,-0.7348255191349287,-0.00021542470346092086,0.07380797944771285,HIGH
0,0.2102995441194945,0.4215297950089124,-0.08514731775122289,0.5410472793144073,0.7666379594174477,-1.2039251932376105,HIGH
0,0.3743086400407686,0.5349935858797882,0.47612535544731455,1.1557710850834633,0.0017730962619076412,-0.1565290761289696,MEDIUM
0,0.12098605154871721,0.6107822774516455,0.45861553482920847,1.1523321474428159,0.006123666829622554,-1.044934518246333,MEDIUM
0,0.4574493894714959,0.7072429310043468,0.6843779015428703,-0.7671297589101604,-0.00024242860604761969,0.9897426598623752,MEDIUM
0,0.5094002887383151,1.2874149639930186,-1.3111761741958214,-0.7109375054232143,-0.00022905582351394788,1.1185007109476908,HIGH
0,0.21954428727456674,0.43216313522180616,0.6352128532899376,-0.7696949253101338,0.47974100648252016,0.742148862513833,LOW
0,0.20593757409206642,0.1305040565716209,0.36669839387353037,0.226526141032802,0.5733235883621957,-1.20291817833027,MEDIUM
0,0.20062445479141214,0.20712339795993867,0.3917230742818395,0.43968882278465315,0.5443422137912161,-1.1894124020457282,MEDIUM
0,0.2057136585442317,0.13035844211600203,0.3682861164130428,0.23868394371830215,0.5720817780042301,-1.2022327953702365,MEDIUM
0,0.4858298797318746,0.9014271197448582,-0.018998019809627186,-0.709350994651582,-0.0002479426042035764,1.1515061484998386,HIGH
0,-2.5041801863440414,-1.8075250575194166,-1.3775812327995252,-0.7722912247742055,-4.550619739918173,0.6735276116241723,LOW
0,1.1392044112805981,-1.4899411109310798,-1.3319522874089411,-0.7995232248514506,-0.00010898360529956044,0.45098208903632797,LOW
0,-2.503910093701247,-1.8073469878054111,-1.3773422033541034,-0.7877145762895,-0.002876362851287027,1.6599448271559925,LOW
0,0.18151761968001806,0.054002585221661625,0.9311002838309009,1.5248154992330287,0.5754519921756848,-1.197832431110767,HIGH
0,-2.5034223863272977,-1.8074157010273848,-1.3774344396079392,-0.7757665037776731,-0.0018648701289846873,1.2616428943301445,MEDIUM
0,-2.504179211035335,-1.8075239982664033,-1.3775798109257287,-0.7753292324095609,-0.0030464503849801207,0.5234508538457442,MEDIUM
0,-2.5041798626211853,-1.8075247059339046,-1.3775807608535213,-0.782843768401829,-2.6423712543403295,0.5771345466881854,LOW
0,0.5061729147308769,1.1993217540761583,-0.9864143517616832,-0.7106991526379832,-0.0002329084958697167,1.1254505537297288,HIGH
0,-2.504180338949361,-1.8075252232593957,-1.3775814552783197,-0.7432489513769135,-3.7299067196464426,0.9231412341060582,MEDIUM
0,-2.50403223205574,-1.807364368883445,-1.3773655346065092,-0.7876829326615465,-0.0029236346167243452,1.604621215211249,LOW
0,0.1808153477007526,0.032578683586557335,0.9426216308342993,1.5427564765702126,0.570781954366544,-1.1973770424141006,HIGH
0,0.17613945713271564,0.4114934697874163,0.466201357665399,1.1597056199460962,-0.00023416524509873633,0.6029909211815822,MEDIUM
0,0.2060153842162708,0.13548616248716291,0.3662001980284611,0.2226143368150427,0.574091955260262,-1.2031179606459934,MEDIUM
0,0.214672599972542,0.42596648825836847,0.26237469324445234,-0.25516447973822387,0.29082835973260834,-1.3200492829464872,MEDIUM
0,0.21431804844087998,0.42567737580516124,0.260660911288908,-0.25036939058848856,0.09597665490986795,-1.333660158470846,MEDIUM
0,0.13973098181399696,0.28856552788003226,0.6318032020351194,-0.32726734824090287,0.5098717774280809,-1.294393483564471,LOW
0,-0.00013480852446222383,0.6342764744396817,0.43712637218575556,0.9106941005344915,0.47893784120208593,-1.1868781151593406,MEDIUM
0,-2.504180339321689,-1.8075252236637693,-1.377581455821125,-0.7348524286105729,-3.936502640434458,0.07355693509438947,MEDIUM
0,0.5028950859293154,1.1699945432671721,-0.8660411390178553,-0.7905797728641999,-0.00017952044462566063,0.7617534723917605,LOW
0,-2.504179826727995,-1.8075246669514067,-1.3775807085258984,-0.7752851881996851,-0.13589023282767201,0.4961226890452388,MEDIUM
0,0.5086822559256593,1.2609108415992623,-1.2075502192154302,-0.7108848787346269,-0.00022986213571333033,1.1200718732485453,HIGH
0,0.21023982203892447,0.4214794483624934,-0.08436125119654844,0.5444506949060857,0.7663453711690108,-1.2036913884947746,HIGH
0,0.20582631711933436,0.12970771416480453,0.3674741534648559,0.23248518550113895,0.5728014409515653,-1.2025938242109777,MEDIUM
0,0.15122216355169285,0.29420740933183104,0.6328973727168994,-0.24850879032153658,0.4980199936458289,-1.266591250170004,LOW
0,-2.504099494706185,-1.8074374207919424,-1.3774635948368668,-0.7757044328052626,-0.0019237569996080905,1.1836987428354535,MEDIUM
0,0.2100100259774561,0.4212720347803829,-0.08430452225336425,0.5561871462026107,0.7642107348400167,-1.2028660963282602,HIGH
0,-2.504182116554053,-1.8075271538615871,-1.3775840467957696,-0.7348261693835998,-0.0002152293760914457,0.07379083742157172,HIGH
0,0.6636485135176193,-0.0028661123932859343,-1.3343604051777258,-0.7763308278406639,-0.000217611268147926,0.7711502092069654,MEDIUM
0,-0.005156453768113495,0.6353579087828101,0.43784194667674275,0.9200530784930606,0.47759725453901103,-1.1864030553845488,MEDIUM
0,0.4046337615062842,0.5828651978097047,1.6569382228703822,-0.7853492468943243,-0.0002211567885085876,0.8420974753871652,LOW
0,0.4026366210254809,0.5462709041422511,0.6912040554807827,2.1286179999630632,0.002433675116585996,-0.3803284610451578,HIGH
0,-0.08793636701154849,0.6454935838465647,0.7690266226448502,2.036851996837273,0.46758104474249573,-1.1830013237760344,HIGH
0,0.5030495242217367,1.1729703474181334,-0.8768151395739521,-0.7905893042895145,-0.0001791251281251507,0.7614560603299773,LOW
0,-0.014008987171131367,0.6397732842943018,0.43819705587788466,0.9240836226009326,0.47691568398590983,-1.1862209706968856,MEDIUM
0,-2.504182116522686,-1.8075271538275206,-1.3775840467500406,-0.7348261696499288,-0.00021522930924746696,0.07379083055452378,HIGH
0,0.5073918424198619,1.2853903195732623,-1.3078449394015883,-0.7908597159681088,-0.00016728220430989936,0.7526025377189294,LOW
0,1.1785155598320811,-1.626175309587472,-1.3317799931869478,-0.7803641196145461,-0.00014268196289428262,0.6348961493102174,MEDIUM
0,0.13718456555899694,0.6080451744975971,0.45931996695486565,1.152477462779369,0.004490638246262487,-1.001537374418777,MEDIUM
0,0.40434922639389304,0.5824674899139176,1.6487401383561764,-0.7853317862034114,-0.00022217365900763813,0.8423827248545631,LOW
0,0.2119288572903937,0.30159303081054045,0.5940761423199751,0.20072397119659194,-0.00020598032630524,0.5814259332030142,LOW
0,-2.504180339358629,-1.807525223703889,-1.377581455874979,-0.7381620881698545,-3.9228113930567927,0.5012979150317899,MEDIUM
0,-2.5040322263514416,-1.807364362688045,-1.3773655262901983,-0.7876829440403847,-0.0029235780112351548,1.6046418672229608,LOW
0,0.3567570335711286,0.5313480947227468,0.7722008070552878,-0.760967375365341,-0.0002696177445622856,1.0048479410763966,MEDIUM
0,0.4781113159271542,0.8306358119360885,0.20457187002105887,-0.7088894221007521,-0.000250379696657514,1.1560833384738032,HIGH
0,0.21941095440124622,0.42712154353615295,0.6351487899793399,-0.7477737829563875,0.400707871058515,0.276415047536749,LOW
0,0.509128331499625,1.2841565554737884,-1.3110782855436756,-0.7109172534281878,-0.00022948350802411125,1.1191059815273332,HIGH
0,0.5055074111407785,1.1846448195907413,-0.9279666181463857,-0.7699935459529715,-0.0001991385725005394,0.9466037135514177,MEDIUM
0,0.21029976307655374,0.4215299758850559,-0.0851372669682642,0.5410343855085075,0.7666394622469889,-1.2039261320319516,HIGH
0,0.19609103330149147,0.5981962807747485,0.46171709518049187,1.1528743879973982,0.003834560971348815,-0.8794582592573955,MEDIUM
0,0.4639282994436287,0.7499859220807429,0.5110895149285143,-0.7884839691389516,-0.00023559953764702309,0.8026867344800036,LOW
0,0.48128108269742687,0.876110963080463,0.06972277801838168,-0.7893641364005144,-0.00022256240549435913,0.790607766269928,LOW
0,-0.09473820400213859,0.6336626233598738,0.781043487612985,1.9909482186224208,0.4758293417163057,-1.1848138461335884,HIGH
0,-2.5041803366557436,-1.807525220768368,-1.3775814519345226,-0.7477382495253081,-3.577951185745302,0.8690929949972792,MEDIUM
0,0.22743044421864675,0.4430390109124671,0.4772946007646958,1.1594250910919326,-9.30162133255355e-05,0.5509922707016813,MEDIUM
0,-2.504180286439421,-1.8075251662299525,-1.3775813787256264,-0.7621573354932449,-2.7478295560881887,0.6049525505427971,MEDIUM
0,0.20594163429661552,0.13064324624071538,0.3666719494374509,0.2263203189531414,0.5733093176665371,-1.2029285477972,MEDIUM
0,-0.014298999233767817,0.6400124374638996,0.43820830919431825,0.9242011330882365,0.47691879090643535,-1.1862160321551127,MEDIUM
0,0.3940417567085673,0.5693462503363712,1.2539689680648396,-0.7846602386714074,-0.0002632771478771142,0.8475918040874273,LOW
0,0.635987498561907,0.1426230015089903,-1.3338012444038883,-0.7167940311636254,-0.00024007313288640865,0.9607249897191696,HIGH
0,0.4262474503773114,0.6129293631250712,1.2812655831317796,-0.7057638964528191,-0.0002472516666319487,1.1817445854260396,HIGH
0,0.22150951311507486,0.4315698593033447,0.6207220383776676,-0.7054363467524324,0.5178566022826504,-0.03415092067605098,MEDIUM
0,1.0681387429695983,-1.2486652829376448,-1.3358785847814458,-0.7798568773106225,-0.00016073088771531753,0.6595856982091938,MEDIUM
0,0.5067916744408659,1.210595678832922,-1.0254791994647412,-0.7700835937579834,-0.00019648238060231753,0.9440141756424059,MEDIUM
0,-2.503564068260206,-1.8075274562994756,-1.3775844527691332,-0.7348224306085971,-0.00021624008104482404,0.0738995712353954,HIGH
0,-2.504180339321689,-1.8075252236637693,-1.377581455821125,-0.7348525086700266,-5.519558035778897,0.07355717695117768,LOW
0,-2.504032232741334,-1.8073643696280433,-1.3773655356060104,-0.7876829312939454,-0.0029236480258822022,1.6046187330769275,LOW
0,0.17467071818981025,0.12329508683969842,0.8893438116499128,1.691199505725822,0.2883311276430627,-1.1991804136592894,HIGH
0,0.2148988982020753,0.4261515703035887,0.26893236936606846,-0.26326603024654793,0.6426103574700799,-1.2932327765867666,MEDIUM
0,-2.5041797799178718,-1.8075246161123606,-1.3775806402828,-0.7753149689524901,-0.003161949159650663,0.4972876140431944,MEDIUM
0,-2.5040322284209933,-1.8073643649357962,-1.3773655293074365,-0.7876829399120576,-0.002923591563191671,1.6046343745511251,LOW
0,0.16756223707307327,0.33129638779152826,0.41200322389281113,0.6288545814099974,0.511736094637892,-1.0810185697110855,MEDIUM
0,-2.5040322332504705,-1.8073643701810012,-1.377365536348266,-0.7876829302783291,-0.0029236611163082193,1.6046168897957416,LOW
0,0.17634815394656722,0.09359112535847658,0.908464945448473,1.6534913452770335,0.5453486064472404,-1.1890200542599547,HIGH
0,-1.731088659230491,-1.8070072103544665,-1.3768861077394183,-0.7824330864516821,-0.0009716237978025322,0.8730213902174797,MEDIUM
0,-2.504180339321689,-1.8075252236637693,-1.377581455821125,-0.7348524479028363,-3.936505403195013,0.07355695894450287,MEDIUM
0,-0.01406377459893297,0.6398174851047518,0.43819913591761644,0.9241053378988883,0.476916248064609,-1.1862200570882881,MEDIUM
0,1.0037343715931546,-1.0587117024316048,-1.3375579032102671,-0.7795109223070504,-0.00017310091944212279,0.6750369134869362,MEDIUM
0,0.22206407537686182,0.4319937829241779,0.6334277641191622,-0.7529704359310327,-0.0002597520452858568,0.9706491414006111,MEDIUM
0,-2.501414385808712,-1.8073931155233627,-1.377404122265481,-0.7758300072183645,-0.0018198651653713053,1.3282033978648806,MEDIUM
0,0.21382653651117486,0.38927136535196977,0.2982494760947726,-0.22050316840498488,0.6350253023895267,-1.2454577118259664,MEDIUM
0,0.22105888270949156,0.43120099150284313,0.5936327463551062,-0.6380392705482346,0.6444221615124065,-0.9486402279341933,MEDIUM
0,0.40281271657511364,0.5803232217796,1.5802551937813627,-0.785226467642509,-0.0002304916778620058,0.8440274120387506,LOW
0,0.4156119253323545,0.3208252260738278,0.6291122085994413,0.1916832049401217,0.0033785929079903775,-0.7020531190709389,LOW
0,0.22011599029734807,0.43407471897853966,0.6354858119492878,-0.7756178911568952,-0.0002629435098768723,0.7930524286919838,LOW
0,-0.01463380257799423,0.6403058588146497,0.4382221369534014,0.9243456501697868,0.4769224437359834,-1.1862099778467738,MEDIUM
0,-0.10197564220211396,0.6376188234184791,0.7805733409481229,1.9927474629718418,0.47544171035945887,-1.1847741654946342,HIGH
0,1.1962112370409221,-1.6927085985228294,-1.3327379129551673,-0.7217168071038085,-0.0002100319954248706,0.8221567469604814,HIGH
0,0.40768981797658826,0.5577126393073744,0.47130118523224573,1.154659357590878,0.0025154967844657644,-0.4117833564232753,MEDIUM
0,0.17694007284207636,0.28068188739942407,0.6319093513237781,-0.3922713004108105,0.5162088697979706,-1.2826948550841153,LOW
0,-2.495742080803866,-1.8072192761440464,-1.3771707713519776,-0.7879435731969038,-0.0026744176533443384,1.9409485812338292,LOW
0,0.4134177973914889,0.5638471551118694,0.46987164717368807,1.1543667999319838,0.0027274490933635485,-0.4829517061121259,MEDIUM
0,0.11702765746719695,0.23810550666387537,0.8692794094861799,1.7364223964435586,0.5241753908352436,-1.1399907066873343,HIGH
0,0.30479717934749045,0.3159480569152243,0.632389729762755,0.1897550075204344,0.011671194785956775,-1.0838660927231283,LOW
0,0.21960531124763386,0.43370319615207,0.6352345600571202,-0.7755877078022647,0.009839605100868613,0.7930011655282598,LOW
0,-2.5040863639773847,-1.807433360483222,-1.3774581445369825,-0.775716224975324,-0.0019111610860343454,1.199502937405988,MEDIUM
0,-2.5041803393217412,-1.8075252236638264,-1.3775814558212016,-0.7349446231897975,-3.9478347823685884,0.07442336496080221,MEDIUM
0,-2.2816219841835466,-1.8070798075397838,-1.3769835575783338,-0.7776412979119485,-0.0014975692933559038,1.4188754860216948,MEDIUM
0,0.10774219163688042,0.6130126309215361,0.4579933004608475,1.152117638352012,0.011713988221049982,-1.0864556311708684,MEDIUM
0,0.9602447236385828,-0.9412884562051664,-1.339618029688033,-0.7205043900448538,-0.00022915213237688023,0.8729402708415055,HIGH
0,0.4018578114401803,0.5466589549574083,0.6914852329760874,2.128607052880479,0.0024447245879500954,-0.3843485652534297,HIGH
0,0.19080326758632776,0.2708250914318293,0.6319156751947647,-0.4072596436326198,0.5131106655043755,-1.2714734045292433,LOW
0,0.18970050626968668,0.2646103855735604,0.4993042859490678,1.2925477854728225,0.6219836886579734,-1.1721779277968163,HIGH
0,0.05653521975458021,0.5333495319370082,0.4289031983090854,0.8091812768980006,0.4937711263834936,-1.1933868597824748,MEDIUM
0,-0.003919812696706245,0.6353066323741239,0.43766495059011723,0.9177405542701927,0.4779278489621097,-1.1865166223256394,MEDIUM
0,0.402642142355294,0.5800885692356407,1.5723864346343757,-0.7852145416161276,-0.0002314003378994956,0.8441979227861535,LOW
0,1.1877552540752394,-1.655603948846776,-1.331612814719383,-0.7803813741931893,-0.00014250645738636238,0.6340325735320429,MEDIUM
0,0.4138166692431845,0.5631426149695588,0.4700336061947418,1.1544000460271944,0.002703691626138994,-0.4747898022980582,MEDIUM
0,0.4050147589609087,0.5788140914182655,1.5934023594315905,-0.7639451402548658,-0.00023435598992795984,1.0258719265987235,MEDIUM
0,0.17802141106528374,0.2801196526946835,0.6319102725451884,-0.3937148645073377,0.5173617379671386,-1.2816800942723316,LOW
0,0.3097839884302116,0.3272606786703768,0.6163022717356369,0.19744760116170137,0.0006179365850966888,0.2584785879652321,LOW
0,0.12848915027791294,0.2890927871718033,0.631885813453151,-0.32005630800378543,0.5088397508633097,-1.2931085087328407,LOW
0,0.5084104379422251,1.2497403653304102,-1.173466786327648,-0.7108645892671184,-0.00023032079424653383,1.120675442343755,HIGH
0,-2.5041821165255467,-1.8075271538306277,-1.3775840467542113,-0.7348261696255814,-0.00021522931556940445,0.07379083118219398,HIGH
0,-0.05700174354499335,0.6328870221378926,0.7587728868246011,2.0763298557042673,0.4601056063103627,-1.1806310836344454,HIGH
0,1.1376921089005239,-1.4844853607626316,-1.3320141170418485,-0.799517300509076,-0.00010924411978773564,0.45131541482308934,LOW
0,1.200108817564616,-1.7108753542119468,-1.331483287979206,-0.7803957430232153,-0.00014349783775911376,0.6333116811918548,MEDIUM
0,-0.09997178040779142,0.6362372333419165,0.7806979157866055,1.9922626512627348,0.4754128645928123,-1.184784003131093,HIGH
0,0.1983296428292278,0.26353735702738545,0.6319156775411637,-0.41276600430046606,0.6521627456068021,-1.2786185008166882,LOW
0,0.2132214273077271,0.24890837756962653,0.6319189492491349,-0.42282591354446597,0.07697134846847013,-1.34967390085028,LOW
0,0.5086285279812817,1.2582821316527835,-1.1996475526855117,-0.7108808204917877,-0.0002299369673607455,1.1201928118412483,HIGH
0,0.33517796626181484,0.5138831961753401,0.7127722524846875,-0.6998732075438913,-0.00025881142531213687,1.163767473308193,HIGH
0,-2.504180339322012,-1.8075252236641206,-1.3775814558215964,-0.735085377113304,-5.639944987430091,0.07960201272766489,LOW
0,0.3615200035930645,0.538762583747958,0.8058441792069618,-0.7829534480353854,-0.00027986383477825627,0.8304963870073051,LOW
0,0.41259985580256825,0.5946578593277588,1.5096175250647745,-0.785807056757148,-0.0002252364611212744,0.8349041326008211,LOW
0,0.18052626382874673,0.022991811954898484,0.9551299502089006,1.5512187656152951,0.5695249868483079,-1.1971901870034964,HIGH
0,0.19325602998877534,0.383297927429427,0.2543474745154367,1.1697946146641514,0.6385074074181217,-1.1604626915425609,HIGH
0,1.2078841075711135,-1.7721226286310716,-1.3301679260616084,-0.7996875138633683,-0.00010398588113144255,0.4416781847925745,LOW
0,-2.504180339321689,-1.8075252236637693,-1.377581455821125,-0.7348524652392582,-5.519531265534158,0.07355701042135052,LOW
0,0.37994857568081886,0.5510972993955218,0.9426635662730606,-0.762300119151031,-0.0002732025214430942,1.0201694365972236,MEDIUM
0,-0.09388171313518258,0.6334684831900401,0.7811756443570491,1.990476733217023,0.47599558558997734,-1.1848262696618834,HIGH
0,-2.504179841531868,-1.807524683029441,-1.3775807301080278,-0.775257412208989,-0.19179815203802905,0.49623716322843514,MEDIUM
0,0.13107084528372215,0.29037397420179706,0.6322527422680455,-0.304007408263089,0.5065987455492368,-1.2891455470788467,LOW
0,1.2097331526956678,-1.7722482802811648,-1.3302279332975806,-0.7996974733679594,-0.00010325725352451428,0.4411121035543609,LOW
0,0.07633899310535554,0.6186157857002057,0.4560957915760403,1.1472930973399276,0.2494589937910374,-1.180291224355079,MEDIUM
0,0.18098261527378687,0.04169703475818,0.9398075263646954,1.5381948458360692,0.5724051274536139,-1.1974901776039724,HIGH
0,0.4063929103534947,0.5799693683473988,1.6483034004310533,-0.7044306079589264,-0.0002443888721248191,1.199687259292341,HIGH
0,-2.504180339321689,-1.8075252236637693,-1.377581455821125,-0.7348524303021027,-5.519509702763073,0.07355693598865685,LOW
0,0.5091911788678843,1.2850931684612517,-1.3111020665176905,-0.7109219672684557,-0.0002293622426342022,1.1189651973590984,HIGH
0,0.5090586612419455,1.2830238603598814,-1.3110509553441139,-0.7109120036009741,-0.00022962977644124308,1.1192626886269614,HIGH
0,-0.012916178873548734,0.6389670573998246,0.4381588726567101,0.9236851615471738,0.4769090785721615,-1.186237818604007,MEDIUM
0,-2.504179226711907,-1.8075240152922498,-1.3775798337801408,-0.7872304938967067,-0.07052385984548407,0.5392259790729538,LOW
0,0.2059421364575903,0.13066673453804528,0.36666868474322,0.22629489703829853,0.5733087250316079,-1.2029298134945037,MEDIUM
0,0.9630071554327659,-0.9487843459939673,-1.3395733698721002,-0.7205218917100847,-0.00022890514084906646,0.8723282511342539,HIGH
0,0.40332692120285,0.5810359770946042,1.604237711260874,-0.7852625494545398,-0.0002276793270852488,0.843488401588317,LOW
0,0.18088030088856502,0.039068611502316976,0.9395632902623782,1.5408257920425756,0.5717610658300102,-1.1974104524142295,HIGH
0,-2.5041604727675133,-1.8075272618905773,-1.377584191807007,-0.7348252113765898,-0.00021551423486859995,0.07381635428785831,HIGH
0,0.18663009796344687,0.17917107380777064,0.6750099562085009,1.3860148698740502,0.6042096770549236,-1.1930144599669792,HIGH
0,-0.09402256997575179,0.633479543711888,0.7811423582945644,1.9905940899825236,0.47596621621209784,-1.1848230711329344,HIGH
0,0.21919025219035523,0.419730199879466,0.6350384209881591,-0.7191199639358583,0.46250007422164124,-0.2715151418979896,LOW
0,-0.021863746809670216,0.6559255218407578,0.440491181336694,0.9490030553348882,0.47396644780220576,-1.1853870552666643,MEDIUM
0,-0.005627228810902491,0.6353691467873348,0.4379011514138639,0.9208251987671926,0.477479638433744,-1.186365766420584,MEDIUM
0,0.21083150781607335,0.42196920771247237,-0.06027105699158227,0.508897164428505,0.7720301378105876,-1.205851497673529,HIGH
0,0.4543102857630836,0.7033471816065728,0.712931979019566,-0.7880028244692959,-0.0002373503222237545,0.8080269302963906,LOW
0,0.5448954968625237,0.8765140090828432,-1.3207985211129674,-0.713242143411671,-0.000232637381050446,1.051695825492078,HIGH
0,0.7979135408862487,-0.4910700378951813,-1.338723154290771,-0.7780616365756338,-0.00020935433616076652,0.7262905656377183,MEDIUM
0,0.3935837216991971,0.5647412407036472,1.1879762040574902,-0.7631299881837469,-0.0002651775672325689,1.0284641336298308,MEDIUM
0,-0.10165612369935488,0.637371409617031,0.7805952235140248,1.9926622541654808,0.4754322814358757,-1.1847758701345954,HIGH
0,0.1934964656398215,0.4019891718632265,0.21895625839788968,1.1612414008690468,0.784905072896012,-1.2480686790098579,HIGH
0,0.5098132856130061,1.2876736328763203,-1.3097370942171442,-0.7702950300918858,-0.00018971249845166845,0.937648248350999,MEDIUM
0,0.22213065476083024,0.43127320584472245,0.6322477663710411,-0.6926461386195621,0.002853038661439368,1.139385034629979,HIGH
0,0.4293848814182705,0.6202625846372521,1.2215149291689265,-0.7655007290010898,-0.00023663360291232026,1.0052003437834094,MEDIUM
0,0.12588679230941038,0.22118792055393166,0.8730894516400647,1.7263620541268518,0.5245331405341815,-1.1210928291447222,HIGH
0,0.47367652080212924,0.7979807900906969,0.32057073688328164,-0.7680416541545217,-0.0002398940750853089,0.9816171384295197,MEDIUM
0,-2.5039202175437953,-1.807347627127269,-1.3773430615390563,-0.7877134210205169,-0.002877969532087275,1.657999405522088,LOW
0,-2.5041821165232756,-1.8075271538281608,-1.3775840467509,-0.7348261696448448,-0.0002152293098902933,0.0737908306856473,HIGH
0,0.5072609105927487,1.2778151888461902,-1.264032347595789,-0.7908516001029523,-0.00016762827875839206,0.7528770117593437,LOW
0,0.24235608296613242,0.3099343305552557,0.6327825323908217,0.0730359215199283,0.4568918745369009,-1.1788323889949917,LOW
0,0.19349410111026108,0.401764309242172,0.21936598255358228,1.1613236181647204,0.8078369072503736,-1.2467076136926685,HIGH
0,0.3996444060691874,0.5521702708431755,0.47258279489078964,1.1549278703046797,0.002326669441868068,-0.34787794212159756,MEDIUM
0,0.19355423369571284,0.40614991237461884,0.20981402474412822,1.1600262083744928,0.19524229617384417,-1.2606749918481626,HIGH
0,0.2059390425254812,0.13054197251216637,0.36668881788441615,0.22645163120200304,0.5733161730672207,-1.2029219632941883,MEDIUM
0,0.22211891188966953,0.4312642455465439,0.6323462863153269,-0.6920556661793829,0.07668431704950948,1.1424598797860563,HIGH
0,0.2129642319208996,0.3537368599709816,0.31297636040150145,-0.1671698555933477,0.6262607820195878,-1.22435570064333,MEDIUM
0,0.20918882798834487,0.42052021673787926,-0.07456161739196765,0.5956547331223332,0.7572983893810745,-1.1996203879312095,HIGH
0,0.33317249552105205,0.3169252469935352,0.6318515710307581,0.1902603683577151,0.004477083066773574,-0.9920131745302654,LOW
0,0.12681475803473438,0.21943137548799493,0.873473436752417,1.7253298851689571,0.5245207542130286,-1.119024179753826,HIGH
0,0.22155491334051775,0.43160699769323607,0.6233661114480181,-0.7146404623481057,0.5318938263910052,0.15245537303976212,MEDIUM
0,0.5073013746804205,1.2805917588138838,-1.2810924313808474,-0.7908539935098554,-0.00016759330664221567,0.7527960663569113,LOW
0,0.5090354744483828,1.2765621936436191,-1.2693626273746208,-0.7702405742006524,-0.00019124997592601692,0.9393069094283607,MEDIUM
0,0.4047765567945463,0.5784834472455987,1.582280967087362,-0.7639263153139745,-0.0002354126354253082,1.0261232385598473,MEDIUM
0,0.311455063570746,0.5003859420048752,0.6888124867182215,-0.780414866698514,-0.0002672760748422178,0.8107693365631728,LOW
0,-0.023650328887449945,0.6528718850975478,0.4392018679423191,0.9348215240153219,0.475662805306847,-1.1858550218853154,MEDIUM
0,-2.5040322292159565,-1.8073643657992038,-1.37736553046642,-0.7876829383262731,-0.0029235982549240358,1.604631496434718,LOW
0,-0.10234681363946398,0.6379253529205928,0.7805462509296048,1.9928529381308093,0.47545446581617057,-1.1847720658767846,HIGH
0,-0.10503489130108849,0.6408830717103783,0.7802659903609167,1.993939958354837,0.4754001717204231,-1.1847516061627528,HIGH
0,-2.502373636141016,-1.8074023317302927,-1.3774164935148183,-0.7758041451683875,-0.0018366834356054454,1.302663343599463,MEDIUM
0,0.5094098585867001,1.2874853727013378,-1.3111794071180394,-0.7109382117582296,-0.00022904607418471016,1.1184795839132802,HIGH
0,-0.09571496303670742,0.6485773737694989,0.7716134186665808,2.0270310266017777,0.4694166332856263,-1.1836416359052602,HIGH
0,0.18075850735756888,0.02836368559817018,0.94675056054293,1.5444691807632596,0.5710134994734417,-1.1973563425119509,HIGH
0,0.5092315271312072,1.285644422412403,-1.3111169491011914,-0.7109249826002709,-0.00022929064117880755,1.118875106512442,HIGH
0,0.2221296558728784,0.43127248340990537,0.6322497610257939,-0.6926378235999019,0.010148557520907122,1.1394915618350068,HIGH
0,0.5090526639770921,1.2829143683198074,-1.3109155277319207,-0.7109115506373643,-0.0002296428405938642,1.1192762050850533,HIGH
0,-2.504180339321689,-1.8075252236637693,-1.377581455821125,-0.7348744411656192,-5.532521547782348,0.07368962032456858,LOW
0,-2.504180339321689,-1.8075252236637693,-1.377581455821125,-0.7348524307797754,-3.9365029512912115,0.07355693622067722,MEDIUM
0,0.40703914483468573,0.5572613185283671,0.47140760194604087,1.154681127999653,0.002499929154925336,-0.4065492700044979,MEDIUM
0,0.2101529010350169,0.25743326343908823,0.33730551504332207,-0.00022152811485076114,0.6032976957334159,-1.2144213692056054,MEDIUM
0,0.003620872171829689,0.6311074796703077,0.43659493748986483,0.9037468239244439,0.47993411942551595,-1.1872553551571645,MEDIUM
0,-2.4882059587066836,-1.8073219606691358,-1.37730860851998,-0.7760312353042715,-0.0017324188254350579,1.4636014778431632,MEDIUM
0,0.20593545522768605,0.1304624499017721,0.3667122430087179,0.22663385011076853,0.57333877330216,-1.2029126413614775,MEDIUM
0,-2.4799480629077526,-1.8075285515050588,-1.3775859229033702,-0.7347997278565246,-0.00021834655587739065,0.07500229432486333,HIGH
0,0.21322133450110958,0.24890834024355357,0.6319189063539931,-0.42282540169439625,0.07704334351163972,-1.3496662785525442,LOW
0,-2.301477268074695,-1.8077454243164397,-1.3778770391559063,-0.7346959852297944,-0.00021349526382513398,0.08260291108338884,HIGH
0,-2.4842229752526164,-1.8073071016057576,-1.377288662659458,-0.7760743991388852,-0.0017197569931805012,1.4807977531054415,MEDIUM
0,-2.5036948600620335,-1.8073368011838467,-1.3773285294819524,-0.7877329310904465,-0.002851931640720736,1.6900974339300818,LOW
0,0.5061248646859792,1.2358519493044624,-1.113423945033364,-0.7907813400485397,-0.00017116690737983503,0.7552436736251208,LOW
0,0.5333934785040388,1.0030439018061068,-1.3164742801811584,-0.7717952431059225,-0.00019636714168473512,0.8928311327452725,MEDIUM
0,-0.020273010627206055,0.618394207572854,0.7471989362238582,2.1226353090813412,0.3260744118661735,-1.1802879696838555,HIGH
0,0.21029976370619777,0.42152997640521067,-0.0851372378993323,0.5410343484300111,0.7666394686846846,-1.2039261342199825,HIGH
0,-0.08898209924771212,0.6326241240837561,0.7830547309171876,1.9839027142647137,0.47717624966084193,-1.1850125914456706,HIGH
0,0.19164590961857558,0.30169766323719266,0.6329876740779155,-0.11039162791604178,0.476862570039324,-1.1992715573656516,LOW
0,0.40291520547182225,0.5804646493525252,1.5850083404737583,-0.785233647259566,-0.0002299397726425896,0.8439228627501963,LOW
0,0.1934581420002016,0.39825655486668743,0.22549180225344687,1.1627451591989546,0.9307684131991101,-1.2215074293042252,HIGH
0,1.197525238787262,-1.6955870273949367,-1.331498207740358,-0.7803932305745775,-0.00014327291560637564,0.63343794247915,MEDIUM
0,0.5073902908183883,1.2853549434166849,-1.3077656315867854,-0.7908596174086361,-0.00016728932123825073,0.7526058705964638,LOW
0,0.35077914976958113,0.5737845963534606,0.46753670970265454,1.1539071398754592,0.0030426284334774357,-0.598232610229162,MEDIUM
0,-2.504180339323495,-1.8075252236657313,-1.3775814558237585,-0.7354126821374171,-5.772844559383672,0.10558377437970412,LOW
0,-2.404521872338108,-1.8071464796807606,-1.3770730540150062,-0.7767106271927766,-0.0016080770994554084,1.520725037003842,MEDIUM
0,0.1866190217308151,0.2743624366314244,0.631914801973439,-0.40349117353963965,0.5074768178417498,-1.2739096093224949,LOW
0,1.2046752071758617,-1.7424347178455932,-1.3314810961647299,-0.7804000226292229,-0.0001437402536609993,0.6330964399801697,MEDIUM
0,0.48702948293289006,0.9139518291074711,-0.0572465909678569,-0.7094241702501672,-0.00024742340409558396,1.1506351664682457,HIGH
0,0.25437311162808135,0.4588190726667782,0.6526209265445586,-0.7774271812573418,-0.0002634250346281728,0.7990667619385721,LOW
0,0.4978729819007539,1.0818231259890636,-0.5651603647917381,-0.7902777962615554,-0.00019203411974295123,0.7705835773939469,LOW
0,0.21028686822741752,0.4215193141457836,-0.08552157637062206,0.5417925799340623,0.7665798806012041,-1.2038753040806434,HIGH
0,-2.504179726038857,-1.8075245575960077,-1.3775805617341739,-0.7753165954735973,-0.003115518396980853,0.5002581117148207,MEDIUM
0,-0.09382628596958685,0.6334698368872476,0.7811936668861057,1.9904133393183,0.476007799441147,-1.1848280249634142,HIGH
0,0.49622181770497464,1.0559792387664566,-0.4821742062226842,-0.7901815500928387,-0.00019589250987700133,0.7731621429603982,LOW
0,0.3975067498292439,0.5404811852375723,0.6870504242972134,2.128783838189849,0.0022585425184595796,-0.3202733565262791,HIGH
0,0.3940626575738859,0.5652707368582897,1.200418784061802,-0.7631611509684236,-0.00026449786166744056,1.0286279726712841,MEDIUM
0,0.21478526750350357,0.42605847265908364,0.2648113545924387,-0.25838207299366245,0.42960758467082866,-1.3043422942942084,MEDIUM
0,-0.0003121942290415259,0.634362685774615,0.43715151750547165,0.9110232922925668,0.4788904924800967,-1.1868607277221743,MEDIUM
0,0.19158549821779944,0.3214965031460783,0.3817355843476681,1.2299524365870662,0.6312864701437213,-1.142345140456339,HIGH
0,0.3846504396182779,0.5555464918007061,1.0080840382477025,-0.7625774629281769,-0.0002722082124690332,1.0234786433695926,MEDIUM
0,0.2060153860919924,0.135486213806082,0.366200186263426,0.22261424361513077,0.5740919660411178,-1.2031179664513139,MEDIUM
0,0.2759918801171777,0.31454671960307534,0.6326353133938774,0.18289014390607305,0.27429733337230167,-1.1806801704132708,LOW
0,0.5091566663991219,1.2834887192334594,-1.309341953514948,-0.7702490614753986,-0.00019096111956478428,0.9390484314930808,MEDIUM
0,0.3723016780008873,0.3181337495075767,0.6310111812755842,0.190688313900045,0.003967537426554501,-0.8989415466186884,LOW
0,0.14803363927505284,0.3934344312880501,0.45802854359368605,1.159691822472523,-0.00025517732434419407,0.6065351292662469,MEDIUM
0,0.0017024072417159096,0.6330964946943443,0.4368662527920074,0.9072903444694518,0.4794263998172274,-1.1870605659706295,MEDIUM
0,1.2126227256260258,-1.7733165234339785,-1.3316618748851141,-0.7804345025366344,-0.00014227286529789823,0.6313646455941299,MEDIUM
0,0.15767617034374837,0.3948120824523967,0.5993561932616688,2.1304887194045543,-0.00023135331230320107,0.6097073362397049,HIGH
0,0.4336571765664083,0.6363221694048449,1.107950145320767,-0.7869486464156603,-0.00023435883107960376,0.8196879769634571,LOW
0,0.42059695312915546,0.31983347908029386,0.6298119838120286,0.19130710805077966,0.003608442430705572,-0.7755127541417458,LOW
0,0.4048105334747279,0.5785305036555006,1.583862359586915,-0.7639289974491501,-0.00023526330963878687,1.0260879543520738,MEDIUM
0,0.27336456961421246,0.47068645969332157,0.4815399486511487,1.1586764854414835,0.00023812229020211538,0.41866279011613344,MEDIUM
0,1.2032340086586333,-1.7412676432825418,-1.3301331144182502,-0.7996822202338361,-0.00010418679885211566,0.4419794527394557,LOW
0,-0.09002321684283088,0.6330413620989115,0.7826531884421047,1.9853018757481862,0.47692302897843614,-1.184972368923965,HIGH
0,0.22159644072402152,0.43164097870462037,0.626017119834506,-0.7246159218739573,0.5925778718854476,0.3720904271327828,MEDIUM
0,-0.0029564325222035857,0.6351855282780869,0.4375274230516487,0.9159425632587943,0.47818514762978703,-1.1866066805015154,MEDIUM
0,0.5074977374814367,1.2870921414370267,-1.3080295947194456,-0.7908664226101575,-0.00016682208414806087,0.7523757869007887,LOW
0,-2.4070916636036657,-1.8068152918232443,-1.3766284885235935,-0.7888130910778526,-0.002449510727085713,2.0848937759804214,LOW
0,0.4035621595341805,0.5760531916425724,1.5216192468130807,-0.7042006595690897,-0.0002503909373437676,1.20258369739585,HIGH
0,0.1808600684117761,0.037636301577699635,0.9399838821915497,1.5413927552091145,0.5714369791387086,-1.1973965387333614,HIGH
0,0.3350920375383226,0.514550649067994,0.7140200079163467,-0.7597135439625834,-0.0002649593999336965,0.9949914934230824,MEDIUM
0,0.5078275335289134,1.2903903296716066,-1.3081462468708307,-0.79088698018738,-0.000165917169845341,0.7516813040454218,LOW
0,0.4205655782363976,0.31989143083135513,0.6297693250972802,0.19132910933175393,0.0035950364134811224,-0.7711940371872774,LOW
0,0.41157390595688637,0.560500727404888,0.4706427689029703,1.154525464624648,0.002612257533872828,-0.44416980367553904,MEDIUM
0,0.156274993589821,0.28639592108927664,0.6318673297572808,-0.3580609460851732,0.5137384078569963,-1.2952589626926208,LOW
0,-0.04623228366667946,0.6285431114635696,0.7552810320925091,2.0901322475132775,0.45747789444118026,-1.1801196105571952,HIGH
0,0.18058258436812416,0.023456117322974385,0.9540247512311417,1.5496047600105989,0.569882117542415,-1.197240145313671,HIGH
0,1.2087627713282978,-1.7722231704984568,-1.3301942275241485,-0.7996919225923713,-0.00010363992655943617,0.44142746820141354,LOW
0,0.20978810483969282,0.4210700230520884,-0.08339249336247576,0.5671934945718071,0.7623040947591498,-1.202020341459821,HIGH
0,0.37340833968390086,0.545221741795691,0.8741006934165623,-0.7619214246691998,-0.0002730283465244735,1.015478387826372,MEDIUM
0,0.1854186536108102,0.14767312980360353,0.7397847887054696,1.421695540922665,0.5970967510496338,-1.1962975861972018,HIGH
0,0.8335253208899444,-0.5994139449366627,-1.337692700252481,-0.7979540962462569,-0.0001763010673444019,0.525794655382814,LOW
0,0.15400376921062678,0.17052056941910562,0.8817003654871816,1.7026753487994695,0.4919627131164412,-1.0774010545702224,HIGH
0,0.49299662819875606,0.9839200030004959,-0.26608452081635453,-0.7691733516490692,-0.00022200730496053613,0.9659677752318816,MEDIUM
0,0.40398659200320775,0.581959426383614,1.6344240971866797,-0.7853082095971242,-0.00022399410855579078,0.8427659567618673,LOW
0,0.3467722853967658,0.5269845399810391,0.746300479853934,-0.7822152382130122,-0.000275741600254659,0.8228798017123928,LOW
0,0.19356481394921174,0.4064141924949829,0.20880148098907944,1.1599573852055907,0.13006930949694556,-1.2611421410999726,HIGH
0,0.566953805563986,0.6530744560883652,-1.3225922058480792,-0.7937836432745197,-0.0001852369047712476,0.6570826950529856,LOW
0,0.0005162904852681581,0.6339213392869096,0.43703413056498325,0.9094866409570683,0.4791115998196601,-1.1869422891180723,MEDIUM
0,0.11894252865971018,0.37013941528596167,0.5852246738999073,2.1296230340726106,-0.00025777892099818306,0.6138079796203271,HIGH
0,0.16373984392381594,0.15510483785754475,0.8831819547503726,1.6981569391964906,0.82429163399381,-1.1302651985787113,HIGH
0,1.1962360466802902,-1.6888290570619695,-1.3315091158031558,-0.7803919080631233,-0.0001431502016636735,0.6335043665880651,MEDIUM
0,0.49758428156395335,1.0771708977408374,-0.5500272187307436,-0.7902608362400249,-0.00019272049848754073,0.7710486034999564,LOW
0,0.5090572501514637,1.2829998801521527,-1.311042205741646,-0.7109118970065231,-0.00022963285139146299,1.1192658694766677,HIGH
0,0.1397471241912542,0.28856364614663715,0.6318032699106368,-0.3272965076131191,0.5098757739473685,-1.294398043591677,LOW
0,0.9385542821126723,-0.883043830360068,-1.3399174617504954,-0.7203631343781556,-0.00023105039282819245,0.8776997474462715,HIGH
0,-2.5040074792757734,-1.8073554869554307,-1.3773536120719028,-0.7876991715648316,-0.0028984989139907995,1.6335400457658054,LOW
0,0.5027488682188448,1.1327942185791948,-0.7433408560716155,-0.7698040693556273,-0.0002047807249159093,0.9517526641132387,MEDIUM
0,0.2222632312022222,0.43213757497272187,0.6335262131753047,-0.7529824458443807,-0.0002597527394104487,0.9706842186068773,MEDIUM
0,0.5076551399078665,1.289121072011139,-1.3080873660174623,-0.7908762913108028,-0.0001662736459618322,0.75204229392773,LOW
0,0.5094194338972575,1.2875521330434014,-1.3111826310748351,-0.710938918162585,-0.0002290367411244531,1.1184584539877584,HIGH
0,0.1414550757944889,0.3891398924934582,0.45599701720897645,1.1596796690675655,-0.0002577107153963329,0.6062817160859287,MEDIUM
0,0.4995208869415206,1.0779996498519062,-0.560247087112592,-0.7695889159227183,-0.00021104536330526837,0.9571149742737484,MEDIUM
0,0.17580753616251077,0.3175114798767131,0.4113348176657661,0.621898958013676,0.4908679244553112,-1.0767677041315342,MEDIUM
0,0.20593895981982835,0.13053947348058909,0.3666893567941664,0.226455825129492,0.5733165138041865,-1.2029217513550041,MEDIUM
0,-2.504179799110445,-1.807524636956829,-1.377580668263087,-0.7753118659901325,-0.03852562262739789,0.4963909345910502,MEDIUM
0,0.17425478396529812,0.1387498772411777,0.8846764129797466,1.6940179984856027,0.07744803023593637,-1.206303013098999,HIGH
0,-0.1010777002321604,0.6369543808666857,0.7806323515053535,1.9925176995985392,0.4754195617615909,-1.1847787824135496,HIGH
0,0.5064833773827482,1.2444683058986674,-1.1446971239564643,-0.7908036492804672,-0.00017001531143801495,0.7544951236787123,LOW
0,-2.504180339321689,-1.8075252236637693,-1.377581455821125,-0.7348541812736288,-3.9367504109691684,0.07356472324787504,MEDIUM
0,0.21336036012616758,0.24915479051948908,0.6319913271763574,-0.4239216085154873,0.12401274652439902,-1.360428891994139,LOW
0,-2.504179792367538,-1.8075246296335632,-1.3775806584328012,-0.7753139486343047,-0.01853277928663958,0.496633332320071,MEDIUM
0,0.28119114649399896,0.31488268573322975,0.6326137596008895,0.18657303473797762,0.12925410707177026,-1.171746619793411,LOW
0,0.20594480061390236,0.13080609668352217,0.366651379572773,0.22616010193522945,0.5733090159191708,-1.2029364887283436,MEDIUM
0,0.22097656255981346,0.4303283129185688,0.5467918280337314,-0.4152472256065216,0.8916719098053896,-1.2683911301333555,HIGH
0,0.1910297223848243,0.29508601701743303,0.4105490553220135,0.6114118440675881,0.8937902135910775,-1.1778751076225875,MEDIUM
0,-0.002958040914952804,0.6496029504105639,0.4439499630734411,0.9895609561695727,0.4689357117756525,-1.1834406061475777,MEDIUM
0,0.18079727860501152,0.030750247884568423,0.9440065229422478,1.543308304977374,0.5707923472646458,-1.197371925504421,HIGH
0,0.40443054225979436,0.5825812113909999,1.6514499643044678,-0.7853368589996053,-0.000221830236217784,0.8422999037364316,LOW
0,1.2091183183429246,-1.7722318389049623,-1.3302058634410774,-0.7996938513700766,-0.00010349966610586383,0.4413178491570396,LOW
0,1.1657219290027296,-1.5829301294222247,-1.3322196831657283,-0.7803231780339595,-0.0001443387332666295,0.6369472507688623,MEDIUM
0,0.351548093178499,0.5272175219320806,0.7532174762998545,-0.7606678786455989,-0.0002683550155669893,1.002085312489829,MEDIUM
0,0.5088387433207676,1.269896269146778,-1.238822703466331,-0.7108962629058589,-0.0002297828755365218,1.119732264315231,HIGH
0,0.07313854775659138,0.6195073699449768,0.4557606116086661,1.1438382979054764,0.4335547766499102,-1.179612106485814,MEDIUM
0,0.18094924514043945,0.0409139032289725,0.9397383205652005,1.539047776109236,0.5722108089842671,-1.197464578246254,HIGH
0,0.22174656010804494,0.4317639984288215,0.6333946812439081,-0.7526938748433554,0.07658712021174838,0.9714041704568332,MEDIUM
0,0.23159999571265158,0.3101098203656691,0.5999676554214147,0.20025402754261548,-0.00014640465860461292,0.5594028102075242,LOW
0,-2.504179915281424,-1.8075247631265823,-1.3775808376253298,-0.7818420174560484,-2.910755953890593,0.5855170318186267,LOW
0,0.41198775031230656,0.5645407639008445,0.469711487145018,1.1543341439914407,0.0027501589233974205,-0.4909904843141864,MEDIUM
0,0.5048460307485643,1.2087516399824507,-1.0097394112013278,-0.790701137694405,-0.000174522775006036,0.7578901481317699,LOW
0,0.22175445500120292,0.43177019699555846,0.6333075891831217,-0.752906841938765,0.03743144953952605,0.9708517379694157,MEDIUM
0,0.18082303709876207,0.03347960422853243,0.9420552534777067,1.5425201075768273,0.5708341693973271,-1.1973793299812878,HIGH
0,0.128723395895083,0.28896231011391493,0.6318555742399273,-0.32174912701951813,0.509318446838153,-1.2934373693665469,LOW
0,-2.5031808457497617,-1.8073208341159064,-1.377307096306659,-0.787761568563386,-0.0028178964220240544,1.7343136078860895,LOW
0,1.204565623389063,-1.7469730891783175,-1.3327166094879541,-0.7217255432381701,-0.00021035631182038492,0.8217430085799406,HIGH
0,0.1465515471113049,0.18344288301920905,0.8800914950391246,1.7070243899149469,0.5204413801791015,-1.0808265636905272,HIGH
0,0.19589311873142717,0.2715477756710774,0.40850758397851855,0.6025240039342402,0.3813556924615909,-1.1896229927105462,MEDIUM
0,0.5030829303131542,1.1398133432808428,-0.7710843422180773,-0.7104754913918447,-0.00023597578849552926,1.1313612946782723,HIGH
0,-2.504180332614853,-1.8075252163796798,-1.377581446043427,-0.751041436787896,-3.4438347338173583,0.7907087333662335,MEDIUM
0,-2.504182116758786,-1.8075271540839504,-1.3775840470942557,-0.7348261676451537,-0.00021522984770136247,0.07379088224889065,HIGH
0,0.39891734954553965,0.5473813902876676,0.6920088598869812,2.128586723281387,0.0024646601379908592,-0.3918414209813205,HIGH
0,0.18089524217829875,0.03963956543573837,0.9395480609829839,1.5404350860315452,0.5718935689487775,-1.1974219738430507,HIGH
0,0.1807054668166575,0.026186426349105774,0.9497033352784245,1.5460283339597187,0.5706109276276777,-1.1973261309518286,HIGH
0,-2.5041792108454133,-1.8075239980601352,-1.3775798106488473,-0.7872335375802965,-0.026322418413172198,0.5396790207206035,LOW
0,0.1935737667657993,0.40649317958117887,0.20815932334321197,1.1599187383935279,0.09114255119082385,-1.261332979801854,HIGH
0,-0.014075950579304873,0.6398273680606659,0.4381996009544538,0.9241101930873674,0.4769163752565965,-1.1862198528819112,MEDIUM
0,-0.09402287763237593,0.6334795850836639,0.7811422966507052,1.9905943078636419,0.47596615302444134,-1.184823065261512,HIGH
0,0.20563254290802158,0.13137425444155812,0.36884902013013754,0.24301423873968453,0.5715053959397418,-1.201961811942231,MEDIUM
0,-0.10396644532339153,0.6395791124303309,0.7803955717131905,1.9934384163771701,0.4754914425415025,-1.184760690759571,HIGH
0,0.21014842913800422,0.42139744234303333,-0.08312541144384025,0.5491668018777179,0.7654229927239591,-1.2033678777793262,HIGH
0,0.20594190173066101,0.13065563098600014,0.3666702106449315,0.2263067794234156,0.5733089750525635,-1.2029292222039774,MEDIUM
0,1.2123911971078989,-1.7733631156365988,-1.3317244172911347,-0.7804458289653331,-0.00014216301023712793,0.6307967909272103,MEDIUM
0,-0.10082810923533023,0.6367845009264804,0.7806476329043602,1.9924582208916302,0.47541594564491485,-1.1847799894846587,HIGH
0,0.4015169557465413,0.5733710517382156,1.4365962343829377,-0.7040402467030047,-0.0002537842901764338,1.2036683267326334,HIGH
0,0.18082560082010404,0.033788088593819106,0.9418726790596254,1.5424411565349816,0.5708591258316772,-1.1973801567115552,HIGH
0,0.5090910170675638,1.2803254704424305,-1.2927983449260352,-0.7702443471925848,-0.00019118280391811226,0.9391920056078843,MEDIUM
0,0.9850064068222277,-1.0065845493903516,-1.3379338751544554,-0.7794035838251412,-0.00017679765166580752,0.6795667538046409,MEDIUM
0,0.2196060863994584,0.43370584418916847,0.6352349384676611,-0.7755898417367475,0.005742857700431081,0.7929811319428804,LOW
0,0.1537748749967945,0.3923810711393717,0.5979886455338307,2.1304127830578805,-0.0002358642318241779,0.6109678074269572,HIGH
0,-0.005508966126889474,0.6353569726597303,0.4378905563295448,0.92068779290712,0.4775053087744346,-1.1863723445335432,MEDIUM
0,0.10312739999678106,0.4475636872156561,0.42170396991925974,0.7306738431869868,0.5045544475867608,-1.1881882823561414,MEDIUM
0,1.2087362934320642,-1.774116671493046,-1.3327505925541794,-0.7217320978313393,-0.00021023169668216767,0.821432490713158,HIGH
0,1.2117653215103983,-1.7733843155050255,-1.3317528746446008,-0.7804508636094786,-0.00014217191603645816,0.6305443897075791,MEDIUM
0,-2.5039062304766553,-1.8074254218362382,-1.3774474882027679,-0.7757389564321494,-0.0018888438892553428,1.2286489260837556,MEDIUM
0,0.22144117221948026,0.43151393796642495,0.6166657220658404,-0.692532930837778,0.5704246963966658,-0.2675927482657332,MEDIUM
0,0.4169629671403733,0.32061536863201595,0.6292548201140752,0.19160371152568703,0.0034268568000196567,-0.7175085606290758,LOW
0,0.21015807332304387,0.4214061877882068,-0.08297680300800996,0.5486766668250677,0.765562540592369,-1.2033985164522139,HIGH
0,-0.004703828784366988,0.6502951974781828,0.44365735058553857,0.9860149058729224,0.4693820455156349,-1.1836259938238851,MEDIUM
0,0.4067319085120262,0.5804442303672911,1.6565285698492676,-0.7044551154652346,-0.0002439290707557458,1.1993188123416603,HIGH
0,0.21271423403673892,0.24943391687317742,0.631910698247717,-0.42257583288330575,0.2626837080260136,-1.346123517604866,LOW
0,0.21048488148707267,0.2681512376802772,0.33467605944758794,-0.019333358946442433,0.6059065255135239,-1.2152617259314364,MEDIUM
0,0.5063496507831081,1.2410990101203743,-1.1327559693840492,-0.790795342946698,-0.00017047435529253364,0.7547743064872231,LOW
0,0.18150195682387174,0.053645559973877294,0.9317961629155527,1.5252033082352567,0.5755543223886121,-1.1978202019722914,HIGH
0,0.20590818759677404,0.13011435365123172,0.36689422492044277,0.22804367212008614,0.5735276132760869,-1.202838321194529,MEDIUM
0,0.21607333280986807,0.30351002616714395,0.5953759328252001,0.20063022259458718,-0.0001962354002632077,0.5779993779542464,LOW
0,0.40245914067342553,0.5463784415436931,0.6912819635668032,2.1286149643791634,0.0024367610021780485,-0.38144229072467983,HIGH
0,0.5094769905914618,1.2878688017962792,-1.3112018038509017,-0.7109431578460299,-0.0002289897852955392,1.1183316219603194,HIGH
0,0.5091452850606295,1.283154479275185,-1.3083269592039024,-0.7702482468420794,-0.0001910061273041366,0.9390732422360685,MEDIUM
0,-1.3347814552324797,-1.806655270059055,-1.376413685496795,-0.7856912804593947,-0.0006134097522219139,0.5178470259054248,MEDIUM
0,0.4042904480071681,0.582385241606217,1.6466423111997297,-0.785328072215495,-0.00022244118439790415,0.8424433092962986,LOW
0,0.1886160112509184,0.23344431416752232,0.5634405003780192,1.32623150262116,0.6159658690821104,-1.1824969532650413,HIGH
0,0.21408884994986643,0.40535432981592284,0.28396626541904774,-0.23642736970675698,0.5876670963923676,-1.2618514628549549,MEDIUM
0,1.2101829402942936,-1.7722621087066053,-1.3302464956953615,-0.7997004858493997,-0.00010307880118449794,0.44094107869839383,LOW
0,0.10906697372242403,0.6127900453564226,0.45805835440696774,1.1521473326184442,0.01075445976110071,-1.082078652995675,MEDIUM
0,0.40657216209268904,0.5802205130451793,1.6534960545102706,-0.7044437061646663,-0.00024409436258903468,1.1994908209564275,HIGH
0,1.1475565102048921,-1.5161366929487343,-1.3330102847689356,-0.7802428552980226,-0.0001471535771219174,0.6409692548882098,MEDIUM
0,-0.05009807962906664,0.6300913573688403,0.7565211585998283,2.085183037618184,0.45841979124952525,-1.1802657066485518,HIGH
0,0.2217582308955182,0.43177296367506673,0.6332779797071574,-0.7529500083242585,0.00803207961257142,0.9706233205771678,MEDIUM
0,0.17818617758812955,0.06157072678770406,0.9310327344646616,1.6102542847142332,0.5556957006801632,-1.1921564793022466,HIGH
0,0.032663756907369765,0.5775542669829409,0.4324389184244122,0.8509740840009133,0.4876046866508109,-1.1905702764805046,MEDIUM
0,1.2080022408249615,-1.7708562315665906,-1.3327405801014445,-0.7217300585969756,-0.00021029804566911152,0.8215290805837819,HIGH
0,-2.5036447500689785,-1.807419564493674,-1.3774396256790782,-0.7757555790995024,-0.0018740055098298333,1.248862174386098,MEDIUM
0,0.28605859997552713,0.315138568910481,0.6325866589878788,0.1880552669371766,0.07183935209231244,-1.1559345719878267,LOW
0,0.2201160026237795,0.4340747278714557,0.6354858180145421,-0.7756178918091557,-0.0002629435029142908,0.7930524308422903,LOW
0,0.5073916671798516,1.2853865338752066,-1.307836836613197,-0.7908597048359401,-0.00016728300847437482,0.7526029141625996,LOW
0,0.4036371460492454,0.5814694385578675,1.6187050278554174,-0.7852842575847754,-0.00022593962626682673,0.8431494241576887,LOW
0,0.5072015197100818,1.273881626634509,-1.2427462185329476,-0.7908481982635218,-0.0001676257988487445,0.7529920498879935,LOW
0,1.2075428821237706,-1.7708110276891242,-1.3301628772460528,-0.7996866940690168,-0.00010405155544464198,0.44172482898781507,LOW
0,0.47594314383281644,0.8300074365476715,0.2181420351370222,-0.7890888267524234,-0.00022843912827887668,0.794929700587756,LOW
0,0.1729492466294614,0.14165316837046138,0.8842816809742208,1.6943724581206672,0.4520712338659805,-1.2009131400575652,HIGH
0,-0.0064834783013243006,0.6356023912350882,0.43794888760683554,0.9214179861321979,0.4773205532409579,-1.1863379429929004,MEDIUM
0,0.22213092710100985,0.43127340257360103,0.6322477504350874,-0.6926467389437162,-2.5361947743903136e-05,1.1393727806164582,HIGH
0,0.3607210483262433,0.5167020858510686,0.6705936400452819,2.129485323296614,0.0015749190682709203,-0.08148303550475873,HIGH
0,1.2086727501008443,-1.7739808587084334,-1.3327490914803657,-0.7217317675553409,-0.00021024292628916288,0.8214481330347622,HIGH
0,0.18088461890693508,0.039274022836677136,0.9395379655013957,1.5407111865663514,0.571809461808491,-1.197413682055486,HIGH
0,-2.504180339321701,-1.8075252236637827,-1.3775814558211428,-0.7349173835114882,-5.556470894514708,0.07420604324812749,LOW
0,0.19357409487226396,0.4064936109099757,0.2081395196191394,1.1599175699919195,0.09065468659278503,-1.2613348270166753,HIGH
0,0.9731187247779928,-0.9739076517755403,-1.3381515178727288,-0.7793340433335207,-0.00017913983411255944,0.6824476048161199,MEDIUM
0,1.1997397913126286,-1.7166953991293272,-1.330132151308658,-0.7996794747036563,-0.00010399786085129284,0.44213565409975464,LOW
0,0.29676034792146405,0.4896033117496453,0.6770396217533833,-0.7796512224381187,-0.00026551685801979447,0.8072629659698647,LOW
0,0.3844394744317936,0.5546020380867582,1.0015797864529257,-0.7028927260631446,-0.0002636141233175015,1.1948489298764091,HIGH
0,0.1347075804834018,0.28873185967181403,0.6318145018293443,-0.32485774874502094,0.5093150318927298,-1.2940001701295416,LOW
0,1.1939850391987978,-1.6783605119504452,-1.3315327688732432,-0.7803894529332247,-0.00014293618359826073,0.6336276065003863,MEDIUM
0,0.022451963664140335,0.5965354113241893,0.4339161195133104,0.8693098895643893,0.4849177156541096,-1.1893130839383652,MEDIUM
0,0.18049191558419406,0.022885211722526163,0.9556038429237196,1.5521937883020793,0.569312954103981,-1.1971561385538305,HIGH
0,-0.10771577844368478,0.6525505106489786,0.7758479784687105,2.010936880825756,0.4723716931160877,-1.1844347105362412,HIGH
0,1.2064389253357592,-1.76056591476687,-1.3327268081886934,-0.7217277086749625,-0.00021034982827165046,0.8216404091368855,HIGH
0,0.4490171979976334,0.6741887672464485,0.850413533411406,-0.7666513892917672,-0.00024169056532678771,0.9938474484358828,MEDIUM
0,0.22175911681384047,0.4317736036351867,0.6332770326205012,-0.7529520419312496,0.00012713169041798334,0.9705956307346388,MEDIUM
0,0.3952751652122724,0.570770694640698,1.2909079698781452,-0.7847345220231916,-0.0002601285032249255,0.8476154466636568,LOW
0,0.2136245139696463,0.37971464177451664,0.30386779244881923,-0.2080277338513438,0.6328011459633165,-1.2372916212331173,MEDIUM
0,0.39660482813442216,0.567396844947694,1.2672730455305052,-0.7036822922629634,-0.0002592649896633891,1.203423747250152,HIGH
0,0.34005774674519734,0.5218022986468096,0.7293313470802547,-0.7818770049102968,-0.000273881097839632,0.8199907242251008,LOW
0,0.370030973605848,0.3180653498301618,0.6310594789459679,0.19066404778352947,0.003982246033062078,-0.9039276878775206,LOW
0,1.207845752083761,-1.7720199001545522,-1.3301671480825243,-0.7996873828558176,-0.0001039965615212643,0.4416856382897483,LOW
0,0.18089305562611735,0.03958007227118129,0.9395396255941787,1.5404914938764294,0.5718798869628648,-1.197420229063155,HIGH
0,0.4204605355788528,0.3199477629431453,0.629727738604079,0.19135055274944318,0.0035819248375093793,-0.766987204465256,LOW
0,0.4708016858921106,0.7785478032172435,0.391528477215111,-0.7678798055923952,-0.00024099320171984355,0.9831865055380765,MEDIUM
0,0.5090313035717251,1.2822073313748552,-1.3083702866626656,-0.7109099312784303,-0.0002296885499374117,1.1193245209463618,HIGH
0,0.09176230233528364,0.23308322720166666,0.5493570215404309,0.203002782773206,-0.0002653134804703155,0.5820383145175221,LOW
0,0.3175315448571059,0.4980295670077709,0.48115103939687515,1.1575526584192986,0.0007756339117226071,0.209029316388736,MEDIUM
0,0.45452467947341707,0.694881845905111,0.7430062489512304,-0.766964553555614,-0.00024229640972070859,0.9911438040444734,MEDIUM
0,-0.0056272536909873355,0.6353691503677058,0.43790115339159197,0.9208252242856885,0.4774796331896804,-1.1863657652035586,MEDIUM
0,0.4419470052714297,0.6590287819319119,0.9520393010878336,-0.7873773151546347,-0.00023646069599021823,0.8147934238771591,LOW
0,0.507118974601294,1.2688240404667204,-1.2218045717297672,-0.7908433676010816,-0.00016765936640390024,0.7531553593841578,LOW
0,0.3411559405234557,0.5226440197976827,0.7318015653024321,-0.7819324462512571,-0.0002741757614263845,0.820439581129426,LOW
0,0.40208798474867363,0.5748739845767612,1.4647622933473423,-0.7637194037513966,-0.0002458835506768928,1.0282641329280948,MEDIUM
0,0.07577527661215339,0.6187509268726076,0.4560453064484652,1.1468819211309198,0.27065301810597353,-1.1804990064197,MEDIUM
0,-0.10214370210891426,0.6377548545905629,0.7805613231882716,1.9927942570939166,0.4754472762034685,-1.184773232624379,HIGH
0,0.5090854682005064,1.2799650034858736,-1.2905545130568148,-0.7702439577078006,-0.00019119472012407943,0.9392038670318431,MEDIUM
0,-2.50313226777252,-1.807411415334604,-1.3774286867668435,-0.7757785938228996,-0.0018552865466768542,1.2753247119994076,MEDIUM
0,0.21018896575778603,0.4214341907983095,-0.08278131249205933,0.5471067545205189,0.7659742260093916,-1.2035003878179371,HIGH
0,0.34374476257807074,0.5204185418016471,0.7299931225003109,-0.7004064006039928,-0.0002595265408590365,1.1671666448695963,HIGH
0,0.3629422226612339,0.3268116005224088,0.6233248505650086,0.1946953221207618,0.0017526673187628456,-0.1586960484539922,LOW
0,0.21449558742611627,0.4258229252900551,0.2607124850482724,-0.25208431400277337,0.16030167696415987,-1.333619192452019,MEDIUM
0,-2.1089818575628922,-1.8070545658191657,-1.3769496746998526,-0.7790450832994197,-0.0013392405396472288,1.254577293083934,MEDIUM
0,-2.504180339321689,-1.8075252236637693,-1.377581455821125,-0.734856035198627,-5.521701252583046,0.07357465700750397,LOW
0,1.2112607395866146,-1.772319895333768,-1.3303240647840784,-0.7997127477496683,-0.00010261497655983333,0.4402456496869597,LOW
0,-2.1852298601697973,-1.8079655489791484,-1.378172520486602,-0.7346099706775064,-0.00021062884700711918,0.08923321362132793,HIGH
0,0.20601507521245135,0.13547762232868207,0.3662021361731001,0.22262969041926697,0.5740948525397083,-1.2031170150722252,MEDIUM
0,0.3553126124752869,0.5337240689675222,0.77600947538799,-0.7826432388654263,-0.000278203560657943,0.8270739407928471,LOW
0,-2.5041821149312957,-1.8075271706554543,-1.3775840693387873,-0.7348260376206469,-0.00021526957642315636,0.07379425027535993,HIGH
0,0.4032924563118606,0.5809879646676394,1.602623702636818,-0.7852601295456001,-0.0002278710378213452,0.8435255642972544,LOW
0,0.5063824321970559,1.2022038352279716,-0.9935860363265545,-0.770054798753276,-0.00019732803120398444,0.9448517041241589,MEDIUM
0,0.18081020148822813,0.032008215666966294,0.943011948538128,1.542914201644512,0.570766438168854,-1.1973756063894663,HIGH
0,0.39961178953079846,0.547255551000177,0.691917631969132,2.128590259008776,0.0024612368510503256,-0.3905355419391839,HIGH
0,-2.5041797184809185,-1.807524549387561,-1.3775805507156775,-0.7848684738888129,-1.9621353385105182,0.5595824384558213,LOW
0,0.4100392407734888,0.5650091423446499,0.4696022078209773,1.1543121216294303,0.0027650336779509337,-0.49642584732022477,MEDIUM
0,0.2214958527322413,0.4315586837670526,0.6199295493485641,-0.7028131294078944,0.5266139476531306,-0.08433450455064366,MEDIUM
0,0.5014597283503811,1.1101835970852159,-0.6664354761264499,-0.7697173146142378,-0.00020733629404013406,0.9539784914189077,MEDIUM
0,-0.005628074706877169,0.6353692687182878,0.4379012186092454,0.9208260657505384,0.47747946017167603,-1.1863657250734778,MEDIUM
0,0.5079546027439765,1.2354415632150415,-1.1204610035030316,-0.7701654920764772,-0.00019398329601798476,0.9415831978272075,MEDIUM
0,0.2973676431599958,0.32623060782327507,0.6143411060292,0.19800723312946528,0.00042662822988847986,0.3326773538966996,LOW
0,0.22175863303939072,0.4317732542925586,0.6332772366433554,-0.7529513434846885,0.0046097215326226584,0.9706083171650658,MEDIUM
0,0.3378605045310083,0.5201235499724604,0.7246593942533114,-0.7817659496770144,-0.000273302872537788,0.8191157695708882,LOW
0,0.3466504050180229,0.3173502015053214,0.6315623050188556,0.1904120450272181,0.004176999827165634,-0.9574992104159383,LOW
0,0.4197034776397353,0.31962608441176216,0.629963122830424,0.19122895178904353,0.0036553750291207464,-0.7908757470745316,LOW
0,0.12902233234402438,0.4000628281697967,0.4175335744815724,0.6873916102917063,0.5083715201193081,-1.1622045498680817,MEDIUM
0,0.508643370044589,1.2589821480161814,-1.2017494961463875,-0.7108819393874583,-0.00022991471867262974,1.120159477412067,HIGH
0,0.20598687453152273,0.13404092859209082,0.3663802337789002,0.22403736255614273,0.5737890819655519,-1.2030414680185761,MEDIUM
0,1.1605267899906986,-1.563976715458411,-1.3324469606396243,-0.7803013240552501,-0.0001451553600634263,0.6380433610615392,MEDIUM
0,0.4981754441511609,1.0569425594922464,-0.49266653662513715,-0.769501290322381,-0.00021350370913020584,0.9591403153298009,MEDIUM
0,-2.504179773457999,-1.8075246090964898,-1.377580630865142,-0.7753151688528072,-0.0031233358325615146,0.49765196592831124,MEDIUM
0,0.1942515114250805,0.4070806835677371,0.17810927345584973,1.1518771980896245,0.6468356254704617,-1.191099919421857,HIGH
0,0.41846128606879823,0.3203727862523273,0.6294215062053024,0.19151209738852157,0.0034828048089709843,-0.7353716994206647,LOW
0,0.8263520884626887,-0.5778312243428362,-1.340304466280089,-0.7195161478747159,-0.00023896669592545755,0.9018032944757822,HIGH
0,0.4068604021311229,0.5814011910664566,1.6568043327260509,-0.7640812340414032,-0.00022778982435948903,1.0238858791803043,MEDIUM
0,0.509058387222901,1.2781369468121246,-1.279069820566821,-0.7702420982748877,-0.00019123516739756637,0.9392604945212062,MEDIUM
0,0.40634129011208603,0.579896989586205,1.6465564606653034,-0.704426764755097,-0.0002444887186529863,1.1997446251625206,HIGH
0,-0.10131546840528506,0.6506666649825238,0.7735010086412931,2.0198683385690477,0.4707421769915477,-1.1840498177463223,HIGH
0,0.40638267775301523,0.5799550232326228,1.6479647490570108,-0.7044298488603146,-0.000244408232267907,1.1996986006843147,HIGH
0,0.20224588344434616,0.42775410043197315,0.4726204026652977,1.1596270494106258,-0.0001857117895439125,0.5867376332256155,MEDIUM
0,0.4734519120808046,0.811017346132794,0.28281719394927907,-0.7889622138855817,-0.00023058545663309188,0.796714993046604,LOW
0,-2.504179786468638,-1.807524623226948,-1.377580649832969,-0.7840271894403825,-2.273986110795483,0.5669569163879082,LOW
0,-0.005636305685685141,0.6353704766383668,0.43790186765229727,0.9208344365085951,0.4774777287880915,-1.186365325967894,MEDIUM
0,-1.9091498468760741,-1.8070372089893147,-1.3769263759966637,-0.7808002967708209,-0.0011472559819349969,1.0546541348716538,MEDIUM
0,0.1331987036033316,0.2908536045809666,0.6323764673349652,-0.29775523733452863,0.5056727347943453,-1.2872145466385583,LOW
0,0.18109137615791324,0.0442318869820694,0.9397240826292842,1.5354356729203937,0.57303398801983,-1.197569760594049,HIGH
0,-2.504180339321689,-1.8075252236637693,-1.377581455821125,-0.7348529383411279,-3.9365752078011447,0.07355927316979789,MEDIUM
0,-2.5041797756106767,-1.8075246114344476,-1.3775806340034675,-0.7753151024928491,-0.00312373476109102,0.49753080140922284,MEDIUM
0,0.5649047010743844,0.6822482183692872,-1.324855398882812,-0.7142811831533988,-0.00023435020238962885,1.0232128915508585,HIGH
0,-2.504099517876559,-1.8074374459594218,-1.3774636286200888,-0.7757043593579473,-0.0019238350913149144,1.183598846373234,MEDIUM
0,0.40515137602766316,0.5790044858575977,1.599807381072787,-0.7639559503697645,-0.0002337397331678494,1.025723899873029,MEDIUM
0,0.2059811380841463,0.1336148828863229,0.3664169044733156,0.22432586424603546,0.5736963499548392,-1.2030267752493566,MEDIUM
0,0.2222672463613184,0.4321404739654188,0.633528198082364,-0.7529826879720679,-0.00025975275065475393,0.9706849257779364,MEDIUM
0,-0.08935394836681844,0.6327916010975112,0.7829112229740461,1.9844024424898867,0.4770853961672008,-1.1849981965077678,HIGH
0,0.18042627921689466,0.4087103936346561,0.6070522090941103,2.1308586877856848,-0.00019067734548332063,0.5958730022124592,HIGH
0,0.20977279188999448,0.2524534705258863,0.6319104229159506,-0.420913593660969,0.8261281552054808,-1.3275258157701562,LOW
0,0.3197419432400538,0.5023251617003166,0.6919282673822886,-0.6989034335899774,-0.0002579260774366494,1.1589124237276722,HIGH
0,0.5070549576723398,1.265193208038074,-1.2099918282874402,-0.7908393932773338,-0.00016778026790179596,0.7532896679425565,LOW
0,0.13974843601764209,0.28856348706671897,0.6318032756543098,-0.32729897267703684,0.5098761107447657,-1.2943984288251607,LOW
0,0.4111768206699041,0.3214910226343969,0.6286522373337491,0.19194026104652218,0.0032243590454932784,-0.6523909964589941,LOW
0,0.21938237190864,0.42619688303943787,0.6351345713971079,-0.7439327742653257,0.42638030738415333,0.194346215779094,LOW
0,-0.0940225389002917,0.6334795395363634,0.7811423645229529,1.9905940679683374,0.4759662225947231,-1.1848230717261834,HIGH
0,0.19141405378113105,0.3161721261719822,0.3927761175051059,1.2359325849633573,0.6304771163746806,-1.145521175499133,HIGH
0,-1.756740403818708,-1.8057172265625043,-1.3751545156373144,-0.7954274035720816,-0.0015729043994645456,1.2410957416487707,LOW
0,0.4032024741906695,0.5456038110718868,0.6907212117888727,2.1286368694431554,0.002414187960260969,-0.3734192665873289,HIGH
0,0.19250377661879853,0.26922142371200475,0.6319158599459448,-0.4085609096795071,0.47285860537654956,-1.2714755905741693,LOW
0,1.2093580596506155,-1.7732084096691474,-1.3315173464807637,-0.7804066033488805,-0.00014352754388884288,0.6327653743291755,MEDIUM
0,1.2092912549760617,-1.7730979023361242,-1.3315156396016763,-0.7804062606093681,-0.00014354942613356643,0.6327826119247695,MEDIUM
0,1.198361919505162,-1.7047486411629134,-1.3327226037305604,-0.7217191475629832,-0.00021015051481398253,0.8220459595868758,HIGH
0,0.21026705992333397,0.42150277412748594,-0.08538196916377269,0.5429386146088011,0.7664616242723499,-1.2037991595264623,HIGH
0,0.40533270842297625,0.5784806529554842,1.6025402160312445,-0.704345736383625,-0.0002467827134256426,1.2009074957487413,HIGH
0,0.19319301903263839,0.37964176412202494,0.2616713072790751,1.1719974549841812,0.6592777346473504,-1.1544140631818331,HIGH
0,1.1673144147417467,-1.5886207021044538,-1.3321529122954259,-0.7803294352176866,-0.0001440899230990324,0.6366334702884188,MEDIUM
0,1.1626164833218355,-1.5747497276553133,-1.3335635581327208,-0.7216297317060596,-0.00021083383948897387,0.8262648735739915,HIGH
0,0.3748026559206662,0.5501355768782382,0.9078403186333631,-0.783620963673728,-0.00028143085826965467,0.83861408935436,LOW
0,0.2217591548205294,0.43177363107572453,0.6332770484090751,-0.7529520474014559,-0.0002451194319810405,0.9705954371491027,MEDIUM
0,0.505784973721052,1.1914815697762238,-0.957008794132685,-0.7106706083825269,-0.00023330019327605906,1.1262413306642653,HIGH
0,0.1290960332148257,0.2888760006898926,0.6318386716928017,-0.3229007115752367,0.5092538038912545,-1.293653615910747,LOW
0,-2.504180339612749,-1.807525223979881,-1.377581456245453,-0.7348521369839552,-0.0001859615726535329,0.07355710629264546,HIGH
0,0.19190951702746623,0.3316792428973695,0.36060334576773345,1.218470683872891,0.6328750064234313,-1.1366791491428703,HIGH
0,0.40460529474557333,0.5828254275833288,1.6563051577717538,-0.7853475334353859,-0.00022123167484955385,0.8421254801546001,LOW
0,-2.504180339321689,-1.8075252236637693,-1.377581455821125,-0.7348524357817071,-3.9365036677775525,0.07355694114546817,MEDIUM
0,0.21944144945313615,0.4280911044902289,0.6351638937346579,-0.7518857276488161,0.41524838404930065,0.3668440386605302,LOW
0,-2.457045443474885,-1.8069925696289646,-1.3768664549617584,-0.7883794901485337,-0.002527814941593786,2.0999005048268056,LOW
0,0.379994609034911,0.5504026182237578,0.9404097732739659,-0.70261977117741,-0.00026364921962926277,1.1909462887152296,HIGH
0,0.22145643515393482,0.4307216713602411,0.5832558542989632,-0.48738246159585713,0.8956922209681983,-1.246148769865637,HIGH
0,0.36185195758769695,0.5347340794062864,0.7935731537406348,-0.7015188524585348,-0.00026160117540917604,1.1768610496932523,HIGH
0,0.9152371262461562,-0.8208718149097872,-1.340168493515635,-0.7202053882710101,-0.00023298465423127657,0.8827585535644807,HIGH
0,-2.5041821165218088,-1.8075271538265678,-1.377584046748762,-0.7348261696575116,-0.0002152293060823124,0.07379083035901576,HIGH
0,0.08779588739680035,0.5983903627502307,0.7310834246063489,2.127404491047073,0.003922625003187689,-0.9168054616928781,HIGH
0,0.2102346651767482,0.4214749496843172,-0.08413414427632333,0.5447284310031503,0.7663224161941555,-1.2036710242997204,HIGH
0,-0.094022561543392,0.6334795425787955,0.7811423599846057,1.9905940840090757,0.4759662179439985,-1.1848230712939092,HIGH
0,0.2059442980897446,0.13077809280303718,0.3666546419456023,0.22618551879061946,0.5733085373385283,-1.2029352341506103,MEDIUM
0,1.1837532618963043,-1.6462986220095652,-1.3303022324115226,-0.7996631873416096,-0.00010274087306289087,0.4430590209353297,LOW
0,0.6186635284859775,0.2539931712445755,-1.3307918099897722,-0.7753135559799762,-0.00021388825695704472,0.7962603690658894,MEDIUM
0,0.507282027648169,1.2208210879909982,-1.0647127421357607,-0.770118168799905,-0.00019546698657451806,0.9429965414278314,MEDIUM
0,0.1289608115622968,0.2888859068456521,0.6318404906651384,-0.3227673555003553,0.509270868560031,-1.293628978372529,LOW
0,0.405185609212631,0.5790522765684194,1.6014135243468053,-0.7639586590113621,-0.00023358417071052518,1.025686409013713,MEDIUM
0,0.2214548478237054,0.4315251305916279,0.6174944977857137,-0.695069470216028,0.5611720964318305,-0.22433471640438402,MEDIUM
0,0.508583365130455,1.2562637678437885,-1.1935735417692506,-0.7108774291830103,-0.0002300099758290893,1.1202937987793358,HIGH
0,0.20598246191779532,0.13371610416823243,0.36640842906955895,0.22425923091807484,0.5737177538393133,-1.2030301499770577,MEDIUM
0,-2.504180339321689,-1.8075252236637693,-1.377581455821125,-0.7348524713129604,-5.51953501120141,0.07355703000113349,LOW
0,0.5089788666779066,1.2792367899750248,-1.2912275400136182,-0.7109059664911228,-0.000229773011758322,1.1194427864404095,HIGH
0,-2.504180339321689,-1.8075252236637693,-1.377581455821125,-0.7348528888318581,-5.519791559239854,0.07355946963714269,LOW
0,-0.005426299608248228,0.6353557946442121,0.4378806366271514,0.9205583706889551,0.4775250849134563,-1.1863785828653388,MEDIUM
0,1.2102445066601888,-1.772264179047444,-1.3302492747890735,-0.7997009344336311,-0.0001030541702805668,0.4409156186788143,LOW
0,0.43073717892102686,0.6232112608886223,1.195974581808864,-0.7655822408746712,-0.00023714365828426853,1.0042929981335895,MEDIUM
0,0.3461133946333446,0.5229791467474593,0.7373959599953245,-0.7603541123291108,-0.00026711383476339906,0.9994862210842126,MEDIUM
0,0.21029976370620584,0.4215299764052195,-0.08513723789892505,0.5410343484294956,0.7666394686847732,-1.2039261342200114,HIGH
0,0.20600912967106508,0.13528083197896587,0.36623944495066163,0.22292521724851835,0.5740861405783844,-1.2031002508145459,MEDIUM
0,0.17355012822566185,0.40455994459927364,0.6047757286531871,2.130761449492311,-0.00020600393277897395,0.6014148162027915,HIGH
0,0.35989936433710995,0.5338793984729158,0.7859637235210761,-0.7611475525298328,-0.00027038904123099583,1.0066506917358553,MEDIUM
0,1.209300868713192,-1.7731221126327703,-1.3315158488391607,-0.7804063026026986,-0.00014354674932042194,0.6327804998858968,MEDIUM
0,0.40483078640610615,0.5831405050837442,1.6595846539916221,-0.7853609569600016,-0.00022086005817172777,0.8419061568339817,LOW
0,-0.012958366595119564,0.6389959732023389,0.4381602563059105,0.9236996012749611,0.4769091226279268,-1.1862372051272443,MEDIUM
0,-0.10958696339757566,0.6527240555331755,0.77670395926555,2.0076646293464964,0.4729598901722653,-1.1845320592389146,HIGH
0,1.2076450928013387,-1.7638271828234577,-1.3314977180800978,-0.78040322292394,-0.00014371424181547357,0.6329354208993396,MEDIUM
0,0.5091400330478333,1.282961364908124,-1.3075551264328475,-0.7702478691132059,-0.00019102659827297127,0.939084746305021,MEDIUM
0,-2.5041409639439682,-1.8074824592680254,-1.3775240516193181,-0.7755632166823779,-0.002154388414592827,0.9608738854776513,MEDIUM
0,0.12838955739298336,0.28931518706181275,0.6319459587698021,-0.31725720941698216,0.5085418661057687,-1.2925262662441732,LOW
0,0.37591928399752517,0.551143224353701,0.919944287504575,-0.7836778812613931,-0.00028129596929754743,0.8393133920207972,LOW
0,0.5071928930637054,1.2189461396550894,-1.057498818025025,-0.7701118817080534,-0.00019565247346470108,0.9431825611529703,MEDIUM
0,-2.5040995178979975,-1.8074374459827054,-1.377463628651343,-0.7757043592900082,-0.0019238351392593844,1.1835987539590098,MEDIUM
0,0.18088461432451353,0.03927382271898384,0.9395379820460054,1.5407113072475633,0.5718094149164816,-1.197413678585169,HIGH
0,-2.504180339321689,-1.8075252236637693,-1.377581455821125,-0.7348692168482241,-3.9387873931731323,0.07363267823760258,MEDIUM
0,-0.0018348658560036867,0.6349348066128903,0.4373677103956604,0.913853227362971,0.4784845846814638,-1.186713232959806,MEDIUM
0,-0.10087850851778465,0.6368183749273982,0.7806445762599866,1.9924701168547867,0.4754165812101066,-1.184779747610958,HIGH
0,0.060573541224598584,0.6242999056064178,0.4539396798581932,1.1188074290703334,0.4522927481868485,-1.1797547301686793,MEDIUM
0,-2.5041791945133016,-1.807523980322327,-1.3775797868387432,-0.78723432637846,-0.00532597257629392,0.540370928704379,LOW
0,0.9187617115754791,-0.8308575434317969,-1.337499611029564,-0.7984920017613086,-0.00015712967233441543,0.503357789756937,LOW
0,0.4519294953526378,0.6839553213957027,0.7933766119532815,-0.707353619355333,-0.0002508030885696499,1.16681559688807,HIGH
0,0.4197753415408674,0.3196338050278616,0.6299575304042078,0.1912318464243321,0.0036536636240447197,-0.7903061062979982,LOW
0,1.2050821517962165,-1.7547578965354875,-1.3301414634164712,-0.7996837962289588,-0.00010420063529072612,0.4418897534630945,LOW
0,0.2226385715677271,0.43164008784742897,0.6324989533248776,-0.6926796067109949,-0.0002567180422187391,1.1394646141660787,HIGH
0,0.33751709388189544,0.5198617495614067,0.7239577922088252,-0.7817485777390775,-0.00027321379988574365,0.8189815784913882,LOW
0,-0.007226878040934393,0.6358883723440729,0.4379790941708287,0.9217678463035979,0.47721030174864776,-1.1863219047225133,MEDIUM
0,0.03614166928648522,0.6076820122194153,0.7386056418438973,2.1272145532254605,0.0050226807879116125,-1.0250550439891408,HIGH
0,0.15158559687594236,0.35902723981485096,0.41394403237074184,0.6496970950186666,0.5094413359026423,-1.114426141233737,MEDIUM
0,-0.005500408655847017,0.6353565460571118,0.43788966374437865,0.9206761663437806,0.4775072437573154,-1.186372903406633,MEDIUM
0,0.385642578568738,0.5603797384616012,1.0590063468420774,-0.7841858428284416,-0.00027667854275527495,0.8449487812649771,LOW
0,0.18889289163600467,0.24128432046970746,0.5473185976647374,1.3177481797131825,0.6175453336960173,-1.1802981930828795,HIGH
0,0.12897961328422933,0.2888840190369653,0.6318401433057291,-0.32279276527179834,0.5092672277765814,-1.293633685709418,LOW
0,0.21929356521041127,0.42318438202883085,0.6350901912307347,-0.7318759482505963,0.444823878204781,-0.04604019914964781,LOW
0,-0.09384946863998085,0.6334688562704848,0.7811855575343591,1.9904418582342336,0.47600254884407084,-1.1848272334622159,HIGH
0,0.2221309482828861,0.4312734178736415,0.6322477586550078,-0.6926467441845853,-0.00017894864361003214,1.1393723552908523,HIGH
0,0.4045800825073837,0.5774367676390352,1.5674007414858622,-0.7042834247266576,-0.00024840091218460283,1.20170394955786,HIGH
0,0.17589452354096216,0.2811913582653422,0.6319083688781884,-0.39083101159948735,0.5162089599726327,-1.2836535998172092,LOW
0,-2.502687251906509,-1.8073092789725216,-1.377291585417957,-0.787782234610067,-0.00279593897893451,1.7641056471445062,LOW
0,0.39957738640519913,0.5418746783039864,0.6880415509676678,2.1287434953902484,0.0023011421388806335,-0.3347520474593132,HIGH
0,0.19421420282699356,0.40704805676577915,0.17883500427833096,1.152900776200028,0.5786919887270139,-1.1936798928475914,HIGH
0,0.5087709206664345,1.2607403692399952,-1.2037359955771554,-0.7702227113583269,-0.00019146287922577586,0.9398507521571102,MEDIUM
0,0.42044095443685325,0.31974283066909026,0.6298782910527202,0.19127284348005388,0.003629180937939485,-0.7822437677112609,LOW
0,-0.09402313046509939,0.6334796191275791,0.7811422460176307,1.9905944868289014,0.47596610109933807,-1.184823060438973,HIGH
0,1.1665095406847388,-1.5857539003490981,-1.3321863857343867,-0.7803263058558884,-0.00014421529516294495,0.6367903904908495,MEDIUM
0,-0.10117577069114435,0.637022660160089,0.7806262400989264,1.9925414903200653,0.4754212995817404,-1.1847783011323525,HIGH
0,1.1347532644849398,-1.4728380502703982,-1.3347504846249687,-0.7214919501530779,-0.00021315897856935288,0.8327254120130396,HIGH
0,0.15254007974270137,0.28693297435221,0.631854562775165,-0.35119854982717763,0.5129449616743142,-1.2958428786877834,LOW
0,0.40207625118195767,0.546568294810657,0.6914195333925559,2.1286096088166326,0.0024421649543396227,-0.38340910059145783,HIGH
0,-0.002266004919194706,0.6350465948724662,0.4374290550761769,0.9146558916012258,0.47836948597565637,-1.1866720592972038,MEDIUM
0,0.4064578937231065,0.5808373904168388,1.6539060299818769,-0.7640543212505229,-0.00022816627875220063,1.0242903831835737,MEDIUM
0,1.2090580499130192,-1.7722569136955972,-1.3315120516348806,-0.7804055587755456,-0.0001435936113217359,0.6328179122212865,MEDIUM
0,0.10361755417132201,0.5955812695446138,0.728827978177592,2.1274582943777043,0.003837608297206916,-0.8877227934965951,HIGH
0,0.18085313289007376,0.03697002130041922,0.9402547252750137,1.5415984900073003,0.5713034868492525,-1.1973923882480788,HIGH
0,0.5055849424949886,1.2241350076480328,-1.0686826379016834,-0.790747519446389,-0.0001726289555257934,0.7563689041083524,LOW
0,0.33186646043826723,0.32794783785902826,0.6194436709390072,0.19636610867703072,0.0010256010205809062,0.10420603015853076,LOW
0,-0.07119262596990354,0.6386743627729143,0.7634572703007892,2.0581468551774993,0.4635600324106972,-1.181598033408448,HIGH
0,0.01821803010277309,0.6109222308523118,0.7412333423521487,2.1270757112139695,0.009313386521308505,-1.0753178620053154,HIGH
0,0.1504477548041215,0.5873876886613599,0.7223097463484263,2.127620607214597,0.003597158773169431,-0.803978315134927,HIGH
0,0.5087588885292239,1.2601471170434744,-1.2019531118145175,-0.770221850154429,-0.00019149611643712514,0.9398769504442689,MEDIUM
0,-0.014886725470620112,0.6405414693219492,0.4382332846501129,0.9244622914744316,0.47692467273108785,-1.1862051104997824,MEDIUM
0,0.5060328477049605,1.1951268851651753,-0.966953881136803,-0.7700302709051108,-0.0001980513034570453,0.9455580605029676,MEDIUM
0,0.21026917466501038,0.42150455469862896,-0.08543088697647808,0.542817934720021,0.7664723417014008,-1.203807412669445,HIGH
0,1.2109341874522088,-1.7722930139205273,-1.3302879808866284,-0.799707117265207,-0.00010277098833959522,0.4405648654329783,LOW
0,0.039420461608522216,0.3172800228105699,0.5537971409804281,2.1274243242367037,-0.00026551842890325906,0.6006077849643965,HIGH
0,0.5092662664977339,1.2860836429903935,-1.311129526315474,-0.7109275718948265,-0.00022923334812137588,1.1187977246925525,HIGH
0,0.40269277401903864,0.54623310608686,0.691176675469395,2.1286190673236436,0.0024325863938035723,-0.37993698287064487,HIGH
0,1.1817628059199883,-1.639288768247286,-1.3329318839551092,-0.7216946762426395,-0.0002095606379967772,0.8232018052318097,HIGH
0,0.5093907245482928,1.2873410161970356,-1.3111729319646315,-0.7109367991609791,-0.00022906598276525183,1.1185218349502926,HIGH
0,1.1634403300411005,-1.5746636366447708,-1.3323183906223584,-0.7803138035144566,-0.00014469804411000286,0.637417445301301,MEDIUM
0,0.22211832232223025,0.43126376686870765,0.6323429737428885,-0.6920044149339717,0.07959164900458082,1.1425535447416169,HIGH
0,0.5485974620603415,0.8415500686360267,-1.3200762953821958,-0.7726285079169588,-0.00019997509811057419,0.8687599418607482,MEDIUM
0,0.44472334540818936,0.6592011234749322,0.9320511242423793,-0.7069201314189282,-0.0002500241953831926,1.1702173540069079,HIGH
0,0.19323835337852216,0.3822463879636196,0.25646512712226155,1.1703965441951583,0.6606324209876749,-1.1587646325655367,HIGH
0,0.44751871467594107,0.6772156799824388,0.8458974657013537,-0.7876607917305208,-0.00023723990206975655,0.8117033549190764,LOW
0,-2.4488352157227884,-1.8072136725331236,-1.377163249421487,-0.7763793805776935,-0.0016557629816895392,1.5322708698309637,MEDIUM
0,0.21958300182006393,0.4333821352346688,0.6352270161268182,-0.7746934213274496,0.20535424975923555,0.7935045126781689,LOW
0,0.22203566393620836,0.43119616872836214,0.6289602298653006,-0.6635755712381901,0.49745308437925045,0.45352750294182714,HIGH
0,0.4063602978769055,0.5807007162526137,1.6512393981126632,-0.7640476058672588,-0.0002284471144879522,1.0243911355640023,MEDIUM
0,1.2062122964798065,-1.7589529426898831,-1.3327252294548892,-0.7217274253328686,-0.000210353162961328,0.8216538337259093,HIGH
0,1.1117307587438872,-1.3897636667198396,-1.334418179126602,-0.7800739675641412,-0.00015294584358990646,0.6492838652588105,MEDIUM
0,-2.4995064621329504,-1.8072596163030574,-1.3772249214127585,-0.7878710011714619,-0.002720153134909889,1.872906535393969,LOW
0,0.4155947994342701,0.5937286986306091,1.4868555854351098,-0.705062017873531,-0.00024547187804663945,1.1905919900632413,HIGH
0,0.5669538055639941,0.6530744560882863,-1.3225922058480792,-0.7937836432745197,-0.0001852369442673136,0.657082695052976,LOW
0,0.1127626248626417,0.2463049045925703,0.867395084875265,1.7412899368224701,0.5239043695771207,-1.1481202111375128,HIGH
0,-0.012871407392333882,0.6534237078363133,0.4422623128690228,0.9693725961780083,0.4714633914314015,-1.1844840499325624,MEDIUM
0,0.5075918022781201,1.288388097547081,-1.3080646511491507,-0.790872334431448,-0.00016647194977572114,0.7521759837955637,LOW
0,-0.09177459924536337,0.633417948634359,0.7819796044639676,1.9876556906668457,0.47650241519988074,-1.1849053504744067,HIGH
0,0.22173508525538202,0.4317545643528717,0.6332575733820218,-0.7521750783035442,0.1329537699828114,0.9715405150993228,MEDIUM
0,1.164949196150713,-1.5801436739458503,-1.332252790497193,-0.7803200517220915,-0.00014446028149280542,0.6371040485233819,MEDIUM
0,-2.422418400711385,-1.8071689032119167,-1.3771031539354033,-0.7765783577425485,-0.0016257951649998649,1.5295401212967106,MEDIUM
0,1.1751712246496133,-1.615392086078875,-1.3318703888144126,-0.7803555796303927,-0.0001429989499032803,0.635323562735986,MEDIUM
0,1.209316183855204,-1.7731568678213956,-1.3315162094499897,-0.7804063750059262,-0.0001435421295258541,0.632776858421229,MEDIUM
0,1.1991099079041017,-1.7046955818217855,-1.3314878940343824,-0.7803947896023298,-0.00014341575614727572,0.6333596052869039,MEDIUM
0,-0.0938405365861085,0.6334691765338766,0.7811885693227373,1.9904312657437206,0.4760045324103434,-1.1848275271805933,HIGH
0,0.3236296965785636,0.5059513346473588,0.6976423742905137,-0.7590417115924694,-0.00026327759031877224,0.9912035653519042,MEDIUM
0,0.40431236541855387,0.5824159153464035,1.6474370754087428,-0.7853294618743437,-0.00022233973974404345,0.842420646611248,LOW
0,0.21029807072078618,0.4215285778627504,-0.0852118689199008,0.5411340414824721,0.7666359479108324,-1.2039190168740308,HIGH
0,0.33150400319215556,0.5111115149730157,0.7068885323356162,-0.6996433162885125,-0.0002585590402105069,1.16248843150804,HIGH
0,0.19424869084999058,0.4070782165313899,0.1781583219487885,1.151958439535259,0.6427236802669639,-1.1912266709004973,HIGH
0,0.1932471922533044,0.38277084614408724,0.2554127931818143,1.1700923595883193,0.6509810415967634,-1.1596334713325909,HIGH
0,1.2106282573719682,-1.7722785592050174,-1.3302685777969376,-0.7997040335229264,-0.00010289866598607512,0.4407397712247234,LOW
0,1.2079627835551487,-1.7659493096456083,-1.3315005002180782,-0.7804036468971413,-0.0001436971468749924,0.6329140902009106,MEDIUM
0,0.09666167313858198,0.6148747612282557,0.4574162990993867,1.1517087591896025,0.028238786185720323,-1.1242203379035451,MEDIUM
0,0.12892186816273676,0.28971293892331185,0.6320634047558478,-0.31233263542605416,0.507798145654576,-1.2913895262271264,LOW
0,-2.5040370085409127,-1.8073695564781769,-1.377372498103355,-0.7876733586455473,-0.002939516345152387,1.5870337142555122,LOW
0,0.17741356592607116,0.6012915337608787,0.4609710046297809,1.152751147896653,0.003939331824544823,-0.9155106362928404,MEDIUM
0,0.39871495280180935,0.3189178801430066,0.6304596073946945,0.1909694161833005,0.00380389515107879,-0.8422426981950663,LOW
0,0.2060153796154418,0.1354860365829025,0.366200226886101,0.22261456541845753,0.574091932990435,-1.2031179464103705,MEDIUM
0,0.18080461697787364,0.03143048156085505,0.9434410594749378,1.5430848723367534,0.5707668757828369,-1.1973740584313133,HIGH
0,-2.5041819565198082,-1.807527185089827,-1.37758408871457,-0.7348259223149121,-0.00021530454535972622,0.07379726219849321,HIGH
0,-0.8153742894117465,-1.8045598895432826,-1.3736009801166016,-0.787513132041974,-0.0003261596236733888,0.2943914266112119,MEDIUM
0,-0.002087725292053144,0.6492562050853742,0.4440954025054592,0.9913299770851348,0.46871274170491867,-1.183348496081776,MEDIUM
0,0.3640587193409044,0.3267311465451211,0.6234557952635407,0.19463298571164941,0.0017821963022211305,-0.169075556771806,LOW
0,0.35362780826354395,0.5281245605234657,0.7585730796931516,-0.701016031725481,-0.0002605597887600278,1.1719735346019295,HIGH
0,-0.022210504872947633,0.6501354364032415,0.4388642315333247,0.9311919426767213,0.47608096511800574,-1.1859652026003977,MEDIUM
0,0.5040470082052259,1.1925695738057023,-0.9488388275684247,-0.7906511902685464,-0.00017656824384914007,0.7595002202549019,LOW
0,0.4083307881938344,0.5581589245959936,0.47119573345402943,1.1546378511451405,0.0025309216749534163,-0.4169629231151701,MEDIUM
0,0.4030178305853687,0.5806065894972361,1.5897845414508358,-0.7852408450784732,-0.0002293827045257458,0.8438166549595463,LOW
0,0.13350284404390025,0.3839125872723804,0.4534856394133819,1.159660777771826,-0.0002598390808286888,0.6055476238293174,MEDIUM
0,0.34819590964405805,0.5245952799849755,0.7430261117790746,-0.7604745154622435,-0.0002675768184099989,1.000447938790001,MEDIUM
0,0.4009523217708677,0.5726527108793136,1.4147450857464685,-0.7039972849728926,-0.00025458946166879304,1.203821687553434,HIGH
0,0.515019902315039,1.220934008682201,-1.311350906387252,-0.7706486661180434,-0.00019130820254084432,0.9269202321858376,MEDIUM
0,0.21488656877234039,0.42614145863008784,0.2683863455339676,-0.26263553603873535,0.6191643428203389,-1.293785449906945,MEDIUM
0,0.509344642747224,1.2869371999043822,-1.3111571389161458,-0.7109333910507382,-0.00022912056789108166,1.1186237569145807,HIGH
0,0.22174426811275708,0.43176211956437105,0.6333798227018399,-0.7526126574163572,0.08700098517238283,0.9715273460318743,MEDIUM
0,0.5090996614238306,1.2808709141698997,-1.2961486950138335,-0.7702449595055681,-0.0001911616500159662,0.9391733581012991,MEDIUM
0,0.5091373511352874,1.2828544514707547,-1.3070888062834671,-0.7702476757654365,-0.00019103691713814647,0.9390906348435836,MEDIUM
0,0.1353339251870724,0.28871758857270385,0.6318124683593402,-0.3250543667384791,0.5093510773587195,-1.2940335759970427,LOW
0,0.17485219754544046,0.11896192870247073,0.8913814915456912,1.6880874787560853,0.537047315862399,-1.1876368842495022,HIGH
0,0.40300123865010434,0.5459669178703105,0.6909839258660634,2.128626590283701,0.002424863119079501,-0.37718007539891407,HIGH
0,0.20715884798862405,0.4186485637210235,-0.03868888570954668,0.685426843428984,0.7409618046267411,-1.1926521150259335,HIGH
0,0.3654487316296545,0.5420297935883607,0.8296073679019739,-0.7831498896887865,-0.0002807269788112867,0.8328090910394806,LOW
0,0.14505103971335656,0.186068243436102,0.8797146859316625,1.7080828584354764,0.5318445688557495,-1.082834662975473,HIGH
0,0.36601519650168524,0.5389085674628047,0.81903474716744,-0.7614976036821414,-0.0002718118411033864,1.010446669625554,MEDIUM
0,0.22211912761228245,0.4312644204574981,0.6323471692846869,-0.6920739633348976,0.07563625735860037,1.142422644815565,HIGH
0,0.18082489290975587,0.033702649790520116,0.9419227261180992,1.5424629623767174,0.570851869572921,-1.1973799245012346,HIGH
0,1.185069574416615,-1.6505129372003764,-1.33028271695143,-0.7996649756236447,-0.00010276258266971162,0.442957842903468,LOW
0,1.1957158739882552,-1.6862636487408558,-1.3315140975254287,-0.780391358304048,-0.0001431001467923901,0.633531970740592,MEDIUM
0,0.21394126501779318,0.3955927424790377,0.2933847421103516,-0.22754320948631032,0.6294429036737281,-1.2516787690807623,MEDIUM
0,0.5073980805055464,1.2855046561931898,-1.3079905602126989,-0.7908601124408252,-0.00016725352392684138,0.7525891307928894,LOW
0,0.02512834734563536,0.6096742980882555,0.7402229167841143,2.1271444425900294,0.006785665104171589,-1.054835265840187,HIGH
0,1.0426848851371118,-1.1738717520636388,-1.3378463366585085,-0.7209983947596739,-0.00022150047150554448,0.8542858498662494,HIGH
0,-2.504180339327601,-1.8075252236701902,-1.377581455829744,-0.7358710540083301,-3.9932263555257834,0.1358961456843785,MEDIUM
0,0.13971631371248294,0.28856712995597905,0.6318031445343837,-0.3272425236860856,0.5098683275588126,-1.2943895972159924,LOW
0,0.18094025091784566,0.040702357170883816,0.9397130788087575,1.5392782200874042,0.5721581748636811,-1.197457583016483,HIGH
0,1.2105429980808762,-1.7722750981826683,-1.3302639319409182,-0.7997032903206169,-0.0001029335608829635,0.4407819347952296,LOW
0,0.3324878418784897,0.4989458145805766,0.6588870538611407,2.130002605953973,0.0011217380571581918,0.08374387702090548,HIGH
0,0.5073950937076094,1.2854532618381278,-1.307955553158308,-0.7908599225765184,-0.00016726726188753753,0.7525955511193391,LOW
0,0.4120409603746606,0.5889004532182934,1.5559726018869944,-0.7644195051112098,-0.00023005956238037316,1.0189195741462183,MEDIUM
0,0.505990198603279,1.232853925523952,-1.1021017559109367,-0.790772925429395,-0.0001715493817365417,0.7555248169157249,LOW
0,0.18076232756708444,0.028552091643985603,0.9465045745423325,1.5443560890945192,0.5710108202755919,-1.1973581795360124,HIGH
0,0.2187973322455779,0.4293482927697046,0.4637392404515323,-0.4776481302262739,0.6795317057600576,-1.319211488078594,MEDIUM
0,0.0992553741902216,0.2723297647840244,0.8613871834888289,1.756464895073467,0.5225351469271268,-1.168375515890772,HIGH
0,0.18077469824515946,0.029202358608723295,0.9456714874143555,1.5439883307712907,0.5709578755585156,-1.1973637239770718,HIGH
0,0.8456458064663075,-0.6325349059955685,-1.3403880033386466,-0.7196799108475659,-0.00023787367111955258,0.8976527601544178,HIGH
0,1.208748438868796,-1.7741259702287846,-1.3327509346379582,-0.7217321731386793,-0.00021022913266468358,0.8214289241352548,HIGH
0,-2.504179815735666,-1.8075246550129733,-1.3775806925005054,-0.7752995512984874,-0.09564962705747092,0.4961295247525597,MEDIUM
0,0.4055740044626121,0.5841674117943297,1.6472675738710247,-0.785404487706176,-0.0002212115909025495,0.8411898766789777,LOW
0,0.17425309149506135,0.13878774609007463,0.8846664735509275,1.6940209561052202,0.08120385567266292,-1.206256918000615,HIGH
0,0.20593336334855264,0.13042747450132433,0.36672595502918776,0.22674043385300421,0.5733569402729968,-1.2029071125963897,MEDIUM
0,1.1851833127227915,-1.6473178587597475,-1.3316497105790068,-0.7803773294556401,-0.00014244878173243737,0.6342350973855405,MEDIUM
0,0.17473621681172163,0.31932422887151674,0.4114125571317691,0.6226443036155069,0.4625730132106801,-1.076012510342144,MEDIUM
0,0.2457575420175612,0.31043675598811504,0.632767694752273,0.08480771043757278,0.45575236694422816,-1.1789494575509973,LOW
0,-0.005627238251849322,0.6353691481458933,0.43790115216433884,0.9208252084505194,0.47747963644384106,-1.1863657659587676,MEDIUM
0,-2.4059783778015817,-1.8075748165953507,-1.3776480262146302,-0.7347590008717781,-0.0002165399498667082,0.07784388405743017,HIGH
0,-0.01735713076512874,0.6549477493971841,0.44144950879783446,0.9599060736850789,0.47263437199375646,-1.1849345236129747,MEDIUM
0,0.21028836253272984,0.4215205518571868,-0.08549841814782279,0.5417049727103086,0.7665896308178992,-1.203880991937942,HIGH
0,0.4995453324406499,1.1095459874601943,-0.6565728246929096,-0.7903767944628555,-0.00018797575081334263,0.7678087388270817,LOW
0,0.4030768314882089,0.545871179016769,0.6909146336178057,2.1286292987195843,0.0024220629357467184,-0.3761884793369717,HIGH
0,0.20332121827006788,0.42228786104076727,0.6144093405231428,2.1310892578974268,-0.0001178664196325821,0.5678590090466951,HIGH
0,0.19322951371512198,0.38172574795488406,0.25750485161831604,1.170705658184128,0.666764683974911,-1.157875204116757,HIGH
0,0.373067820002173,0.5485916893880846,0.8905585326641592,-0.7835329739561447,-0.0002815080125637274,0.8375229654268768,LOW
0,0.21029974763128578,0.4215299631260336,-0.08513797973553862,0.5410352950447466,0.766639308809342,-1.2039260658903086,HIGH
0,0.3986663806386196,0.5705901495767562,1.3376878932703944,-0.7634718093155606,-0.00025577125695279245,1.0292979175344663,MEDIUM
0,0.1810661875003432,0.04364704912034998,0.9397901407723268,1.536072061715697,0.5728877212718181,-1.1975518494204584,HIGH
0,0.23845868145682153,0.4496647618438877,0.4788189840749274,1.1592911257596532,-3.420132619111763e-05,0.5276108284531145,MEDIUM
0,0.4046136215683419,0.32242750699731826,0.6279645998080904,0.19231955661736724,0.0030010740079021636,-0.5800529134193363,LOW
0,0.22211668128093326,0.4312624308311055,0.6323295053046067,-0.6918517379610515,0.0879327607108458,1.1427318322458457,HIGH
0,0.40029037856019506,0.5471144360747389,0.6918153425630678,2.128594226880891,0.0024573783677874876,-0.38907143487553547,HIGH
0,-2.5040322328055233,-1.8073643696977577,-1.3773655356995906,-0.7876829311659004,-0.0029236494133319663,1.6046185006870846,LOW
0,0.21489420763668723,0.4261477233619381,0.26872183187997356,-0.2630236393513252,0.6350503614888356,-1.2933996138076207,MEDIUM
0,0.1639556698770227,0.2965907977730268,0.6330096719756423,-0.20826712020293972,0.4915935923336177,-1.2456901926037476,LOW
0,0.48335825329385224,0.8770634670682552,0.05932246268128639,-0.7685955641072576,-0.00023347734397088894,0.9752377950572833,MEDIUM
0,-2.504182022292358,-1.8075270514868376,-1.3775839093744244,-0.7348270218823026,-0.00021487233533592275,0.07377005282392754,HIGH
0,0.17693598791893902,0.08348077677479579,0.9154824785224707,1.6397783711648648,0.548609215125772,-1.1898211036712838,HIGH
0,0.23385450955639245,0.30865575798807854,0.6328193423480998,0.04331330376483372,0.45976050007552455,-1.1787602538360566,LOW
0,0.004718784879104963,0.6465202995884296,0.44522476284685686,1.005203370829507,0.46695806752964336,-1.1826463908792817,MEDIUM
0,0.17425407569392945,0.13876999253905298,0.8846710750207308,1.694019567921835,0.07892120052477382,-1.2062793713712794,HIGH
0,0.21272994926094413,0.34517889021069925,0.3152847423049018,-0.15279750115423235,0.6241577750401729,-1.222431205694814,MEDIUM
0,0.40632865068228224,0.5798792625345058,1.6461145958523362,-0.704425818397393,-0.0002445139488794714,1.199758730004904,HIGH
0,0.11788166030604466,0.42048995887368656,0.4193404003878907,0.7061121554760195,0.5070389680593513,-1.1767884295670847,MEDIUM
0,-2.504182116646862,-1.8075271539623845,-1.3775840469310736,-0.7348261685955766,-0.000215229581107171,0.07379085774077777,HIGH
0,0.40142614168037494,0.5468123794415839,0.6915964207436442,2.128602729593702,0.0024490242171866946,-0.3859388820591055,HIGH
0,0.5091573748684869,1.283504093599446,-1.3093750084186233,-0.7702491120949503,-0.00019095830308256393,0.9390468897911295,MEDIUM
0,-2.5041821165358558,-1.8075271538418243,-1.3775840467692408,-0.7348261695380802,-0.00021522933733416852,0.07379083343819809,HIGH
0,0.39619917567003166,0.566929286970324,1.2552624870334055,-0.7036541522235806,-0.00025958228066479545,1.203270667620816,HIGH
0,1.1602492303176954,-1.5660639570424002,-1.3336682533731647,-0.7216186723510783,-0.00021104044543741838,0.826786888184214,HIGH
0,0.4019371854227455,0.57912851761339,1.5404987083692938,-0.7851656222388382,-0.00023502573352811253,0.8448543416328955,LOW
0,-0.007658062592646337,0.6360730381535088,0.4379948019631818,0.9219437879083734,0.47715658853567144,-1.1863139338491657,MEDIUM
0,0.40427112184150565,0.5823581894708059,1.6459298031663345,-0.7853268420612214,-0.00022253218196415848,0.8424633639646425,LOW
0,0.18065304091773862,0.278599985741463,0.631912146690131,-0.397028983470723,0.5161268011496165,-1.2791948913388558,LOW
0,0.3860146061074139,0.5329707344386542,0.6817612111936341,2.129003459141814,0.0020333775243121096,-0.24295002651812136,HIGH
0,0.21959271173569367,0.4335475471835311,0.635229712462019,-0.7753111344280033,0.11917736638612914,0.793703236948606,LOW
0,0.40508300986673196,0.5789091416543293,1.5966007600199237,-0.7639505404405166,-0.00023404904285098235,1.0257983047592782,MEDIUM
0,-2.504180339321689,-1.8075252236637693,-1.377581455821125,-0.7348537268135364,-3.936686565871176,0.07356292305081348,MEDIUM
0,0.4025899093330906,0.575531097893294,1.4855205526672473,-0.7637571977004706,-0.0002441191008651055,1.0279601184390577,MEDIUM
0,0.2059224287945671,0.13027676078702155,0.36679830100116056,0.22730180421427626,0.5734565886520026,-1.2028776837053592,MEDIUM
0,0.4042526388445606,0.5769881323093764,1.552428850650508,-0.7042565892899117,-0.000249064237403498,1.20201243699471,HIGH
0,0.20768871608795772,0.41913658540744264,-0.047921064698551515,0.6626034533698058,0.7451399313719714,-1.1941922605493334,HIGH
0,-2.504180339321689,-1.8075252236637693,-1.377581455821125,-0.7348670655640775,-3.9385028705394562,0.07362087309618082,MEDIUM
0,-2.504032231669349,-1.8073643684637974,-1.377365534043201,-0.7876829334323123,-0.002923628069127277,1.604622614115657,LOW
0,0.20792253065747468,0.4193521733670282,-0.0520262487102978,0.6524231705083096,0.7470004474229762,-1.1949364758301066,HIGH
0,0.4046407846246924,0.5782957671188341,1.5759812911889033,-0.7639156102804887,-0.00023600476005563025,1.0262622775829555,MEDIUM
0,0.4108005178839902,0.5599178645630976,0.4707797619383149,1.1545533466803233,0.0025919701088417883,-0.4373987265044128,MEDIUM
0,0.20592572123829472,0.1303188755450909,0.366776397188856,0.22713201320036455,0.5734285522160578,-1.2028866195184351,MEDIUM
0,0.3022943035247783,0.48946260260084007,0.676564745849246,-0.6977972339752603,-0.00025736335487137944,1.1546268948765928,HIGH
0,0.5091191021893482,1.284011830509034,-1.3110747310159043,-0.7109165594406844,-0.00022950221864908817,1.119126702341512,HIGH
0,-0.10441965311942554,0.6401225370430845,0.7803429522721405,1.9936422525904967,0.475468814988546,-1.1847569137515868,HIGH
0,0.20593846838689975,0.13052565263739013,0.3666925599875244,0.22648075141715576,0.5733187254846004,-1.2029204890363834,MEDIUM
0,0.40322350008341357,0.5453406480777282,0.690530946855609,2.128644329947736,0.0024063695606473547,-0.37069384866011673,HIGH
0,-2.5041803393233093,-1.807525223665529,-1.3775814558234871,-0.7353690874872786,-3.9798971975587465,0.09132197794935384,MEDIUM
0,-2.2159074654006043,-1.8079081012865674,-1.3780954063620856,-0.7346344401034784,-0.0002113289369029679,0.08733682687632864,HIGH
0,0.18088462038740358,0.039274087481664575,0.9395379601607586,1.5407111475776638,0.5718094769561077,-1.1974136831766784,HIGH
0,1.2079076505577846,-1.7721721194014222,-1.3301685001931856,-0.7996876106944022,-0.00010397796822128784,0.44167267584591774,LOW
0,1.2043950773936654,-1.7497618088913232,-1.330137671084703,-0.7996831875814664,-0.00010420426323252843,0.44192439650788995,LOW
0,0.16521388858672628,0.15295569586859983,0.8833606916572113,1.6975054733903603,0.865742115107156,-1.1437518540976066,HIGH
0,0.22263855055361578,0.431640072668138,0.6324989429249445,-0.6926796053506704,-0.00025671811127948597,1.139464610339678,HIGH
0,0.13962216626097187,0.28857577932042755,0.6318028497872912,-0.32710863274163776,0.5098481955533585,-1.2943685764198378,LOW
0,0.5041807950390387,1.1590293314321412,-0.8350460941082679,-0.7699016871138068,-0.00020187154192463188,0.9491539802133863,MEDIUM
0,0.5090481110004812,1.2828013757629213,-1.31064103669276,-0.7109112069171205,-0.00022965271967853354,1.1192864612261357,HIGH
0,0.22200472951697695,0.4311708191619412,0.6265914290296992,-0.6448743156763028,0.6721629610324338,0.0863580514228455,HIGH
0,0.9819337880152353,-1.0004774196571593,-1.339243025382741,-0.7206400531029862,-0.00022718621119470836,0.8681130777374513,HIGH
0,0.41269552609613847,0.3212661286184491,0.6288097722004967,0.19185241497843494,0.003276726880823796,-0.6693055274381133,LOW
0,0.23968849196793146,0.4439631505373084,0.6409861407705127,-0.6937817051849122,-0.00025676954651845745,1.1425656074153872,HIGH
0,-0.0012214243677440924,0.634739059967318,0.4372805306876602,0.9127122198933345,0.4786481726805777,-1.1867722694185368,MEDIUM
0,0.8181159944249968,-0.5515578478400942,-1.3389307158475192,-0.7782415366065584,-0.00020668148808546813,0.720943006963798,MEDIUM
0,-2.5025315625590467,-1.807306043023472,-1.3772872416860036,-0.7877880169456981,-0.002790131263555473,1.7721289772774091,LOW
0,0.49068975427821043,0.9554437274121157,-0.18294745719753108,-0.7096511030889886,-0.00024555954206871095,1.1475840773475898,HIGH
0,0.22328402151220975,0.5750392132794157,0.7126749633641613,2.12788500720636,0.0032398420535892686,-0.6775819814891753,HIGH
0,0.4937554882460231,1.0198823229920257,-0.3690909411090206,-0.7900402832422481,-0.00020135370852823086,0.7767432057662252,LOW
0,0.4032261497409595,0.5454376072454756,0.6906010351345877,2.128641580268404,0.002409256993187236,-0.37169795234950675,HIGH
0,1.2119560399753426,-1.7742297676036831,-1.3328877557073435,-0.7217612146155377,-0.0002095053043107608,0.8200554418079415,HIGH
0,-0.11124770616854258,0.6509005732518407,0.7784176057551312,2.001079237782571,0.4741202017860583,-1.1846578254112117,HIGH
0,0.5089591757485484,1.2779057802987535,-1.2828573289492502,-0.7109045357762214,-0.00022978892225988524,1.1194854591178098,HIGH
0,0.41381714238317313,0.563108233312612,0.47004149374315723,1.154401670207611,0.002702519403683853,-0.4743915849174633,MEDIUM
0,0.34445529172715045,0.515293381097816,0.47930479297266115,1.1567381308879545,0.001206546562559336,0.04752880069014742,MEDIUM
0,1.2079257238909655,-1.7721964920800746,-1.330168990316227,-0.7996876933639677,-0.00010397120642977911,0.44166797266205604,LOW
0,1.1840065527317245,-1.6435758835101943,-1.3316685705897011,-0.7803753065925247,-0.00014244959888515214,0.6343363497247841,MEDIUM
0,0.5393928199715038,0.9371862280769255,-1.3179700128358167,-0.7721377504276898,-0.000197840475110553,0.8828534886229721,MEDIUM
0,0.5093064276905656,1.2858254138270044,-1.3095665490552917,-0.7702597137093459,-0.00019041246786072766,0.9387239694432774,MEDIUM
0,0.22174879908293071,0.43096119872218935,0.605964241262493,-0.543287348038886,0.8876042596118331,-1.0784286083360402,HIGH
0,0.18850199547288732,0.5994504999088872,0.4614150781468246,1.1528243170592825,0.003876303158834006,-0.8939921366993597,MEDIUM
0,0.14761796782047676,0.18156810397378817,0.8803497063110557,1.7063169924097743,0.5133999440227499,-1.0795868715687957,HIGH
0,0.6592339881157655,0.019106776938372046,-1.3340747675742548,-0.7762450632222345,-0.00021744733107176544,0.77324209623456,MEDIUM
0,1.2079430187002138,-1.7722047367401739,-1.3301694832208064,-0.7996877765216313,-0.00010396440814157259,0.441663241786222,LOW
0,0.1833561326354973,0.09678328835243649,0.8439570747058603,1.4782027125805266,0.5856780518374713,-1.1982878135089572,HIGH
0,-2.50323449507111,-1.8075275115506557,-1.3775845269347993,-0.73482155217422,-0.0002164397386913994,0.07392864149205931,HIGH
0,0.1435063419942149,0.2881022603384579,0.6318193873716763,-0.3343671120747894,0.510826405916374,-1.2953206254861662,LOW
0,0.1629284124940514,0.3391608194788188,0.41247328585933873,0.6339191770579297,0.5097222780284295,-1.0890018081248451,MEDIUM
0,1.1502016892133309,-1.5258461752064436,-1.3328979024892866,-0.7802549774477471,-0.0001467467819042904,0.6403640356452135,MEDIUM
0,0.5097066776881161,1.2870815031289782,-1.3112757067442513,-0.7109599858687032,-0.00022894362598738834,1.1178281291503653,HIGH
0,1.2090422352914267,-1.7722299411255458,-1.3302033159828304,-0.7996934302575863,-0.00010352966233155502,0.4413417790229393,LOW
0,-2.504179142538846,-1.8075239238744578,-1.3775797110667178,-0.7872352906587755,-0.004947723284160494,0.5427102323227811,LOW
0,0.5077631610782238,1.2900573891370202,-1.3081246751973943,-0.7908830005768851,-0.00016601635841042127,0.7518156819703058,LOW
0,-0.005652016020324962,0.6353728867207786,0.4379030833556303,0.9208500981812467,0.47747443974823545,-1.1863645797397302,MEDIUM
0,0.9662292627136652,-0.9581100296844626,-1.3368939169405685,-0.79874841743757,-0.00014582379046073474,0.491481068151728,LOW
0,0.21422432085372026,0.41776130299119185,0.2702607440033851,-0.245683121375533,0.9082422945093845,-1.2982551693585798,MEDIUM
0,0.5090391594579845,1.2825138869484543,-1.3096749444683495,-0.7109105291513682,-0.00022967199546220087,1.1193066836096497,HIGH
0,0.4886388777623856,0.9314718762771875,-0.10729732480997894,-0.768907699989735,-0.00022788456338686686,0.9706325608445507,MEDIUM
0,1.1971669591621739,-1.7005851592416985,-1.3301430421107552,-0.7996774216778134,-0.00010376696248827048,0.44225236072905244,LOW
0,0.3965425154504177,0.5680791445764649,1.2699882221111602,-0.7633256836876421,-0.00026035583013140284,1.0292256845903096,MEDIUM
0,0.027887450099065375,0.6091754620277524,0.7398183107636208,2.1271654203322408,0.0061596370282565585,-1.0470392622969578,HIGH
0,0.22211561605854602,0.43126156157693735,0.6323183341239553,-0.6917444341655047,0.09346392892068231,1.1427605870346025,HIGH
0,0.41230920891373946,0.32132362266693326,0.6287697454149528,0.19187476489075111,0.003263370237758793,-0.6649963250739537,LOW
0,0.2134350281697825,0.24948017528589644,0.632030639956191,-0.4247608353951057,0.1605331165506753,-1.364384989593134,LOW
0,0.38958344335068623,0.5352935891810272,0.6833887687094483,2.1289352321751447,0.002102127252489154,-0.2667014214604355,HIGH
0,0.1820099695941291,0.277729252142301,0.6319129299110574,-0.39862294522697217,0.5150926161259212,-1.2779186384733425,LOW
0,0.4849586196312107,0.8927406741562663,0.010846281173216066,-0.7686893455929642,-0.00023193565267130088,0.9739310019430654,MEDIUM
0,-0.005633423263424341,0.6353700492419014,0.4379016413421271,0.9208315184872121,0.47747833445091153,-1.1863654650738642,MEDIUM
0,0.20757848950253438,0.43101909720580295,0.4737536878325882,1.1595965072668284,-0.00017072578737331202,0.5811767542930061,MEDIUM
0,0.5073915267737601,1.2853834629295569,-1.3078301873090334,-0.790859695916816,-0.00016728365245666308,0.7526032157703603,LOW
0,0.20593469518146293,0.13044926979207846,0.3667172204070765,0.22667254632283712,0.5733451204913669,-1.2029106383960195,MEDIUM
0,0.4053574188454875,0.5792925884796349,1.6094669721868748,-0.7639722390288619,-0.0002327969752755754,1.0254961725121534,MEDIUM
0,0.8731992841986332,-0.7090090486170979,-1.3377489708089167,-0.7982189016855284,-0.00016775724706949514,0.5151373309229869,LOW
0,-0.013783209362892646,0.6395955324112933,0.43818868500692537,0.9239962493672583,0.4769135314675881,-1.186224651275459,MEDIUM
0,0.2863869792090364,0.4785825273274378,0.6671429127963712,-0.7568323334412583,-0.00026059577418586745,0.9823160100258433,MEDIUM
0,1.2086882091376028,-1.774022093417988,-1.3327494062686949,-0.7217318367499072,-0.0002102405781279977,0.8214448558378905,HIGH
0,0.3782955307159829,0.5488457984264967,0.9205351739755689,-0.7025162815936521,-0.0002635603157216175,1.1894685308900002,HIGH
0,0.5074642340248553,1.2865802175188736,-1.3080167139028425,-0.7908643066082152,-0.00016696087459890481,0.7524473195521243,LOW
0,-2.5041803393427107,-1.8075252236866008,-1.3775814558517725,-0.737282104255197,-6.147861604758467,0.5211734694367858,LOW
0,-1.160471882145854,-1.8062172638283822,-1.375825733822959,-0.7866598450064228,-0.0004906812818762881,0.4090406967248232,MEDIUM
0,0.021547337934310302,0.30523270542115344,0.5465106444537724,2.126884554208215,-0.0002664678211270318,0.5970260056656852,HIGH
0,0.5009103519630196,1.100875478240047,-0.635401738558371,-0.7696807157266243,-0.00020840454039947225,0.9548893351971645,MEDIUM
0,1.208665833315445,-1.7702693035912775,-1.3315074572532737,-0.7804047455411606,-0.00014364186355912947,0.6328588197746843,MEDIUM
0,-0.02255325929914444,0.6507051350443576,0.4389230325096449,0.9318225415188516,0.4760027386776818,-1.1859457163273368,MEDIUM
0,0.3684093863709183,0.5445409469874416,0.8506942020243947,-0.7832982721844489,-0.0002812057593163908,0.8346139865774359,LOW
0,-0.0940175424765645,0.6334788761869827,0.7811433705917807,1.9905905123629215,0.47596724928966416,-1.184823167577552,HIGH
0,0.1289512229704197,0.28888707941905,0.6318407066265848,-0.3227515741099653,0.5092732601066436,-1.2936260513250764,LOW
0,0.3984214549028443,0.5474632443418584,0.6920682077945168,2.128584424721179,0.0024668818156398033,-0.39269093021248314,HIGH
0,0.5076243261021348,1.2887801018180156,-1.30807640119328,-0.7908743686113493,-0.0001663660541410201,0.7521072514490695,LOW
0,0.15304361175843267,0.17221366432361002,0.8815111657282376,1.7031367259800012,0.47739203925689616,-1.0769092067234913,HIGH
0,0.6510539007418958,0.058347121313829145,-1.3349501535789958,-0.7171527307146996,-0.0002408386539911932,0.9528435927480493,HIGH
0,0.1488201619960622,0.17946717745485266,0.880628594754746,1.705552006374917,0.5291475960591584,-1.07835204004873,HIGH
0,0.18088452958061554,0.03927011512108246,0.9395382918283505,1.5407135393682045,0.5718085460077538,-1.1974136144242422,HIGH
0,0.2216303148522833,0.43086413434287907,0.5966783579610668,-0.5175600459087172,0.8676915852520537,-1.1992537928428533,HIGH
0,0.4113837501349737,0.5603546622009326,0.4706770171635768,1.1545324449549763,0.002607172616816529,-0.442473374892871,MEDIUM
0,-0.09444616238138152,0.6335731011439569,0.781076969073612,1.9908270714679779,0.4758826569518725,-1.1848169322047863,HIGH
0,-2.504180339321689,-1.8075252236637693,-1.377581455821125,-0.7348564617039005,-5.5219580217816215,0.07357657192944841,LOW
0,0.2093252643590388,0.3003552850481162,0.5932431939509802,0.20078153182138095,-0.0002113919825495595,0.5832679738716555,LOW
0,1.210119918545828,-1.772260041350681,-1.3302437206084083,-0.7997000372994105,-0.0001031039465707076,0.4409665385439123,LOW
0,1.143146319716849,-1.5042414055933684,-1.3317892823531967,-0.7995386020324414,-0.00010831041219428211,0.45011558747116387,LOW
0,0.21029976370621342,0.4215299764052277,-0.08513723789838966,0.5410343484288084,0.7666753699606517,-1.2039261342200518,HIGH
0,0.21390754259323327,0.39364879245024886,0.29498968169246514,-0.22549279858530982,0.6379809045118241,-1.249740865386327,MEDIUM
0,0.14554353973901615,0.18520730794692178,0.8798402311406364,1.7077274717237056,0.530389705320031,-1.0821405820077967,HIGH
0,0.5096101113532634,1.2885532009515088,-1.309671846341739,-0.7702809742134861,-0.00018974927138427268,0.9380763407650519,MEDIUM
0,-0.005445514922900284,0.6353555543626103,0.4378832547716807,0.9205925587717289,0.4775201647785126,-1.1863769318350401,MEDIUM
0,0.5073989372840888,1.2855190867586717,-1.3079910014851914,-0.7908601668981441,-0.00016724958939846608,0.7525872893122808,LOW
0,1.2066508237612488,-1.7656396635529379,-1.330153534889951,-0.799685404862395,-0.00010414031624650044,0.44179819504108997,LOW
0,0.2221249357183347,0.4312689938854178,0.6322925226491356,-0.6924778699340738,0.04401663251861197,1.1407750591451715,HIGH
0,0.1371030517666513,0.2886735507882372,0.631806928403261,-0.3256676518694489,0.509494192251856,-1.2941361970919256,LOW
0,-0.10122440466863827,0.6370568615133149,0.7806231846081861,1.9925533855217834,0.4754222264443997,-1.1847780608060865,HIGH
0,0.40068740048328483,0.5426573215065501,0.6886003689745748,2.1287209387986956,0.0023250132321407237,-0.34288253230805715,HIGH
0,0.1807697889085128,0.028935866483145452,0.9460090148452435,1.5441346021638498,0.5709864675879891,-1.1973615993119864,HIGH
0,-2.504182116526557,-1.8075271538317248,-1.3775840467556844,-0.7348261696170163,-0.00021522931856653195,0.07379083140303289,HIGH
0,1.0831840429723565,-1.2959572794545096,-1.335405262404446,-0.7799333154714486,-0.00015796834527961962,0.6560115981254997,MEDIUM
0,0.22011042569126674,0.4340707043874476,0.6354830738718257,-0.775617596702587,-0.00026294347869866336,0.7930514579635053,LOW
0,0.47616924722422005,0.8161316584914693,0.25715834029137125,-0.7681826706573293,-0.00023866868158040026,0.9801652220418225,MEDIUM
0,0.21421768753680223,0.4170135639061787,0.27107221630382966,-0.24513988328271194,0.8983204519497655,-1.29472733165764,MEDIUM
0,-0.09214252931082499,0.6471760105125342,0.7704244383007314,2.0315425295491716,0.4685755668588453,-1.183355075750033,HIGH
0,0.3179647630923141,0.3164231589745437,0.6321618915263958,0.1900563477581847,0.005916951742918804,-1.0373647588035781,LOW
0,0.42212967349436553,0.6050112584699173,1.3600433149622746,-0.7054959155733178,-0.0002465745293835859,1.1849608527435918,HIGH
0,-0.005906091064320114,0.6354260415098686,0.43791988175797203,0.9210637449689275,0.4774235711672111,-1.1863544641551023,MEDIUM
0,1.2078689112987426,-1.7720841916128094,-1.3301675973938514,-0.7996874584612674,-0.00010399040213342815,0.44168133679629595,LOW
0,0.40059958965253617,0.5773491715233726,1.4829410158895333,-0.7850745695481436,-0.00024135258850017705,0.8458869527100782,LOW
0,0.5095932636744367,1.288500104528243,-1.309666304374056,-0.7702798039764244,-0.0001897661258196699,0.9381119864642146,MEDIUM
0,-2.5040322333556335,-1.8073643702952156,-1.3773655365015798,-0.7876829300684718,-0.0029236632226001718,1.604616508945523,LOW
0,1.2111572496907668,-1.7743028614133982,-1.3329858721832277,-0.7217806342333609,-0.00020941555074676803,0.8191381506175471,HIGH
0,0.22175838726676045,0.4317730767156849,0.6332776289851574,-0.7529506073841097,0.00678040655359364,0.9706173237689054,MEDIUM
0,0.17198712233332633,0.40885944868896634,0.46505973718939614,1.1597085796244044,-0.00023872502572700805,0.6041723044096914,MEDIUM
0,0.4019195415228293,0.5537327390583803,0.4722275943998218,1.1548519378414157,0.00237937677582622,-0.36580527943497887,MEDIUM
0,-0.10283141568384946,0.6383629336986152,0.7805073732085333,1.9930042377734207,0.47547267286765427,-1.1847690741322527,HIGH
0,0.40293779435301225,0.5460337042114634,0.6910322739351057,2.1286247017418973,0.002426809743214249,-0.3778717900296573,HIGH
0,1.2082299757897366,-1.7721019483148723,-1.3327430845611712,-0.7217305237174472,-0.00021028389121710133,0.8215070479692346,HIGH
0,0.5090474710056656,1.2827832654419171,-1.3105906721597846,-0.7109111585708687,-0.00022965410551478631,1.1192879037784786,HIGH
0,0.21024493284339144,0.42148388155024247,-0.08458474423939019,0.5441728896103422,0.7663667286690587,-1.2037116544483297,HIGH
0,-2.5041803393219997,-1.8075252236641073,-1.3775814558215786,-0.7348524218114117,-0.00018660778564782144,0.07355702199595611,HIGH
0,0.5096735074973162,1.287440387596848,-1.3112652198069041,-0.7109575628897257,-0.00022894034878230757,1.1179006188181495,HIGH
0,0.40419106309850983,0.5769041466486665,1.5496389843043863,-0.7042515651038186,-0.00024918645119018453,1.202067742297364,HIGH
0,0.25512907179618594,0.45967247853067816,0.48049747532218284,1.1590322668307693,7.927166317571017e-05,0.4821493160806651,MEDIUM
0,0.10140586230481424,0.3586565336887087,0.5784974823037848,2.1291723113078804,-0.0002617219361872555,0.611954157953543,HIGH
0,0.4603731774446249,0.7205914534532515,0.6243696718198272,-0.767294405605737,-0.0002424181748514401,0.9883474034573047,MEDIUM
0,0.40024436425580956,0.572526856336471,1.3933870664172383,-0.7635839931687314,-0.00025163004623424026,1.0290200123121578,MEDIUM
0,1.2084475228550857,-1.7731516831336256,-1.3327457163649226,-0.7217310460885883,-0.00021026709044201492,0.8214823046664553,HIGH
0,0.21288619223187025,0.35086743728437086,0.3137635895996931,-0.1623731288841284,0.6255479031961653,-1.2236292708802539,MEDIUM
0,1.1535040844380962,-1.5380209197502552,-1.33275567282068,-0.7802700087093752,-0.00014624017693683255,0.6396124035543362,MEDIUM
0,0.5044306421665412,1.1649026535620162,-0.8595835652078504,-0.7105719216598917,-0.00023465643575371103,1.1288984002616578,HIGH
0,-2.504028364882832,-1.8073608744655945,-1.377360843922495,-0.7876893403561406,-0.002913464367941699,1.6161648752330202,LOW
0,0.2102997615185562,0.4215299745980333,-0.08513733889212871,0.5410344772552034,0.7666394463484557,-1.2039261257452611,HIGH
0,-0.11096941112118437,0.6498940677218723,0.7787695041848587,1.9997209211313003,0.4743602694469259,-1.184675022575929,HIGH
0,0.19934332571664323,0.41157115801151933,0.09400022048780335,0.99370127466606,0.6845955778586009,-1.1869279082105506,HIGH
0,0.21429883979683878,0.42516780497856405,0.26140267954132357,-0.25012024884832745,0.23186511992616546,-1.3318427267933333,MEDIUM
0,0.5090513791536676,1.282885812986311,-1.3108529789405916,-0.7109114536530753,-0.0002296456322068051,1.1192790990058188,HIGH
0,1.1762230041682904,-1.618812954364652,-1.331839964578034,-0.7803584251152691,-0.00014288642893892363,0.6351811307570473,MEDIUM
0,0.4047052449544877,0.5829650663398449,1.658282698281591,-0.7853535234279811,-0.00022100238212272616,0.8420275852678641,LOW
0,0.28308970790822574,0.4796389037813201,0.6682570757537905,-0.7789365879371332,-0.00026450316389083333,0.8044122170859263,LOW
0,0.18067657089198783,0.025287060932940947,0.9510018107469205,1.5468737518813271,0.5703721008972992,-1.197307820936453,HIGH
0,0.509022374971172,1.2756686193672873,-1.2640428351193973,-0.7702397189778974,-0.00019125259382131758,0.9393329550719502,MEDIUM
0,0.14120837002484327,0.28838528683084924,0.6318096295057106,-0.33004894169094345,0.5102495361494452,-1.2948009281139592,LOW
0,1.1668065251335547,-1.5898555135424137,-1.3333840965974235,-0.7216482147598933,-0.00021046198407365693,0.8253924620626248,HIGH
0,0.10140586230480617,0.35865653368869993,0.578497482303779,2.1291723113078804,-0.00026172183292945243,0.611954157953543,HIGH
0,0.4128070029745137,0.564220647979008,0.469785597557396,1.1543492083051838,0.00273977780074208,-0.4872792517492432,MEDIUM
0,0.0409459188800316,0.6068126363989816,0.7378993487615783,2.1272371635801677,0.004672425854151426,-1.0131367029520322,HIGH
0,-2.503106421803016,-1.8073189322742276,-1.3773045433954896,-0.7877649724528678,-0.0028141452116247387,1.7393416305922658,LOW
0,0.40336142661274776,0.581084077526842,1.605853375973606,-0.7852649714635399,-0.00022748699349476676,0.8434510730132806,LOW
0,-2.501838744155981,-1.807293167056133,-1.37726995780733,-0.7878110151143387,-0.002768364948866656,1.802712136440219,LOW
0,0.4030257189877876,0.5459382605862146,0.6909631829199163,2.128627400847835,0.0024240261187156347,-0.37688326509456527,HIGH
0,0.22053307446764467,0.4299645314360957,0.5138151057223004,-0.35352212598725646,0.8854681385949443,-1.2656649763393648,HIGH
0,-2.5038580960826398,-1.8073440475361704,-1.3773382565238974,-0.7877198837001831,-0.0028690889222115655,1.6688098008473609,LOW
0,-2.494069105059421,-1.8075279628724603,-1.3775851327604516,-0.7348100238740892,-0.00021802341663991186,0.0744221121693925,HIGH
0,-2.496652416537409,-1.8075279086660312,-1.3775850599971926,-0.7348124358559097,-0.00021782512080913754,0.07430311979458305,HIGH
0,0.2764220402841325,0.3231505937596445,0.6105737482057164,0.1988531677955968,0.00016841708490504295,0.4345217104511248,LOW
0,-0.02311995124621664,0.6558101311093506,0.4401222192972699,0.9448869585058504,0.4744634329181319,-1.1855355759271107,MEDIUM
0,0.1630038611870235,0.28523745097848,0.6318867457377679,-0.3701436993919164,0.5150126342466346,-1.2928894546321048,LOW
0,0.1935742215289374,0.4064937358935738,0.2081319011198346,1.1599171201837835,0.09061664159463416,-1.261334948363005,HIGH
0,-2.504180339321689,-1.8075252236637693,-1.377581455821125,-0.7348524398310685,-3.936504247666554,0.07355694618645162,MEDIUM
0,0.4205616699407844,0.31979242354102977,0.6298420806708186,0.1912915661966351,0.0036178739299277756,-0.7785650477186852,LOW
0,0.21004211760247699,0.4213011385529698,-0.08418971800685986,0.5545678903706828,0.7644278615819939,-1.2029904186584062,HIGH
0,0.07367905599887418,0.6193268955974789,0.45582878905660185,1.1446936290487504,0.3864056221808789,-1.179926829577155,MEDIUM
0,0.13974848014891736,0.28856348169788526,0.6318032758481631,-0.32729905587087793,0.509876122111097,-1.2943984418257293,LOW
0,0.41380644942259837,0.5632458174668804,0.4700099192535479,1.154395171643172,0.0027072042650715363,-0.47598518653404437,MEDIUM
0,0.1698467999892116,0.6025534708664697,0.4606659013811304,1.1527011507829579,0.003985487859561006,-0.9304792816494452,MEDIUM
0,-2.504178846046264,-1.8075236018629157,-1.3775792788189278,-0.7872403566999489,-0.0049087880471366625,0.5550929133234408,LOW
0,1.2079020147044135,-1.7721617724023309,-1.3301683555061508,-0.7996875862903794,-0.0001039799638581419,0.4416740642387016,LOW
0,1.1497913320400888,-1.5285879789451724,-1.3315080269453337,-0.7995642809563192,-0.00010719191385217327,0.4486646025421011,LOW
0,0.21023060583259298,0.4214713910494386,-0.08395782151514979,0.5449453339814551,0.7663029176964185,-1.2036550839856457,HIGH
0,1.2093091614878564,-1.773141627141192,-1.3315160398822161,-0.7804063409577501,-0.0001435443024333236,0.6327785708435683,MEDIUM
0,-0.014061634642184339,0.6398157504186539,0.43819905429158856,0.9241044856980708,0.47691622577589726,-1.1862200929336768,MEDIUM
0,0.5073875079654214,1.2852821945361914,-1.3075807760998017,-0.7908594405936183,-0.0001673020683372908,0.7526118497939458,LOW
0,1.2087514311202372,-1.774127081524647,-1.3327510201468589,-0.721732191965817,-0.00021022849192268896,0.8214280324808955,HIGH
0,0.17425365946533572,0.13877823271810266,0.8846689247876386,1.6940202116730068,0.07994791412477781,-1.2062690039795623,HIGH
0,1.211066165536378,-1.7732500973213499,-1.3315727087012303,-0.7804175514758175,-0.00014289521489581794,0.6322151787074004,MEDIUM
0,0.21818769322039525,0.3865086104328019,0.63453129911198,-0.6352760619343607,0.5341287177744721,-1.1621909905089693,LOW
0,0.5409426182495962,0.9180738614505064,-1.3198828966052985,-0.7130143732889549,-0.00023227782083063732,1.0580910391364646,HIGH
0,1.2123037732117579,-1.7732946919707142,-1.331632569718955,-0.7804290257918052,-0.00014241679059494875,0.6316393110026197,MEDIUM
0,1.2124474109292143,-1.7733028260789452,-1.3316434884279018,-0.7804310792509337,-0.000142355789544448,0.6315363162196613,MEDIUM
0,0.19771878192641548,0.26413126616644356,0.6319157471509145,-0.41232493013729893,0.6325189420987254,-1.2771205550625733,LOW
0,0.17360084026829295,0.14048128390852282,0.8844022104296144,1.6941968858962957,0.2972647704842996,-1.2035202970808003,HIGH
0,0.187870760668545,0.2733381420138517,0.6319151311654668,-0.4046673113733375,0.5203868479597368,-1.2729228547062925,LOW
0,0.509162286773368,1.2835950427957161,-1.309505622646111,-0.7702494632198491,-0.0001909387365931725,0.9390361956484313,MEDIUM
0,-2.477009245000818,-1.807283379625424,-1.3772568197835644,-0.7761450752120707,-0.0017016263034252703,1.5022804695229235,MEDIUM
0,-2.5041805608740253,-1.8075254642849987,-1.3775817788157418,-0.7348440621067999,-0.0001999931073173759,0.07356666893639818,HIGH
0,0.07462407866646008,0.6190487026248157,0.45593361294257395,1.1458472158747917,0.3243490660273783,-1.1803961121525128,MEDIUM
0,0.4204788812443655,0.31993995575928913,0.6297335046557726,0.19134757833026012,0.003583745646947461,-0.7675705957158067,LOW
0,0.21943446021242136,0.42786471918967384,0.6351604385767456,-0.7509161850721099,0.40616395474366707,0.345310329935839,LOW
0,0.18078809748824667,0.030033791236825844,0.9447031449233181,1.543586299796466,0.5708539852919948,-1.1973689251531234,HIGH
0,1.1376965166809752,-1.4803669051679746,-1.3334179238716062,-0.7801971998967412,-0.0001486902099457852,0.6432397632442103,MEDIUM
0,0.44494056313513186,0.668498076267235,0.8952194139195985,-0.7875299809065931,-0.00023694928849099305,0.813120284794997,LOW
0,0.40457296865709835,0.5782022407698185,1.572847307910639,-0.76391027175794,-0.00023629779049442955,1.0263305275827481,MEDIUM
0,0.4021464105564231,0.5741818756279998,1.4616969384373018,-0.7040887363079862,-0.0002528280999552638,1.2034332892548703,HIGH
0,0.22174676820192993,0.4317641684790315,0.6333948911090058,-0.7527007777173763,0.07578395848456877,0.9713929846942772,MEDIUM
0,-2.5003820404171826,-1.8072710146612685,-1.3772402218430262,-0.7878505984875924,-0.002735317035596371,1.850532316229797,LOW
0,-2.5036501741293504,-1.8075274395653291,-1.3775844303062805,-0.7348226918941789,-0.0002161780463725557,0.07389117933466895,HIGH
0,0.5094481907557765,1.2877292896958634,-1.3111922523895974,-0.710941037756506,-0.00022901129724195356,1.1183950483151472,HIGH
0,0.1392667139812232,0.2885981215586314,0.631802427355246,-0.3267660269928207,0.5097823980874326,-1.2943143578254472,LOW
0,0.3977640759632611,0.5508811457762611,0.4728720592030596,1.1549906445880387,0.0022834751097950546,-0.3331427408417218,MEDIUM
0,0.1738963417704485,0.13988141894488468,0.8844757541609799,1.6941239516204423,0.21839172160080875,-1.2046512806556748,HIGH
0,1.2083895258287105,-1.7728893581814988,-1.332744981912188,-0.7217308965296906,-0.0002102719801198269,0.821489388725907,HIGH
0,1.0874131006329018,-1.309566719868594,-1.3352650941541386,-0.7799544467720475,-0.00015721012429706826,0.6550110546430588,MEDIUM
0,0.3978851223558178,0.5739036537624951,1.378158491821276,-0.7848970698911214,-0.0002520710495642293,0.8471796225812427,LOW
0,0.5740540767956936,0.603321463471453,-1.3249429964172943,-0.7738025447227551,-0.0002052594159955365,0.835978798724714,MEDIUM
0,0.4011133715466542,0.5429722471441008,0.688825768093766,2.1287118882476803,0.002334621335329007,-0.34615226363242446,HIGH
0,0.5073920829371095,1.2853954325978254,-1.3078557056123545,-0.7908597312475766,-0.00016728110007745172,0.752602021031358,LOW
0,0.8538466527002431,-0.6563361714604439,-1.33776474481414,-0.7980943419730152,-0.00017207485506302552,0.520264262081734,LOW
0,0.12897282641682295,0.2888846541190221,0.6318402601217111,-0.3227842168778923,0.5092684261069884,-1.2936321027989297,LOW
0,0.17051188904516731,0.40271052861432116,0.6037547076443925,2.1307136842497565,-0.00021175173575656178,0.6034043466751463,HIGH
0,0.4167710758429392,0.32064551500923444,0.6292343045539588,0.19161510570826076,0.003419922168412183,-0.7152906338398803,LOW
0,1.1117307587438428,-1.389763666719686,-1.3344181791266074,-0.7800739675641412,-0.00015294588775521863,0.6492838652588214,MEDIUM
0,0.13677870753618912,0.2886822168381665,0.6318079105726229,-0.32554597106304306,0.5094627608003771,-1.2941160234112519,LOW
0,-2.5005960914929624,-1.8075277560429162,-1.3775848551256415,-0.7348169659881698,-0.00021727863899693013,0.07410114364480243,HIGH
0,0.21431904368289914,0.42568079126039315,0.26065500193150737,-0.2503768544609959,0.0912666863590396,-1.3337072939138883,MEDIUM
0,0.4188011038950746,0.319551010666315,0.6300171426223982,0.19120090565315717,0.003671815041068025,-0.7963979307113297,LOW
0,0.15197889929746608,0.1740804739970119,0.8812954481772314,1.70367855462669,0.5089183532274284,-1.0767125442714547,HIGH
0,1.2075644326835098,-1.7682014806784456,-1.332736186782142,-0.7217292948904436,-0.0002103189907118407,0.8215652592528814,HIGH
0,0.49459041729225056,1.0317254860154748,-0.40582418770402173,-0.7900877294450335,-0.00019955234512537728,0.7755719741470594,LOW
0,0.39725372768951317,0.5731305475827031,1.3558976100967262,-0.7848570587165891,-0.0002542076763408955,0.8473500988078602,LOW
0,0.5234877199226715,1.098246014793817,-1.3128289700545444,-0.7917969286078844,-0.00017208614093493352,0.7212467330380365,LOW
0,0.1289910626464644,0.2888830285005383,0.6318399611839688,-0.32280609859840304,0.5092654063601878,-1.2936361532118776,LOW
0,-2.5028619485412307,-1.8075275626381095,-1.3775845955113442,-0.7348207088410831,-0.00021661889903020086,0.07395777997472315,HIGH
0,0.4235011823852679,0.6075877232524153,1.3337376520336852,-0.7055855339841913,-0.00024680338853169404,1.1838672943547324,HIGH
0,-2.5040995123161216,-1.807437439920212,-1.3774636205134378,-0.7757043769826922,-0.0019238180248724217,1.1836228196485472,MEDIUM
0,-2.482031664666494,-1.8072995159936343,-1.3772784802167606,-0.7760967258079673,-0.001713716331021698,1.4884191720419127,MEDIUM
0,0.20591295718169697,0.13016543649900805,0.36686188779566375,0.22779388255655023,0.5735144610468512,-1.2028516356341759,MEDIUM
0,-0.0940296561899503,0.6334805115757383,0.7811409471489383,1.9905990783317873,0.47596476172028596,-1.1848229367700385,HIGH
0,0.4494125053436633,0.6755861807350445,0.8427882749994733,-0.7666739613614092,-0.00024174802616821117,0.9936495821587876,MEDIUM
0,0.4599856236524136,0.718738519039502,0.6324557175688029,-0.7672726107572171,-0.00024242901529922595,0.988532786984417,MEDIUM
0,0.1357496706163291,0.38774464854917623,0.4164384302144619,0.6759920797031455,0.5088981608276306,-1.1502867391068476,MEDIUM
0,-2.504180339321689,-1.8075252236637693,-1.377581455821125,-0.7348524513280531,-5.519522683599536,0.0735569717399419,LOW
0,1.1886650195821298,-1.6615356457155461,-1.3328267633488056,-0.7217069975426315,-0.00020964374798750247,0.8226204752635897,HIGH
0,-0.10102827497927802,0.6369203071346081,0.7806354074382492,1.9925058040767478,0.47541875306859777,-1.1847790233770306,HIGH
0,0.4035347228984792,0.5813260955365154,1.613950566156698,-0.7852771132448685,-0.00022651599522445625,0.8432620308380495,LOW
0,0.16478198350899317,0.6034005868376621,0.46046062612303085,1.1526676037193175,0.004019910341865386,-0.9406898333632602,MEDIUM
0,0.20593834741353936,0.13052249464623944,0.36669334877948,0.22648688909015993,0.5733193201528669,-1.202920177490131,MEDIUM
0,0.18226550749911619,0.07109668527581413,0.8963157503575092,1.5062283585261185,0.5795955389663376,-1.1982106841348943,HIGH
0,0.18001943649249974,0.028010088194593125,0.9544328421945827,1.565018477158067,0.5664498225704739,-1.196431709522678,HIGH
0,1.2053251529168116,-1.75650685602698,-1.330143014034496,-0.7996840211345864,-0.00010419647641661688,0.4418769521467562,LOW
0,0.22174651564706813,0.4317639620770749,0.6333945576195221,-0.7526923913126744,0.0767631934849463,0.9714065756229635,MEDIUM
0,0.4836572536723709,0.8797980308798189,0.047686984580421206,-0.7092195324286688,-0.0002487819840847113,1.1529664403092286,HIGH
0,0.4028972444607205,0.55440505246406,0.4720732159622914,1.1548193184249376,0.0024021842433009856,-0.37354159732384806,MEDIUM
0,-2.28381883721046,-1.8065261572450064,-1.3762403726765253,-0.7898953287605569,-0.0022940008388367826,1.9473434338439235,LOW
0,-0.005671659981182737,0.6353760825531537,0.43790456388543403,0.9208691397808159,0.477470354732583,-1.1863636733412515,MEDIUM
0,0.1814890349672622,0.053351070999775624,0.9323413022496728,1.525523214994291,0.5754300264887751,-1.1978125414671357,HIGH
0,0.4574010235402903,0.7062110517968163,0.6845912680290432,-0.7076780564646203,-0.0002512255212126294,1.1645030903981166,HIGH
0,0.12138177613295839,0.2297636513144647,0.8711776169857511,1.7314497705997003,0.5243797231765324,-1.1309630206097512,HIGH
0,-0.022462897843349282,0.6505521504601047,0.43890679307399166,0.931648342621119,0.47602350054409626,-1.1859510773157824,MEDIUM
0,-0.10193368191571203,0.6508830356559293,0.7737137683578403,2.019060343304222,0.47089079541927026,-1.1840910503304032,HIGH
0,0.40278451116231356,0.544458070377287,0.689893716409746,2.128669409238004,0.0023798251735206006,-0.36155532396335494,HIGH
0,0.3954890575161064,0.5668696702115417,1.2391683947329417,-0.763254996228342,-0.0002622719232118184,1.0290357483529253,MEDIUM
0,0.14145507579447678,0.38913989249344944,0.45599701720896985,1.1596796690675655,-0.00025771063345564625,0.6062817160859287,MEDIUM
0,-2.1584388766472538,-1.8062934676845845,-1.3759280250272143,-0.7910792438485319,-0.002132064046158949,1.789934052658772,LOW
0,0.4057415490244532,0.579831958134806,1.6271518811000591,-0.7640022701630876,-0.00023101416283172606,1.0250638235125864,MEDIUM
0,0.5089760729228573,1.2790511077984688,-1.2900628636407723,-0.7109057611311631,-0.00022977579724471015,1.1194489115255468,HIGH
0,0.19216602771053268,0.33990450835396063,0.3435274815077714,1.209222820990594,0.6342734459366017,-1.1331337514553803,HIGH
0,-2.5040995157716717,-1.8074374436733331,-1.3774636255513888,-0.7757043660296613,-0.0019238291726246437,1.1836079214085808,MEDIUM
0,1.150474405492126,-1.529944520491171,-1.3340970234504503,-0.7215709828099127,-0.00021185830315452182,0.8290337874650525,HIGH
0,0.2217461370516557,0.4317636523226971,0.6333930246198803,-0.7526796257369919,0.0783318619199659,0.971427299685027,MEDIUM
0,0.5091730554812793,1.2837756943722003,-1.3095154236160476,-0.7702502328581462,-0.0001908960480821049,0.9390127546186415,MEDIUM
0,0.2226385715677104,0.4316400878474158,0.632498953324865,-0.6926796067109949,-0.00025671804213838297,1.1394646141660754,HIGH
0,0.19282837378656112,0.2925654156684886,0.41046796819063885,0.6102544498620112,0.7030305733632385,-1.189201295313652,MEDIUM
0,0.4029140304923366,0.5446257117830237,0.6900146320437952,2.1286646381305894,0.0023848948612819926,-0.3632912056652976,HIGH
0,0.31198409347051415,0.31621385431340376,0.6322723209252509,0.18994566772467378,0.00753492943678318,-1.0576604798254217,LOW
0,0.18080727900868396,0.031699912226975775,0.9432360503639318,1.5430035823222503,0.5707644811183379,-1.1973747993743562,HIGH
0,0.17336366410744886,0.14092416694570994,0.8843540203701193,1.6942580170624404,0.35540766439190985,-1.2025939988019405,HIGH
0,-2.504180339321689,-1.8075252236637693,-1.377581455821125,-0.7348631964074247,-3.9379859778766355,0.07360141390080878,MEDIUM
0,0.2650163116067571,0.3131642259762083,0.6326826531157864,0.1499563022302603,0.44933790187628986,-1.179566022157707,LOW
0,-0.10197541502837132,0.637618642450623,0.7805733569374188,1.9927474007117771,0.4754417031016699,-1.1847741667373064,HIGH
0,0.4033613867775824,0.575784123847296,1.5128567543850768,-0.7041845646388448,-0.0002507591618239145,1.2027299060031003,HIGH
0,0.19356908990775737,0.4064682470318585,0.20847028921696,1.1599371470267372,0.11022984333526081,-1.2612492997898797,HIGH
0,0.21014172953662824,0.42139136956353795,-0.08322702512967849,0.549507534258439,0.7653287863580932,-1.2033465020623633,HIGH
0,0.22211943691647273,0.4312646709613219,0.6323477134095268,-0.6920997850861444,0.0741452560986376,1.1423666452275325,HIGH
0,0.2221170406071883,0.43126272374333696,0.6323328811485783,-0.6918864604135525,0.08608327534792343,1.1427051538866368,HIGH
0,0.1996028590218177,0.26230065946652964,0.6319154961608586,-0.4136852227916584,0.6928678842967315,-1.2823063542604478,LOW
0,-0.014148971785642343,0.6398871040908499,0.43820241161783025,0.9241395399792669,0.47691715031014054,-1.1862186190474644,MEDIUM
0,0.40494185518680975,0.5832958266465359,1.6591682479979806,-0.7853674685761174,-0.0002208626728276566,0.8417999023401576,LOW
0,1.20935954524487,-1.7732087116765431,-1.3315173892100254,-0.7804066119323249,-0.00014352699591739816,0.6327649426475366,MEDIUM
0,0.2773008565791369,0.3146428134292889,0.6326304691245923,0.1842225310402496,0.22134042693677808,-1.1798092444315917,LOW
0,0.21315441959044737,0.24897242448085352,0.6319154803320223,-0.42277130020976533,0.12400646051269536,-1.3488513343587656,LOW
0,0.2751180763897914,0.31447370720663664,0.6326384318198239,0.1816783869071133,0.32294198297656856,-1.1805373119082558,LOW
0,0.21029975959436045,0.421529973008492,-0.08513742771355477,0.5410345905666784,0.7666394268330827,-1.2039261174838614,HIGH
0,-0.06487702063010707,0.6360939648205972,0.7613648881454836,2.0662323253096693,0.46202545630924263,-1.181132881613645,HIGH
0,-0.10197543103236155,0.6376186551992391,0.7805733558110212,1.9927474050978045,0.475441703612953,-1.1847741666497644,HIGH
0,0.10320736379240278,0.26471276894945095,0.8631449703686133,1.7520678197076496,0.5230147411846368,-1.1633050581619513,HIGH
0,-0.015464852137462372,0.6543365193094102,0.4418002236395391,0.9639677878942844,0.47213334580596805,-1.1847465879211958,MEDIUM
0,0.21360345454829632,0.2510082544206139,0.6321202820132205,-0.4276729276200878,0.290865565285038,-1.3668189808116058,LOW
0,0.2221309725628349,0.4312734354114483,0.6322477696736987,-0.6926467466232732,-0.00025671697475255486,1.13937217359039,HIGH
0,0.21502210594556653,0.2893371100818415,0.6328810226853465,-0.4853706942771711,0.5361351961130653,-1.3714189818172955,LOW
0,1.1705803666704961,-1.602990377770306,-1.3332371787957418,-0.7216630513162068,-0.0002101380742359298,0.8246925440330628,HIGH
0,0.07828403787780877,0.6181834757118735,0.45625631073002076,1.148407623243248,0.19246853350023974,-1.1783309987911337,MEDIUM
0,-2.5041803393217896,-1.807525223663879,-1.3775814558212724,-0.7349768957444538,-3.9512773972659945,0.07496712071878762,MEDIUM
0,-2.504032230361151,-1.8073643670429949,-1.377365532136006,-0.7876829360418599,-0.0029236100753731995,1.6046273503319997,LOW
0,1.2117653215103417,-1.7733843155050302,-1.331752874644607,-0.7804508636094786,-0.0001421728042827814,0.6305443897075617,MEDIUM
0,-0.016018287626974628,0.6417538456877016,0.438292035297777,0.9250797949978006,0.4769081356469849,-1.186179703074672,MEDIUM
0,0.10007561727808804,0.36169144708409895,0.44257486039363436,1.1595529556700575,-0.0002641720481157114,0.6003515158158783,MEDIUM
0,1.2081952460658911,-1.7674471731886712,-1.3315026723765788,-0.7804039800418068,-0.00014368190831002032,0.6328973297510345,MEDIUM
0,0.18933179954692944,0.2721116007969029,0.6319154346092829,-0.40599729201043044,0.5407081988288929,-1.271917991843077,LOW
0,0.43515941210519654,0.6335563478961179,1.1127048076220134,-0.7658460194546582,-0.00023854350374664205,1.0014853441631917,MEDIUM
0,0.206900303579116,0.15988530586730978,0.3605849508993701,0.17823257391323521,0.5798659267634579,-1.2055666534166736,MEDIUM
0,0.5090668931618654,1.2787190445378724,-1.2827234796112963,-0.7702426750196416,-0.00019122545944485472,0.9392429301940859,MEDIUM
0,1.2120158021156573,-1.7742352599101074,-1.3328951282297625,-0.7217627159430489,-0.00020948669722573035,0.819984514914525,HIGH
0,0.1742547115499451,0.13875267072768874,0.884675666604215,1.6940182164243542,0.07748882179939989,-1.2062999946903286,HIGH
0,0.3895621995900102,0.5597160325240106,1.0924883890345123,-0.7032144765414756,-0.0002628179671938634,1.1991403834389434,HIGH
0,0.14964290450416182,0.28732212523989165,0.6318438829964419,-0.3458298324418571,0.5122939609363726,-1.295959129196555,LOW
0,1.199131430279923,-1.712703825203521,-1.3301338442566841,-0.7996789970958575,-0.00010394876587501525,0.44216281286282316,LOW
0,-0.014823006279307074,0.6541171286002693,0.44191617647396586,0.9653184867303789,0.4719662520384012,-1.1846821884203949,MEDIUM
0,0.2217591052624982,0.4317735952951891,0.6332770287268171,-0.7529520387986628,0.0002706405822971627,0.9705957459184209,MEDIUM
0,0.1388863709639315,0.19705870776807205,0.8779399243839013,1.713063701907553,0.5248625296686863,-1.0932773575840735,HIGH
0,0.12875870638472325,0.2889478445881616,0.6318525527194165,-0.3219402277800855,0.5093401283334271,-1.2934736387354964,LOW
0,0.5075150794651347,1.2873474829494318,-1.308036179953833,-0.7908675157491492,-0.00016675298007908903,0.75233883627743,LOW
0,1.2042728948006773,-1.7395034773949167,-1.331480011313927,-0.780399636329829,-0.00014373019279613047,0.6331158748097628,MEDIUM
0,1.1988978230610259,-1.707999177216169,-1.3327198254815626,-0.7217197107347777,-0.00021017769812843652,0.822019293822609,HIGH
0,0.08519123552634468,0.598854711713637,0.7314572280811626,2.127395666790246,0.00393720317773946,-0.9216631054921107,HIGH
0,0.22263856016319236,0.43164007960950135,0.6324989476807462,-0.6926796059727345,-0.00025671808085679003,1.1394646120894627,HIGH
0,1.175080359226363,-1.617965153006718,-1.3330898721512603,-0.7216779352826075,-0.00020981248084686268,0.8239908626909853,HIGH
0,0.4066695988802645,0.5811338072016837,1.6575730833516265,-0.7640686004942246,-0.00022780147554633744,1.0240757663155438,MEDIUM
0,0.5093318337351218,1.2868116031193622,-1.3111526943601635,-0.7109324420686384,-0.00022913733926086197,1.1186521326946741,HIGH
0,0.5082110984727262,1.2437344462217124,-1.1537383557483611,-0.7108499165018523,-0.00023066503795065096,1.1211101335466285,HIGH
0,0.22175839011386622,0.4309690565017847,0.6067400890452503,-0.5456557521858801,0.8777702600590442,-1.0692234254260844,HIGH
0,1.2112787172847264,-1.7723242974961353,-1.3303299739665309,-0.7997136556696307,-0.00010259967578940816,0.4401941877325637,LOW
0,0.18010082097262087,0.02666963509818175,0.9551907995056035,1.56287425711235,0.5669430225127658,-1.1965859626177062,HIGH
0,0.1289714481711597,0.28888478858972916,0.6318402848610544,-0.32278240689019105,0.509268683124776,-1.293631767547997,LOW
0,0.4068161494503808,0.3221197479869244,0.6281966148037845,0.1921923512773822,0.0030754743376247605,-0.6041884808653506,LOW
0,0.33581027562983234,0.5096905673658427,0.4800265757547387,1.157008213579059,0.0010589981849356885,0.10221769520709231,MEDIUM
0,0.2102997636580757,0.42152997636545536,-0.08513724012107954,0.5410343512638947,0.7666394681926642,-1.2039261340608567,HIGH
0,0.2201156179396177,0.43407445034062303,0.63548562872961,-0.7756178714533776,-0.00026294351297842365,0.7930523637353646,LOW
0,-1.9276585352530846,-1.8059333368493913,-1.3754446083255236,-0.7934844313799143,-0.0018173685014087324,1.4812020870234566,LOW
0,0.3633657258706162,0.5402883258151293,0.816421101877893,-0.7830456936627481,-0.00028029759078811444,0.8315691074852086,LOW
0,0.19534992634657675,0.28792735752830034,0.41027139216180053,0.6090317828827535,0.07597809731596909,-1.2007862733260346,MEDIUM
0,0.496560449185318,1.0327703006726965,-0.4164126854492463,-0.7693973947061425,-0.00021632919767475766,0.9614388072105885,MEDIUM
0,-2.5041803393298157,-1.8075252236725956,-1.3775814558329729,-0.7348523822884075,-0.0001854641092583737,0.07355703487075428,HIGH
0,-0.018486902169460046,0.6179155418024044,0.7468196395740735,2.123630317870349,0.251911806475633,-1.1801902581923536,HIGH
0,0.2146441325723151,0.42594331285415066,0.2619569861089622,-0.25453577769490315,0.26413838092336944,-1.3233682903330874,MEDIUM
0,-1.9357761536849931,-1.808368093837862,-1.3787128710727368,-0.7343547270888068,-0.0002066804468328407,0.10925238231678792,HIGH
0,1.1966558051778393,-1.6976444416292396,-1.33014636994204,-0.7996770001616595,-0.00010371520911763572,0.4422763096855023,LOW
0,0.1953500959843157,0.28792289939926113,0.41027099263153477,0.6090311840123981,0.07562506922634553,-1.2007924058206032,MEDIUM
0,0.18087552700237114,0.038801385440657164,0.939615529043792,1.5409548627498009,0.5716980300744082,-1.1974069771092364,HIGH
0,0.13107763934039715,0.39629712124636135,0.4171989146762742,0.6839147637043557,0.5085554959183467,-1.1588209008421548,MEDIUM
0,0.659657522136757,0.013757466214637235,-1.3355353933586196,-0.7173406370213434,-0.000241188648045146,0.9487989212997128,HIGH
0,0.5091604137349045,1.2835625130518682,-1.3094762482264413,-0.7702493292990458,-0.0001909462028798655,0.9390402744590349,MEDIUM
0,0.37372685578764886,0.5447653724815449,0.8745406936828892,-0.7022391005585504,-0.0002631534755797215,1.1856130594899001,HIGH
0,0.40557400446260805,0.584167411794321,1.6472675738711542,-0.785404487706176,-0.00022121159327127265,0.8411898766789843,LOW
0,1.207808738073079,-1.7649297455908428,-1.3314991247730268,-0.7804034373861921,-0.00014370593173669926,0.6329246309087923,MEDIUM
0,0.3754579553676879,0.5462941009848316,0.8907592803191168,-0.7023439945745483,-0.0002633316950803265,1.187049126033225,HIGH
0,0.2226247730708149,0.4316301206734483,0.6324921244373504,-0.6926787134837542,-0.0002567182639961074,1.1394621015594568,HIGH
0,0.5091468136799864,1.2844410742804935,-1.3110853555520896,-0.7109186418312652,-0.00022944670555919924,1.1190645224649995,HIGH
0,-2.504179932001046,-1.8075247812852535,-1.377580862000374,-0.7814868326670489,-2.9985937341272413,0.5884254899124538,LOW
0,0.4059638520661981,0.5793667726552819,1.6315688852390873,-0.7043975531534545,-0.0002453219445230447,1.2001755178633793,HIGH
0,0.4173447153935018,0.3205549356882897,0.6292960322560525,0.1915808849347213,0.0034407657208293313,-0.7219544069122759,LOW
0,-0.09497825077424904,0.6337454019396066,0.781019506573086,1.9910358878782428,0.47578829433179254,-1.1848116554170285,HIGH
0,1.208312381029789,-1.772519367079673,-1.3327440453768398,-0.7217307101178836,-0.00021027798980082226,0.8214982185306535,HIGH
0,-0.08915561029705439,0.6327049093558889,0.7829877553593839,1.9841358960725342,0.4771339746274205,-1.1850058703833655,HIGH
0,0.4670449766479061,0.7556819704518305,0.4795079260503997,-0.7676689631898349,-0.00024179005133655794,0.9851047169015347,MEDIUM
0,0.21422706718488724,0.41807455132719923,0.2699213794060849,-0.2459097008586679,0.9109575282554567,-1.299754332550959,MEDIUM
0,1.2089652794420156,-1.7722280464426297,-1.3302007726811285,-0.7996930091872572,-0.00010356001126957173,0.44136570838046363,LOW
0,0.5090203634847014,1.2817053055626628,-1.3058832525964483,-0.7109090955161206,-0.00022971050508751602,1.1193494537594617,HIGH
0,0.19244043904708757,0.3489951924970602,0.3246735375446621,1.1992061861225247,0.6361054395960256,-1.1314210478092335,HIGH
0,0.4203929453467549,0.31972984971184937,0.6298877470717728,0.19126795130019172,0.003632123895966084,-0.783205325639603,LOW
0,1.2087566811793056,-1.7741280159247697,-1.3327511707326483,-0.721732225123714,-0.00021022736318837372,0.8214264621249905,HIGH
0,-2.5037989253983532,-1.8073411669369235,-1.3773343897908918,-0.787725075366127,-0.00286214080595391,1.6773663326340795,LOW
0,0.40960733719807874,0.5650869992754812,0.4695839590591292,1.154308463757345,0.0027674769529103657,-0.4973298514324509,MEDIUM
0,-0.09391383866131432,0.633469352150942,0.7811668991858332,1.9905075196544755,0.47598879007918354,-1.1848254236872702,HIGH
0,-2.5040318157031556,-1.8073639164454371,-1.3773649272825366,-0.7876837634788144,-0.0029222594179888527,1.6061276906777224,LOW
0,0.4136459157172106,0.5625348217479439,0.47017282458463655,1.154428780018509,0.002682853038407525,-0.46775149171017594,MEDIUM
0,0.1808086188124341,0.03183970426039286,0.9431331493001585,1.5429626235087974,0.5707647722358571,-1.1973751695701582,HIGH
0,0.507550015946977,1.2265182879036227,-1.086623562336037,-0.7701370612555581,-0.00019490129024319337,0.9424350062557145,MEDIUM
0,1.1619694783089332,-1.5692821811015925,-1.3323831223366553,-0.7803075610202795,-0.0001449294201804908,0.6377305575181682,MEDIUM
0,0.19423298396037703,0.4070644793590634,0.1784480626483122,1.1524003697855218,0.614044115859427,-1.1921765695566062,HIGH
0,0.4125758946979511,0.5643245091449623,0.46976160290156566,1.1543443196815564,0.002743165896077792,-0.48848303933144965,MEDIUM
0,0.3506242128357915,0.5257600847779795,0.7486536352751136,-0.700831393098624,-0.0002602321903523354,1.1704016195243347,HIGH
0,0.2940389706710537,0.32584975016706624,0.6137808627239335,0.19814940995754807,0.0003806132428494477,0.35067594734561186,LOW
0,0.40640316343432986,0.579983741038964,1.6486387534014169,-0.7044313672506535,-0.0002443697033214325,1.1996759099039962,HIGH
0,-0.009514278690750326,0.6369672528291782,0.4380550572822133,0.9225954218805363,0.4769960507645407,-1.1862849021504849,MEDIUM
0,-2.504032231426811,-1.8073643682003848,-1.3773655336896125,-0.7876829339161148,-0.0029236242778757603,1.6046234921991336,LOW
0,0.5070316995611589,1.2155750127618925,-1.0445455180039915,-0.7701005127580621,-0.00019598645213920348,0.9435178437541776,MEDIUM
0,0.22175904896965387,0.4317735546517369,0.6332770158754052,-0.7529520125132038,0.0009524833217225878,0.9705965822819153,MEDIUM
0,0.5091585742249904,1.2835283695666384,-1.3094228430599268,-0.7702491978034639,-0.00019095353076299535,0.9390442793919039,MEDIUM
0,0.38858309213096465,0.5346418850511131,0.6829313950189904,2.1289543505081174,0.002082756998956454,-0.26002237245979265,HIGH
0,0.5093568883177099,1.2864929109860683,-1.309585036397645,-0.7702632761142142,-0.0001902551735452517,0.9386154524837348,MEDIUM
0,0.19535382968732357,0.2877891850175695,0.41025893270025077,0.6090130110308252,0.07623719462996961,-1.2009564851951813,MEDIUM
0,0.19799717130339636,0.4191594435900286,0.6127234021316725,2.131048926908456,-0.00013807706484080063,0.5757969733465692,HIGH
0,0.5119685222386261,1.2575633643412385,-1.3119896337383894,-0.7111251641382921,-0.00022921606827225801,1.1128864090529582,HIGH
0,0.18089401842875022,0.03960724531822438,0.9395431135065727,1.5404666433718328,0.5718860740936178,-1.1974209955348938,HIGH
0,0.3314107269451835,0.31686862208475036,0.6318888144288332,0.1902394716324661,0.004550887706726603,-0.9968588277361927,LOW
0,0.40407175636699816,0.5820788643656107,1.6380385234633377,-0.7853138864590082,-0.00022353755211585818,0.8426740465957222,LOW
0,0.5073881478627158,1.285299809506083,-1.3076281188330638,-0.7908594812633726,-0.00016729913890652768,0.7526104744964552,LOW
0,0.6836550837373444,-0.10019836431922885,-1.3341854026303548,-0.7964979687701585,-0.00019774739742330397,0.5750728685264027,LOW
0,0.5071858969614994,1.2728899464805639,-1.2380766853062009,-0.7908473030075364,-0.000167624716512637,0.7530223203381169,LOW
0,0.39335431624659334,0.5644890169594788,1.1821242150240692,-0.7631151257867609,-0.0002654905294590096,1.0283808613216823,MEDIUM
0,0.2142298081600998,0.4183890875574607,0.26958101750457397,-0.24613641080861984,0.9122295543423958,-1.301280671106821,MEDIUM
0,-0.10435719238565336,0.6516822276921586,0.7745661605676174,2.0158205528763284,0.47148451467729396,-1.1842443886875156,HIGH
0,-0.0056248516689944485,0.6353688063738626,0.43790096207817747,0.9208227555195868,0.47748013971846154,-1.1863658829516521,MEDIUM
0,-0.1019755058719864,0.6376187148162279,0.7805733505435974,1.9927474256083995,0.4754417060038965,-1.1847741662403852,HIGH
0,0.6157205105407833,0.26355896944234797,-1.3292633934325746,-0.7952582718863399,-0.00019580779329167827,0.6119380199637738,LOW
0,0.5091617108406553,1.2835851928942545,-1.3094992824359455,-0.7702494220404361,-0.00019094103208389983,0.939037449846539,MEDIUM
0,-2.5029835245232674,-1.8074094386884905,-1.3774260334429647,-0.775784161433943,-0.001851049025992791,1.2814631010216844,MEDIUM
0,0.4011436198902656,0.5780663198356377,1.5058853880128873,-0.785111321581486,-0.00023886415365460446,0.8454998221306799,LOW
0,-2.5036266693410405,-1.8075274442537845,-1.3775844365997645,-0.7348226188644645,-0.0002161955093649516,0.07389351305425947,HIGH
0,1.202833379237731,-1.7383495671250728,-1.330132051436562,-0.7996818977492173,-0.00010417474175723663,0.4419978052279076,LOW
0,0.507667089500589,1.2306624659261258,-1.1062152528900469,-0.7108098106786704,-0.00023138136638360421,1.1222895223755605,HIGH
0,0.2221309689854361,0.4312734328274314,0.6322477679425222,-0.692646746381478,-0.00025415142416541323,1.13937217921917,HIGH
0,0.577128526866485,0.5736427522008136,-1.3269543352305173,-0.7148384411263836,-0.0002353392564572298,1.0083975810364514,HIGH
0,0.13940943611851656,0.2885902633743947,0.6318024989649004,-0.32688577651337825,0.5098076634172269,-1.2943333784056512,LOW
0,1.129988109020175,-1.4569623003697822,-1.3323234239633035,-0.7994869172351791,-0.00011059176203913261,0.4530202515515552,LOW
0,-2.5040911657809137,-1.8074340304282381,-1.377459043828513,-0.7757142883441241,-0.0019131796626592158,1.1969394370569022,MEDIUM
0,0.0011090619496177579,0.6335403720180991,0.4369502119986465,0.9083884902500269,0.47926901591810545,-1.1870011845534485,MEDIUM
